"﻿""queue_index""",slide_id,slide_filename,label,split,experiment,purpose,wsi_path,annotation_path,used_for_hard_mining,hard_mining_role,status,attempts,created_at,started_at,finished_at,seconds,n_patches,output_csv,notes
1,normal_024,normal_024.tif,normal,train,iter7,iter8_hard_negative_stratified40_screen,E:\camelyon16_project\data\wsi\normal_024.tif,,no,,done,1,2026-08-06T06:57:04,2026-08-06T06:58:16,2026-08-06T07:22:34,1458.3,75665,data\inference_iter7_iter8_hn_train_stratified40\normal_024_probs.csv,
2,normal_030,normal_030.tif,normal,train,iter7,iter8_hard_negative_stratified40_screen,E:\camelyon16_project\data\wsi\normal_030.tif,,no,,done,1,2026-08-06T06:57:04,2026-08-06T07:30:18,2026-08-06T07:37:58,459.8,24391,data\inference_iter7_iter8_hn_train_stratified40\normal_030_probs.csv,
3,normal_033,normal_033.tif,normal,train,iter7,iter8_hard_negative_stratified40_screen,E:\camelyon16_project\data\wsi\normal_033.tif,,no,,done,1,2026-08-06T06:57:04,2026-08-06T07:45:52,2026-08-06T08:18:13,1941.2,103385,data\inference_iter7_iter8_hn_train_stratified40\normal_033_probs.csv,
4,normal_036,normal_036.tif,normal,train,iter7,iter8_hard_negative_stratified40_screen,E:\camelyon16_project\data\wsi\normal_036.tif,,no,,done,1,2026-08-06T06:57:04,2026-08-06T08:32:15,2026-08-06T09:00:34,1698.6,90114,data\inference_iter7_iter8_hn_train_stratified40\normal_036_probs.csv,
5,normal_038,normal_038.tif,normal,train,iter7,iter8_hard_negative_stratified40_screen,E:\camelyon16_project\data\wsi\normal_038.tif,,no,,done,1,2026-08-06T06:57:04,2026-08-06T09:03:13,2026-08-06T09:06:40,207.2,10892,data\inference_iter7_iter8_hn_train_stratified40\normal_038_probs.csv,
6,normal_042,normal_042.tif,normal,train,iter7,iter8_hard_negative_stratified40_screen,E:\camelyon16_project\data\wsi\normal_042.tif,,no,,done,1,2026-08-06T06:57:04,2026-08-06T09:18:43,2026-08-06T09:19:36,53.1,2519,data\inference_iter7_iter8_hn_train_stratified40\normal_042_probs.csv,
7,normal_045,normal_045.tif,normal,train,iter7,iter8_hard_negative_stratified40_screen,E:\camelyon16_project\data\wsi\normal_045.tif,,no,,done,1,2026-08-06T06:57:04,2026-08-06T09:34:16,2026-08-06T10:40:20,3964.3,215376,data\inference_iter7_iter8_hn_train_stratified40\normal_045_probs.csv,
8,normal_048,normal_048.tif,normal,train,iter7,iter8_hard_negative_stratified40_screen,E:\camelyon16_project\data\wsi\normal_048.tif,,no,,done,1,2026-08-06T06:57:04,2026-08-06T10:51:48,2026-08-06T11:04:29,761.0,40267,data\inference_iter7_iter8_hn_train_stratified40\normal_048_probs.csv,
9,normal_052,normal_052.tif,normal,train,iter7,iter8_hard_negative_stratified40_screen,E:\camelyon16_project\data\wsi\normal_052.tif,,no,,done,1,2026-08-06T06:57:04,2026-08-06T11:07:23,2026-08-06T12:02:25,3301.9,176017,data\inference_iter7_iter8_hn_train_stratified40\normal_052_probs.csv,
10,normal_055,normal_055.tif,normal,train,iter7,iter8_hard_negative_stratified40_screen,E:\camelyon16_project\data\wsi\normal_055.tif,,no,,done,1,2026-08-06T06:57:04,2026-08-06T12:09:20,2026-08-06T12:31:41,1341.7,71302,data\inference_iter7_iter8_hn_train_stratified40\normal_055_probs.csv,
11,normal_058,normal_058.tif,normal,train,iter7,iter8_hard_negative_stratified40_screen,E:\camelyon16_project\data\wsi\normal_058.tif,,no,,done,1,2026-08-06T06:57:04,2026-08-06T12:40:14,2026-08-06T18:38:03,21469.2,88998,data\inference_iter7_iter8_hn_train_stratified40\normal_058_probs.csv,
12,normal_060,normal_060.tif,normal,train,iter7,iter8_hard_negative_stratified40_screen,E:\camelyon16_project\data\wsi\normal_060.tif,,no,,done,1,2026-08-06T06:57:04,2026-08-06T18:42:15,2026-08-06T18:51:23,548.1,20824,data\inference_iter7_iter8_hn_train_stratified40\normal_060_probs.csv,
13,normal_065,normal_065.tif,normal,train,iter7,iter8_hard_negative_stratified40_screen,E:\camelyon16_project\data\wsi\normal_065.tif,,no,,done,2,2026-08-06T06:57:04,2026-08-06T20:39:23,2026-08-06T20:52:49,805.8,73791,E:\camelyon16_project\data\inference_iter7_iter8_hn_train_stratified40\normal_065_probs.csv,
14,normal_067,normal_067.tif,normal,train,iter7,iter8_hard_negative_stratified40_screen,E:\camelyon16_project\data\wsi\normal_067.tif,,no,,done,1,2026-08-06T06:57:04,2026-08-06T20:53:28,2026-08-06T21:24:36,1867.7,79051,E:\camelyon16_project\data\inference_iter7_iter8_hn_train_stratified40\normal_067_probs.csv,
15,normal_070,normal_070.tif,normal,train,iter7,iter8_hard_negative_stratified40_screen,E:\camelyon16_project\data\wsi\normal_070.tif,,no,,done,1,2026-08-06T06:57:04,2026-08-06T21:39:53,2026-08-06T23:10:47,5454.8,248927,E:\camelyon16_project\data\inference_iter7_iter8_hn_train_stratified40\normal_070_probs.csv,
16,normal_073,normal_073.tif,normal,train,iter7,iter8_hard_negative_stratified40_screen,E:\camelyon16_project\data\wsi\normal_073.tif,,no,,done,1,2026-08-06T06:57:04,2026-08-06T23:11:59,2026-08-06T23:44:47,1967.6,104794,E:\camelyon16_project\data\inference_iter7_iter8_hn_train_stratified40\normal_073_probs.csv,
17,normal_077,normal_077.tif,normal,train,iter7,iter8_hard_negative_stratified40_screen,E:\camelyon16_project\data\wsi\normal_077.tif,,no,,done,1,2026-08-06T06:57:04,2026-08-06T23:57:56,2026-08-07T00:17:08,1152.2,61087,E:\camelyon16_project\data\inference_iter7_iter8_hn_train_stratified40\normal_077_probs.csv,
18,normal_080,normal_080.tif,normal,train,iter7,iter8_hard_negative_stratified40_screen,E:\camelyon16_project\data\wsi\normal_080.tif,,no,,done,1,2026-08-06T06:57:04,2026-08-07T00:28:48,2026-08-07T01:22:03,3194.7,169044,E:\camelyon16_project\data\inference_iter7_iter8_hn_train_stratified40\normal_080_probs.csv,
19,normal_083,normal_083.tif,normal,train,iter7,iter8_hard_negative_stratified40_screen,E:\camelyon16_project\data\wsi\normal_083.tif,,no,,done,1,2026-08-06T06:57:04,2026-08-07T01:30:23,2026-08-07T01:40:42,618.7,32964,E:\camelyon16_project\data\inference_iter7_iter8_hn_train_stratified40\normal_083_probs.csv,
20,normal_087,normal_087.tif,normal,train,iter7,iter8_hard_negative_stratified40_screen,E:\camelyon16_project\data\wsi\normal_087.tif,,no,,done,1,2026-08-06T06:57:04,2026-08-07T01:45:51,2026-08-07T02:34:10,2899.1,156413,E:\camelyon16_project\data\inference_iter7_iter8_hn_train_stratified40\normal_087_probs.csv,
21,normal_089,normal_089.tif,normal,train,iter7,iter8_hard_negative_stratified40_screen,E:\camelyon16_project\data\wsi\normal_089.tif,,no,,done,1,2026-08-06T06:57:04,2026-08-07T02:47:20,2026-08-07T03:36:32,2951.5,163539,E:\camelyon16_project\data\inference_iter7_iter8_hn_train_stratified40\normal_089_probs.csv,
22,normal_092,normal_092.tif,normal,train,iter7,iter8_hard_negative_stratified40_screen,E:\camelyon16_project\data\wsi\normal_092.tif,,no,,done,1,2026-08-06T06:57:04,2026-08-07T03:49:20,2026-08-07T04:03:08,828.3,45799,E:\camelyon16_project\data\inference_iter7_iter8_hn_train_stratified40\normal_092_probs.csv,
23,normal_096,normal_096.tif,normal,train,iter7,iter8_hard_negative_stratified40_screen,E:\camelyon16_project\data\wsi\normal_096.tif,,no,,done,1,2026-08-06T06:57:04,2026-08-07T04:04:49,2026-08-07T04:30:11,1522.0,84045,E:\camelyon16_project\data\inference_iter7_iter8_hn_train_stratified40\normal_096_probs.csv,
24,normal_103,normal_103.tif,normal,train,iter7,iter8_hard_negative_stratified40_screen,E:\camelyon16_project\data\wsi\normal_103.tif,,no,,done,1,2026-08-06T06:57:04,2026-08-07T04:35:22,2026-08-07T04:56:00,1238.2,68709,E:\camelyon16_project\data\inference_iter7_iter8_hn_train_stratified40\normal_103_probs.csv,
25,normal_106,normal_106.tif,normal,train,iter7,iter8_hard_negative_stratified40_screen,E:\camelyon16_project\data\wsi\normal_106.tif,,no,,done,1,2026-08-06T06:57:04,2026-08-07T05:06:22,2026-08-07T05:41:36,2113.4,117187,E:\camelyon16_project\data\inference_iter7_iter8_hn_train_stratified40\normal_106_probs.csv,
26,normal_108,normal_108.tif,normal,train,iter7,iter8_hard_negative_stratified40_screen,E:\camelyon16_project\data\wsi\normal_108.tif,,no,,done,1,2026-08-06T06:57:04,2026-08-07T05:52:51,2026-08-07T05:59:13,381.5,21158,E:\camelyon16_project\data\inference_iter7_iter8_hn_train_stratified40\normal_108_probs.csv,
27,normal_111,normal_111.tif,normal,train,iter7,iter8_hard_negative_stratified40_screen,E:\camelyon16_project\data\wsi\normal_111.tif,,no,,done,1,2026-08-06T06:57:04,2026-08-07T06:08:19,2026-08-07T06:57:20,2940.3,163712,E:\camelyon16_project\data\inference_iter7_iter8_hn_train_stratified40\normal_111_probs.csv,
28,normal_114,normal_114.tif,normal,train,iter7,iter8_hard_negative_stratified40_screen,E:\camelyon16_project\data\wsi\normal_114.tif,,no,,done,1,2026-08-06T06:57:04,2026-08-07T07:10:38,2026-08-07T08:37:55,5236.5,276302,E:\camelyon16_project\data\inference_iter7_iter8_hn_train_stratified40\normal_114_probs.csv,
29,normal_117,normal_117.tif,normal,train,iter7,iter8_hard_negative_stratified40_screen,E:\camelyon16_project\data\wsi\normal_117.tif,,no,,done,1,2026-08-06T06:57:04,2026-08-07T08:43:25,2026-08-07T09:08:11,1486.3,78914,E:\camelyon16_project\data\inference_iter7_iter8_hn_train_stratified40\normal_117_probs.csv,
30,normal_119,normal_119.tif,normal,train,iter7,iter8_hard_negative_stratified40_screen,E:\camelyon16_project\data\wsi\normal_119.tif,,no,,done,1,2026-08-06T06:57:04,2026-08-07T09:14:23,2026-08-07T09:45:54,1890.7,99827,E:\camelyon16_project\data\inference_iter7_iter8_hn_train_stratified40\normal_119_probs.csv,
31,normal_123,normal_123.tif,normal,train,iter7,iter8_hard_negative_stratified40_screen,E:\camelyon16_project\data\wsi\normal_123.tif,,no,,done,1,2026-08-06T06:57:04,2026-08-07T10:01:01,2026-08-07T10:18:31,1050.1,55441,E:\camelyon16_project\data\inference_iter7_iter8_hn_train_stratified40\normal_123_probs.csv,
32,normal_126,normal_126.tif,normal,train,iter7,iter8_hard_negative_stratified40_screen,E:\camelyon16_project\data\wsi\normal_126.tif,,no,,done,1,2026-08-06T06:57:04,2026-08-07T10:31:51,2026-08-07T11:26:58,3307.3,182921,E:\camelyon16_project\data\inference_iter7_iter8_hn_train_stratified40\normal_126_probs.csv,
33,normal_129,normal_129.tif,normal,train,iter7,iter8_hard_negative_stratified40_screen,E:\camelyon16_project\data\wsi\normal_129.tif,,no,,done,1,2026-08-06T06:57:04,2026-08-07T11:33:57,2026-08-07T12:25:59,3122.5,173111,E:\camelyon16_project\data\inference_iter7_iter8_hn_train_stratified40\normal_129_probs.csv,
34,normal_133,normal_133.tif,normal,train,iter7,iter8_hard_negative_stratified40_screen,E:\camelyon16_project\data\wsi\normal_133.tif,,no,,done,1,2026-08-06T06:57:04,2026-08-07T12:35:52,2026-08-07T13:00:11,1458.9,80776,E:\camelyon16_project\data\inference_iter7_iter8_hn_train_stratified40\normal_133_probs.csv,
35,normal_135,normal_135.tif,normal,train,iter7,iter8_hard_negative_stratified40_screen,E:\camelyon16_project\data\wsi\normal_135.tif,,no,,done,1,2026-08-06T06:57:04,2026-08-07T13:06:22,2026-08-07T13:46:06,2384.5,131870,E:\camelyon16_project\data\inference_iter7_iter8_hn_train_stratified40\normal_135_probs.csv,
36,normal_143,normal_143.tif,normal,train,iter7,iter8_hard_negative_stratified40_screen,E:\camelyon16_project\data\wsi\normal_143.tif,,no,,done,1,2026-08-06T06:57:04,2026-08-07T13:52:27,2026-08-07T14:34:16,2509.0,139154,E:\camelyon16_project\data\inference_iter7_iter8_hn_train_stratified40\normal_143_probs.csv,
37,normal_146,normal_146.tif,normal,train,iter7,iter8_hard_negative_stratified40_screen,E:\camelyon16_project\data\wsi\normal_146.tif,,no,,done,1,2026-08-06T06:57:04,2026-08-07T14:37:30,2026-08-07T15:10:00,1950.1,107326,E:\camelyon16_project\data\inference_iter7_iter8_hn_train_stratified40\normal_146_probs.csv,
38,normal_150,normal_150.tif,normal,train,iter7,iter8_hard_negative_stratified40_screen,E:\camelyon16_project\data\wsi\normal_150.tif,,no,,done,1,2026-08-06T06:57:04,2026-08-07T15:22:54,2026-08-07T15:40:09,1035.2,56726,E:\camelyon16_project\data\inference_iter7_iter8_hn_train_stratified40\normal_150_probs.csv,
39,normal_152,normal_152.tif,normal,train,iter7,iter8_hard_negative_stratified40_screen,E:\camelyon16_project\data\wsi\normal_152.tif,,no,,done,1,2026-08-06T06:57:04,2026-08-07T15:53:30,2026-08-07T16:13:02,1171.7,65063,E:\camelyon16_project\data\inference_iter7_iter8_hn_train_stratified40\normal_152_probs.csv,
40,normal_156,normal_156.tif,normal,train,iter7,iter8_hard_negative_stratified40_screen,E:\camelyon16_project\data\wsi\normal_156.tif,,no,,done,1,2026-08-06T06:57:04,2026-08-07T16:23:56,2026-08-07T16:52:41,1725.3,95871,E:\camelyon16_project\data\inference_iter7_iter8_hn_train_stratified40\normal_156_probs.csv,
