queue_index,slide_id,slide_filename,label,split,experiment,purpose,wsi_path,annotation_path,used_for_hard_mining,hard_mining_role,status,attempts,created_at,started_at,finished_at,seconds,n_patches,output_csv,notes
1,normal_013,normal_013.tif,normal,train,iter7,iter8_hard_negative_stratified_screen,E:\camelyon16_project\data\wsi\normal_013.tif,,no,,pending,0,2026-08-06T06:57:04,,,,,,
2,normal_014,normal_014.tif,normal,train,iter7,iter8_hard_negative_stratified_screen,E:\camelyon16_project\data\wsi\normal_014.tif,,no,,pending,0,2026-08-06T06:57:04,,,,,,
3,normal_015,normal_015.tif,normal,train,iter7,iter8_hard_negative_stratified_screen,E:\camelyon16_project\data\wsi\normal_015.tif,,no,,pending,0,2026-08-06T06:57:04,,,,,,
4,normal_016,normal_016.tif,normal,train,iter7,iter8_hard_negative_stratified_screen,E:\camelyon16_project\data\wsi\normal_016.tif,,no,,pending,0,2026-08-06T06:57:04,,,,,,
5,normal_017,normal_017.tif,normal,train,iter7,iter8_hard_negative_stratified_screen,E:\camelyon16_project\data\wsi\normal_017.tif,,no,,pending,0,2026-08-06T06:57:04,,,,,,
6,normal_018,normal_018.tif,normal,train,iter7,iter8_hard_negative_stratified_screen,E:\camelyon16_project\data\wsi\normal_018.tif,,no,,pending,0,2026-08-06T06:57:04,,,,,,
7,normal_019,normal_019.tif,normal,train,iter7,iter8_hard_negative_stratified_screen,E:\camelyon16_project\data\wsi\normal_019.tif,,no,,pending,0,2026-08-06T06:57:04,,,,,,
8,normal_020,normal_020.tif,normal,train,iter7,iter8_hard_negative_stratified_screen,E:\camelyon16_project\data\wsi\normal_020.tif,,no,,pending,0,2026-08-06T06:57:04,,,,,,
9,normal_021,normal_021.tif,normal,train,iter7,iter8_hard_negative_stratified_screen,E:\camelyon16_project\data\wsi\normal_021.tif,,no,,pending,0,2026-08-06T06:57:04,,,,,,
10,normal_023,normal_023.tif,normal,train,iter7,iter8_hard_negative_stratified_screen,E:\camelyon16_project\data\wsi\normal_023.tif,,no,,pending,0,2026-08-06T06:57:04,,,,,,
11,normal_024,normal_024.tif,normal,train,iter7,iter8_hard_negative_stratified_screen,E:\camelyon16_project\data\wsi\normal_024.tif,,no,,pending,0,2026-08-06T06:57:04,,,,,,
12,normal_026,normal_026.tif,normal,train,iter7,iter8_hard_negative_stratified_screen,E:\camelyon16_project\data\wsi\normal_026.tif,,no,,pending,0,2026-08-06T06:57:04,,,,,,
13,normal_027,normal_027.tif,normal,train,iter7,iter8_hard_negative_stratified_screen,E:\camelyon16_project\data\wsi\normal_027.tif,,no,,pending,0,2026-08-06T06:57:04,,,,,,
14,normal_030,normal_030.tif,normal,train,iter7,iter8_hard_negative_stratified_screen,E:\camelyon16_project\data\wsi\normal_030.tif,,no,,pending,0,2026-08-06T06:57:04,,,,,,
15,normal_031,normal_031.tif,normal,train,iter7,iter8_hard_negative_stratified_screen,E:\camelyon16_project\data\wsi\normal_031.tif,,no,,pending,0,2026-08-06T06:57:04,,,,,,
16,normal_033,normal_033.tif,normal,train,iter7,iter8_hard_negative_stratified_screen,E:\camelyon16_project\data\wsi\normal_033.tif,,no,,pending,0,2026-08-06T06:57:04,,,,,,
17,normal_034,normal_034.tif,normal,train,iter7,iter8_hard_negative_stratified_screen,E:\camelyon16_project\data\wsi\normal_034.tif,,no,,pending,0,2026-08-06T06:57:04,,,,,,
18,normal_035,normal_035.tif,normal,train,iter7,iter8_hard_negative_stratified_screen,E:\camelyon16_project\data\wsi\normal_035.tif,,no,,pending,0,2026-08-06T06:57:04,,,,,,
19,normal_036,normal_036.tif,normal,train,iter7,iter8_hard_negative_stratified_screen,E:\camelyon16_project\data\wsi\normal_036.tif,,no,,pending,0,2026-08-06T06:57:04,,,,,,
20,normal_037,normal_037.tif,normal,train,iter7,iter8_hard_negative_stratified_screen,E:\camelyon16_project\data\wsi\normal_037.tif,,no,,pending,0,2026-08-06T06:57:04,,,,,,
21,normal_038,normal_038.tif,normal,train,iter7,iter8_hard_negative_stratified_screen,E:\camelyon16_project\data\wsi\normal_038.tif,,no,,pending,0,2026-08-06T06:57:04,,,,,,
22,normal_039,normal_039.tif,normal,train,iter7,iter8_hard_negative_stratified_screen,E:\camelyon16_project\data\wsi\normal_039.tif,,no,,pending,0,2026-08-06T06:57:04,,,,,,
23,normal_040,normal_040.tif,normal,train,iter7,iter8_hard_negative_stratified_screen,E:\camelyon16_project\data\wsi\normal_040.tif,,no,,pending,0,2026-08-06T06:57:04,,,,,,
24,normal_042,normal_042.tif,normal,train,iter7,iter8_hard_negative_stratified_screen,E:\camelyon16_project\data\wsi\normal_042.tif,,no,,pending,0,2026-08-06T06:57:04,,,,,,
25,normal_044,normal_044.tif,normal,train,iter7,iter8_hard_negative_stratified_screen,E:\camelyon16_project\data\wsi\normal_044.tif,,no,,pending,0,2026-08-06T06:57:04,,,,,,
26,normal_045,normal_045.tif,normal,train,iter7,iter8_hard_negative_stratified_screen,E:\camelyon16_project\data\wsi\normal_045.tif,,no,,pending,0,2026-08-06T06:57:04,,,,,,
27,normal_046,normal_046.tif,normal,train,iter7,iter8_hard_negative_stratified_screen,E:\camelyon16_project\data\wsi\normal_046.tif,,no,,pending,0,2026-08-06T06:57:04,,,,,,
28,normal_047,normal_047.tif,normal,train,iter7,iter8_hard_negative_stratified_screen,E:\camelyon16_project\data\wsi\normal_047.tif,,no,,pending,0,2026-08-06T06:57:04,,,,,,
29,normal_048,normal_048.tif,normal,train,iter7,iter8_hard_negative_stratified_screen,E:\camelyon16_project\data\wsi\normal_048.tif,,no,,pending,0,2026-08-06T06:57:04,,,,,,
30,normal_050,normal_050.tif,normal,train,iter7,iter8_hard_negative_stratified_screen,E:\camelyon16_project\data\wsi\normal_050.tif,,no,,pending,0,2026-08-06T06:57:04,,,,,,
31,normal_051,normal_051.tif,normal,train,iter7,iter8_hard_negative_stratified_screen,E:\camelyon16_project\data\wsi\normal_051.tif,,no,,pending,0,2026-08-06T06:57:04,,,,,,
32,normal_052,normal_052.tif,normal,train,iter7,iter8_hard_negative_stratified_screen,E:\camelyon16_project\data\wsi\normal_052.tif,,no,,pending,0,2026-08-06T06:57:04,,,,,,
33,normal_054,normal_054.tif,normal,train,iter7,iter8_hard_negative_stratified_screen,E:\camelyon16_project\data\wsi\normal_054.tif,,no,,pending,0,2026-08-06T06:57:04,,,,,,
34,normal_055,normal_055.tif,normal,train,iter7,iter8_hard_negative_stratified_screen,E:\camelyon16_project\data\wsi\normal_055.tif,,no,,pending,0,2026-08-06T06:57:04,,,,,,
35,normal_056,normal_056.tif,normal,train,iter7,iter8_hard_negative_stratified_screen,E:\camelyon16_project\data\wsi\normal_056.tif,,no,,pending,0,2026-08-06T06:57:04,,,,,,
36,normal_057,normal_057.tif,normal,train,iter7,iter8_hard_negative_stratified_screen,E:\camelyon16_project\data\wsi\normal_057.tif,,no,,pending,0,2026-08-06T06:57:04,,,,,,
37,normal_058,normal_058.tif,normal,train,iter7,iter8_hard_negative_stratified_screen,E:\camelyon16_project\data\wsi\normal_058.tif,,no,,pending,0,2026-08-06T06:57:04,,,,,,
38,normal_059,normal_059.tif,normal,train,iter7,iter8_hard_negative_stratified_screen,E:\camelyon16_project\data\wsi\normal_059.tif,,no,,pending,0,2026-08-06T06:57:04,,,,,,
39,normal_060,normal_060.tif,normal,train,iter7,iter8_hard_negative_stratified_screen,E:\camelyon16_project\data\wsi\normal_060.tif,,no,,pending,0,2026-08-06T06:57:04,,,,,,
40,normal_061,normal_061.tif,normal,train,iter7,iter8_hard_negative_stratified_screen,E:\camelyon16_project\data\wsi\normal_061.tif,,no,,pending,0,2026-08-06T06:57:04,,,,,,
41,normal_064,normal_064.tif,normal,train,iter7,iter8_hard_negative_stratified_screen,E:\camelyon16_project\data\wsi\normal_064.tif,,no,,pending,0,2026-08-06T06:57:04,,,,,,
42,normal_065,normal_065.tif,normal,train,iter7,iter8_hard_negative_stratified_screen,E:\camelyon16_project\data\wsi\normal_065.tif,,no,,pending,0,2026-08-06T06:57:04,,,,,,
43,normal_066,normal_066.tif,normal,train,iter7,iter8_hard_negative_stratified_screen,E:\camelyon16_project\data\wsi\normal_066.tif,,no,,pending,0,2026-08-06T06:57:04,,,,,,
44,normal_067,normal_067.tif,normal,train,iter7,iter8_hard_negative_stratified_screen,E:\camelyon16_project\data\wsi\normal_067.tif,,no,,pending,0,2026-08-06T06:57:04,,,,,,
45,normal_068,normal_068.tif,normal,train,iter7,iter8_hard_negative_stratified_screen,E:\camelyon16_project\data\wsi\normal_068.tif,,no,,pending,0,2026-08-06T06:57:04,,,,,,
46,normal_069,normal_069.tif,normal,train,iter7,iter8_hard_negative_stratified_screen,E:\camelyon16_project\data\wsi\normal_069.tif,,no,,pending,0,2026-08-06T06:57:04,,,,,,
47,normal_070,normal_070.tif,normal,train,iter7,iter8_hard_negative_stratified_screen,E:\camelyon16_project\data\wsi\normal_070.tif,,no,,pending,0,2026-08-06T06:57:04,,,,,,
48,normal_071,normal_071.tif,normal,train,iter7,iter8_hard_negative_stratified_screen,E:\camelyon16_project\data\wsi\normal_071.tif,,no,,pending,0,2026-08-06T06:57:04,,,,,,
49,normal_073,normal_073.tif,normal,train,iter7,iter8_hard_negative_stratified_screen,E:\camelyon16_project\data\wsi\normal_073.tif,,no,,pending,0,2026-08-06T06:57:04,,,,,,
50,normal_075,normal_075.tif,normal,train,iter7,iter8_hard_negative_stratified_screen,E:\camelyon16_project\data\wsi\normal_075.tif,,no,,pending,0,2026-08-06T06:57:04,,,,,,
51,normal_076,normal_076.tif,normal,train,iter7,iter8_hard_negative_stratified_screen,E:\camelyon16_project\data\wsi\normal_076.tif,,no,,pending,0,2026-08-06T06:57:04,,,,,,
52,normal_077,normal_077.tif,normal,train,iter7,iter8_hard_negative_stratified_screen,E:\camelyon16_project\data\wsi\normal_077.tif,,no,,pending,0,2026-08-06T06:57:04,,,,,,
53,normal_078,normal_078.tif,normal,train,iter7,iter8_hard_negative_stratified_screen,E:\camelyon16_project\data\wsi\normal_078.tif,,no,,pending,0,2026-08-06T06:57:04,,,,,,
54,normal_079,normal_079.tif,normal,train,iter7,iter8_hard_negative_stratified_screen,E:\camelyon16_project\data\wsi\normal_079.tif,,no,,pending,0,2026-08-06T06:57:04,,,,,,
55,normal_080,normal_080.tif,normal,train,iter7,iter8_hard_negative_stratified_screen,E:\camelyon16_project\data\wsi\normal_080.tif,,no,,pending,0,2026-08-06T06:57:04,,,,,,
56,normal_081,normal_081.tif,normal,train,iter7,iter8_hard_negative_stratified_screen,E:\camelyon16_project\data\wsi\normal_081.tif,,no,,pending,0,2026-08-06T06:57:04,,,,,,
57,normal_083,normal_083.tif,normal,train,iter7,iter8_hard_negative_stratified_screen,E:\camelyon16_project\data\wsi\normal_083.tif,,no,,pending,0,2026-08-06T06:57:04,,,,,,
58,normal_084,normal_084.tif,normal,train,iter7,iter8_hard_negative_stratified_screen,E:\camelyon16_project\data\wsi\normal_084.tif,,no,,pending,0,2026-08-06T06:57:04,,,,,,
59,normal_085,normal_085.tif,normal,train,iter7,iter8_hard_negative_stratified_screen,E:\camelyon16_project\data\wsi\normal_085.tif,,no,,pending,0,2026-08-06T06:57:04,,,,,,
60,normal_087,normal_087.tif,normal,train,iter7,iter8_hard_negative_stratified_screen,E:\camelyon16_project\data\wsi\normal_087.tif,,no,,pending,0,2026-08-06T06:57:04,,,,,,
61,normal_088,normal_088.tif,normal,train,iter7,iter8_hard_negative_stratified_screen,E:\camelyon16_project\data\wsi\normal_088.tif,,no,,pending,0,2026-08-06T06:57:04,,,,,,
62,normal_089,normal_089.tif,normal,train,iter7,iter8_hard_negative_stratified_screen,E:\camelyon16_project\data\wsi\normal_089.tif,,no,,pending,0,2026-08-06T06:57:04,,,,,,
63,normal_090,normal_090.tif,normal,train,iter7,iter8_hard_negative_stratified_screen,E:\camelyon16_project\data\wsi\normal_090.tif,,no,,pending,0,2026-08-06T06:57:04,,,,,,
64,normal_091,normal_091.tif,normal,train,iter7,iter8_hard_negative_stratified_screen,E:\camelyon16_project\data\wsi\normal_091.tif,,no,,pending,0,2026-08-06T06:57:04,,,,,,
65,normal_092,normal_092.tif,normal,train,iter7,iter8_hard_negative_stratified_screen,E:\camelyon16_project\data\wsi\normal_092.tif,,no,,pending,0,2026-08-06T06:57:04,,,,,,
66,normal_095,normal_095.tif,normal,train,iter7,iter8_hard_negative_stratified_screen,E:\camelyon16_project\data\wsi\normal_095.tif,,no,,pending,0,2026-08-06T06:57:04,,,,,,
67,normal_096,normal_096.tif,normal,train,iter7,iter8_hard_negative_stratified_screen,E:\camelyon16_project\data\wsi\normal_096.tif,,no,,pending,0,2026-08-06T06:57:04,,,,,,
68,normal_098,normal_098.tif,normal,train,iter7,iter8_hard_negative_stratified_screen,E:\camelyon16_project\data\wsi\normal_098.tif,,no,,pending,0,2026-08-06T06:57:04,,,,,,
69,normal_101,normal_101.tif,normal,train,iter7,iter8_hard_negative_stratified_screen,E:\camelyon16_project\data\wsi\normal_101.tif,,no,,pending,0,2026-08-06T06:57:04,,,,,,
70,normal_103,normal_103.tif,normal,train,iter7,iter8_hard_negative_stratified_screen,E:\camelyon16_project\data\wsi\normal_103.tif,,no,,pending,0,2026-08-06T06:57:04,,,,,,
71,normal_104,normal_104.tif,normal,train,iter7,iter8_hard_negative_stratified_screen,E:\camelyon16_project\data\wsi\normal_104.tif,,no,,pending,0,2026-08-06T06:57:04,,,,,,
72,normal_105,normal_105.tif,normal,train,iter7,iter8_hard_negative_stratified_screen,E:\camelyon16_project\data\wsi\normal_105.tif,,no,,pending,0,2026-08-06T06:57:04,,,,,,
73,normal_106,normal_106.tif,normal,train,iter7,iter8_hard_negative_stratified_screen,E:\camelyon16_project\data\wsi\normal_106.tif,,no,,pending,0,2026-08-06T06:57:04,,,,,,
74,normal_107,normal_107.tif,normal,train,iter7,iter8_hard_negative_stratified_screen,E:\camelyon16_project\data\wsi\normal_107.tif,,no,,pending,0,2026-08-06T06:57:04,,,,,,
75,normal_108,normal_108.tif,normal,train,iter7,iter8_hard_negative_stratified_screen,E:\camelyon16_project\data\wsi\normal_108.tif,,no,,pending,0,2026-08-06T06:57:04,,,,,,
76,normal_109,normal_109.tif,normal,train,iter7,iter8_hard_negative_stratified_screen,E:\camelyon16_project\data\wsi\normal_109.tif,,no,,pending,0,2026-08-06T06:57:04,,,,,,
77,normal_110,normal_110.tif,normal,train,iter7,iter8_hard_negative_stratified_screen,E:\camelyon16_project\data\wsi\normal_110.tif,,no,,pending,0,2026-08-06T06:57:04,,,,,,
78,normal_111,normal_111.tif,normal,train,iter7,iter8_hard_negative_stratified_screen,E:\camelyon16_project\data\wsi\normal_111.tif,,no,,pending,0,2026-08-06T06:57:04,,,,,,
79,normal_112,normal_112.tif,normal,train,iter7,iter8_hard_negative_stratified_screen,E:\camelyon16_project\data\wsi\normal_112.tif,,no,,pending,0,2026-08-06T06:57:04,,,,,,
80,normal_114,normal_114.tif,normal,train,iter7,iter8_hard_negative_stratified_screen,E:\camelyon16_project\data\wsi\normal_114.tif,,no,,pending,0,2026-08-06T06:57:04,,,,,,
81,normal_115,normal_115.tif,normal,train,iter7,iter8_hard_negative_stratified_screen,E:\camelyon16_project\data\wsi\normal_115.tif,,no,,pending,0,2026-08-06T06:57:04,,,,,,
82,normal_116,normal_116.tif,normal,train,iter7,iter8_hard_negative_stratified_screen,E:\camelyon16_project\data\wsi\normal_116.tif,,no,,pending,0,2026-08-06T06:57:04,,,,,,
83,normal_117,normal_117.tif,normal,train,iter7,iter8_hard_negative_stratified_screen,E:\camelyon16_project\data\wsi\normal_117.tif,,no,,pending,0,2026-08-06T06:57:04,,,,,,
84,normal_118,normal_118.tif,normal,train,iter7,iter8_hard_negative_stratified_screen,E:\camelyon16_project\data\wsi\normal_118.tif,,no,,pending,0,2026-08-06T06:57:04,,,,,,
85,normal_119,normal_119.tif,normal,train,iter7,iter8_hard_negative_stratified_screen,E:\camelyon16_project\data\wsi\normal_119.tif,,no,,pending,0,2026-08-06T06:57:04,,,,,,
86,normal_120,normal_120.tif,normal,train,iter7,iter8_hard_negative_stratified_screen,E:\camelyon16_project\data\wsi\normal_120.tif,,no,,pending,0,2026-08-06T06:57:04,,,,,,
87,normal_121,normal_121.tif,normal,train,iter7,iter8_hard_negative_stratified_screen,E:\camelyon16_project\data\wsi\normal_121.tif,,no,,pending,0,2026-08-06T06:57:04,,,,,,
88,normal_123,normal_123.tif,normal,train,iter7,iter8_hard_negative_stratified_screen,E:\camelyon16_project\data\wsi\normal_123.tif,,no,,pending,0,2026-08-06T06:57:04,,,,,,
89,normal_125,normal_125.tif,normal,train,iter7,iter8_hard_negative_stratified_screen,E:\camelyon16_project\data\wsi\normal_125.tif,,no,,pending,0,2026-08-06T06:57:04,,,,,,
90,normal_126,normal_126.tif,normal,train,iter7,iter8_hard_negative_stratified_screen,E:\camelyon16_project\data\wsi\normal_126.tif,,no,,pending,0,2026-08-06T06:57:04,,,,,,
91,normal_127,normal_127.tif,normal,train,iter7,iter8_hard_negative_stratified_screen,E:\camelyon16_project\data\wsi\normal_127.tif,,no,,pending,0,2026-08-06T06:57:04,,,,,,
92,normal_128,normal_128.tif,normal,train,iter7,iter8_hard_negative_stratified_screen,E:\camelyon16_project\data\wsi\normal_128.tif,,no,,pending,0,2026-08-06T06:57:04,,,,,,
93,normal_129,normal_129.tif,normal,train,iter7,iter8_hard_negative_stratified_screen,E:\camelyon16_project\data\wsi\normal_129.tif,,no,,pending,0,2026-08-06T06:57:04,,,,,,
94,normal_130,normal_130.tif,normal,train,iter7,iter8_hard_negative_stratified_screen,E:\camelyon16_project\data\wsi\normal_130.tif,,no,,pending,0,2026-08-06T06:57:04,,,,,,
95,normal_131,normal_131.tif,normal,train,iter7,iter8_hard_negative_stratified_screen,E:\camelyon16_project\data\wsi\normal_131.tif,,no,,pending,0,2026-08-06T06:57:04,,,,,,
96,normal_133,normal_133.tif,normal,train,iter7,iter8_hard_negative_stratified_screen,E:\camelyon16_project\data\wsi\normal_133.tif,,no,,pending,0,2026-08-06T06:57:04,,,,,,
97,normal_134,normal_134.tif,normal,train,iter7,iter8_hard_negative_stratified_screen,E:\camelyon16_project\data\wsi\normal_134.tif,,no,,pending,0,2026-08-06T06:57:04,,,,,,
98,normal_135,normal_135.tif,normal,train,iter7,iter8_hard_negative_stratified_screen,E:\camelyon16_project\data\wsi\normal_135.tif,,no,,pending,0,2026-08-06T06:57:04,,,,,,
99,normal_139,normal_139.tif,normal,train,iter7,iter8_hard_negative_stratified_screen,E:\camelyon16_project\data\wsi\normal_139.tif,,no,,pending,0,2026-08-06T06:57:04,,,,,,
100,normal_141,normal_141.tif,normal,train,iter7,iter8_hard_negative_stratified_screen,E:\camelyon16_project\data\wsi\normal_141.tif,,no,,pending,0,2026-08-06T06:57:04,,,,,,
101,normal_143,normal_143.tif,normal,train,iter7,iter8_hard_negative_stratified_screen,E:\camelyon16_project\data\wsi\normal_143.tif,,no,,pending,0,2026-08-06T06:57:04,,,,,,
102,normal_144,normal_144.tif,normal,train,iter7,iter8_hard_negative_stratified_screen,E:\camelyon16_project\data\wsi\normal_144.tif,,no,,pending,0,2026-08-06T06:57:04,,,,,,
103,normal_146,normal_146.tif,normal,train,iter7,iter8_hard_negative_stratified_screen,E:\camelyon16_project\data\wsi\normal_146.tif,,no,,pending,0,2026-08-06T06:57:04,,,,,,
104,normal_147,normal_147.tif,normal,train,iter7,iter8_hard_negative_stratified_screen,E:\camelyon16_project\data\wsi\normal_147.tif,,no,,pending,0,2026-08-06T06:57:04,,,,,,
105,normal_148,normal_148.tif,normal,train,iter7,iter8_hard_negative_stratified_screen,E:\camelyon16_project\data\wsi\normal_148.tif,,no,,pending,0,2026-08-06T06:57:04,,,,,,
106,normal_150,normal_150.tif,normal,train,iter7,iter8_hard_negative_stratified_screen,E:\camelyon16_project\data\wsi\normal_150.tif,,no,,pending,0,2026-08-06T06:57:04,,,,,,
107,normal_151,normal_151.tif,normal,train,iter7,iter8_hard_negative_stratified_screen,E:\camelyon16_project\data\wsi\normal_151.tif,,no,,pending,0,2026-08-06T06:57:04,,,,,,
108,normal_152,normal_152.tif,normal,train,iter7,iter8_hard_negative_stratified_screen,E:\camelyon16_project\data\wsi\normal_152.tif,,no,,pending,0,2026-08-06T06:57:04,,,,,,
109,normal_154,normal_154.tif,normal,train,iter7,iter8_hard_negative_stratified_screen,E:\camelyon16_project\data\wsi\normal_154.tif,,no,,pending,0,2026-08-06T06:57:04,,,,,,
110,normal_155,normal_155.tif,normal,train,iter7,iter8_hard_negative_stratified_screen,E:\camelyon16_project\data\wsi\normal_155.tif,,no,,pending,0,2026-08-06T06:57:04,,,,,,
111,normal_156,normal_156.tif,normal,train,iter7,iter8_hard_negative_stratified_screen,E:\camelyon16_project\data\wsi\normal_156.tif,,no,,pending,0,2026-08-06T06:57:04,,,,,,
