slide_id,component_id,review_category,selection_rank,source_path,dest_path
normal_022,1,electrocoagulation_artifact,1,E:\camelyon16_project\data\review\iter5_hn_train_fp_components\normal_022\component_01\normal_022_c01_p01_prob0.996_x35712_y84224.png,E:\camelyon16_project\data\patches_iter6\train\normal\iter6_hn_normal_022_c01_r01_normal_022_c01_p01_prob0.996_x35712_y84224.png
normal_022,1,electrocoagulation_artifact,2,E:\camelyon16_project\data\review\iter5_hn_train_fp_components\normal_022\component_01\normal_022_c01_p02_prob0.996_x35456_y84096.png,E:\camelyon16_project\data\patches_iter6\train\normal\iter6_hn_normal_022_c01_r02_normal_022_c01_p02_prob0.996_x35456_y84096.png
normal_022,1,electrocoagulation_artifact,3,E:\camelyon16_project\data\review\iter5_hn_train_fp_components\normal_022\component_01\normal_022_c01_p03_prob0.992_x35328_y84864.png,E:\camelyon16_project\data\patches_iter6\train\normal\iter6_hn_normal_022_c01_r03_normal_022_c01_p03_prob0.992_x35328_y84864.png
normal_022,1,electrocoagulation_artifact,4,E:\camelyon16_project\data\review\iter5_hn_train_fp_components\normal_022\component_01\normal_022_c01_p04_prob0.992_x34560_y84992.png,E:\camelyon16_project\data\patches_iter6\train\normal\iter6_hn_normal_022_c01_r04_normal_022_c01_p04_prob0.992_x34560_y84992.png
normal_022,1,electrocoagulation_artifact,5,E:\camelyon16_project\data\review\iter5_hn_train_fp_components\normal_022\component_01\normal_022_c01_p05_prob0.989_x35328_y84608.png,E:\camelyon16_project\data\patches_iter6\train\normal\iter6_hn_normal_022_c01_r05_normal_022_c01_p05_prob0.989_x35328_y84608.png
normal_022,1,electrocoagulation_artifact,6,E:\camelyon16_project\data\review\iter5_hn_train_fp_components\normal_022\component_01\normal_022_c01_p06_prob0.989_x34816_y83712.png,E:\camelyon16_project\data\patches_iter6\train\normal\iter6_hn_normal_022_c01_r06_normal_022_c01_p06_prob0.989_x34816_y83712.png
normal_022,1,electrocoagulation_artifact,7,E:\camelyon16_project\data\review\iter5_hn_train_fp_components\normal_022\component_01\normal_022_c01_p07_prob0.988_x34688_y84992.png,E:\camelyon16_project\data\patches_iter6\train\normal\iter6_hn_normal_022_c01_r07_normal_022_c01_p07_prob0.988_x34688_y84992.png
normal_022,1,electrocoagulation_artifact,8,E:\camelyon16_project\data\review\iter5_hn_train_fp_components\normal_022\component_01\normal_022_c01_p08_prob0.986_x34560_y85120.png,E:\camelyon16_project\data\patches_iter6\train\normal\iter6_hn_normal_022_c01_r08_normal_022_c01_p08_prob0.986_x34560_y85120.png
normal_022,2,sinus_histiocytosis,1,E:\camelyon16_project\data\review\iter5_hn_train_fp_components\normal_022\component_02\normal_022_c02_p01_prob0.999_x78976_y168320.png,E:\camelyon16_project\data\patches_iter6\train\normal\iter6_hn_normal_022_c02_r01_normal_022_c02_p01_prob0.999_x78976_y168320.png
normal_022,2,sinus_histiocytosis,2,E:\camelyon16_project\data\review\iter5_hn_train_fp_components\normal_022\component_02\normal_022_c02_p02_prob0.998_x79872_y168960.png,E:\camelyon16_project\data\patches_iter6\train\normal\iter6_hn_normal_022_c02_r02_normal_022_c02_p02_prob0.998_x79872_y168960.png
normal_022,2,sinus_histiocytosis,3,E:\camelyon16_project\data\review\iter5_hn_train_fp_components\normal_022\component_02\normal_022_c02_p03_prob0.998_x80128_y168192.png,E:\camelyon16_project\data\patches_iter6\train\normal\iter6_hn_normal_022_c02_r03_normal_022_c02_p03_prob0.998_x80128_y168192.png
normal_022,2,sinus_histiocytosis,4,E:\camelyon16_project\data\review\iter5_hn_train_fp_components\normal_022\component_02\normal_022_c02_p04_prob0.997_x80256_y168320.png,E:\camelyon16_project\data\patches_iter6\train\normal\iter6_hn_normal_022_c02_r04_normal_022_c02_p04_prob0.997_x80256_y168320.png
normal_022,2,sinus_histiocytosis,5,E:\camelyon16_project\data\review\iter5_hn_train_fp_components\normal_022\component_02\normal_022_c02_p05_prob0.995_x80256_y168192.png,E:\camelyon16_project\data\patches_iter6\train\normal\iter6_hn_normal_022_c02_r05_normal_022_c02_p05_prob0.995_x80256_y168192.png
normal_022,2,sinus_histiocytosis,6,E:\camelyon16_project\data\review\iter5_hn_train_fp_components\normal_022\component_02\normal_022_c02_p06_prob0.990_x79104_y168320.png,E:\camelyon16_project\data\patches_iter6\train\normal\iter6_hn_normal_022_c02_r06_normal_022_c02_p06_prob0.990_x79104_y168320.png
normal_022,2,sinus_histiocytosis,7,E:\camelyon16_project\data\review\iter5_hn_train_fp_components\normal_022\component_02\normal_022_c02_p07_prob0.986_x79232_y168064.png,E:\camelyon16_project\data\patches_iter6\train\normal\iter6_hn_normal_022_c02_r07_normal_022_c02_p07_prob0.986_x79232_y168064.png
normal_022,2,sinus_histiocytosis,8,E:\camelyon16_project\data\review\iter5_hn_train_fp_components\normal_022\component_02\normal_022_c02_p08_prob0.983_x79744_y168320.png,E:\camelyon16_project\data\patches_iter6\train\normal\iter6_hn_normal_022_c02_r08_normal_022_c02_p08_prob0.983_x79744_y168320.png
normal_022,3,vessel_lumen,1,E:\camelyon16_project\data\review\iter5_hn_train_fp_components\normal_022\component_03\normal_022_c03_p01_prob1.000_x76160_y169472.png,E:\camelyon16_project\data\patches_iter6\train\normal\iter6_hn_normal_022_c03_r01_normal_022_c03_p01_prob1.000_x76160_y169472.png
normal_022,3,vessel_lumen,2,E:\camelyon16_project\data\review\iter5_hn_train_fp_components\normal_022\component_03\normal_022_c03_p02_prob0.999_x76160_y169344.png,E:\camelyon16_project\data\patches_iter6\train\normal\iter6_hn_normal_022_c03_r02_normal_022_c03_p02_prob0.999_x76160_y169344.png
normal_022,3,vessel_lumen,3,E:\camelyon16_project\data\review\iter5_hn_train_fp_components\normal_022\component_03\normal_022_c03_p03_prob0.998_x76288_y170368.png,E:\camelyon16_project\data\patches_iter6\train\normal\iter6_hn_normal_022_c03_r03_normal_022_c03_p03_prob0.998_x76288_y170368.png
normal_022,3,vessel_lumen,4,E:\camelyon16_project\data\review\iter5_hn_train_fp_components\normal_022\component_03\normal_022_c03_p04_prob0.997_x76288_y169344.png,E:\camelyon16_project\data\patches_iter6\train\normal\iter6_hn_normal_022_c03_r04_normal_022_c03_p04_prob0.997_x76288_y169344.png
normal_022,3,vessel_lumen,5,E:\camelyon16_project\data\review\iter5_hn_train_fp_components\normal_022\component_03\normal_022_c03_p05_prob0.988_x76544_y169344.png,E:\camelyon16_project\data\patches_iter6\train\normal\iter6_hn_normal_022_c03_r05_normal_022_c03_p05_prob0.988_x76544_y169344.png
normal_022,3,vessel_lumen,6,E:\camelyon16_project\data\review\iter5_hn_train_fp_components\normal_022\component_03\normal_022_c03_p06_prob0.980_x76416_y169344.png,E:\camelyon16_project\data\patches_iter6\train\normal\iter6_hn_normal_022_c03_r06_normal_022_c03_p06_prob0.980_x76416_y169344.png
normal_022,3,vessel_lumen,7,E:\camelyon16_project\data\review\iter5_hn_train_fp_components\normal_022\component_03\normal_022_c03_p07_prob0.979_x76672_y170496.png,E:\camelyon16_project\data\patches_iter6\train\normal\iter6_hn_normal_022_c03_r07_normal_022_c03_p07_prob0.979_x76672_y170496.png
normal_022,3,vessel_lumen,8,E:\camelyon16_project\data\review\iter5_hn_train_fp_components\normal_022\component_03\normal_022_c03_p08_prob0.972_x76288_y170240.png,E:\camelyon16_project\data\patches_iter6\train\normal\iter6_hn_normal_022_c03_r08_normal_022_c03_p08_prob0.972_x76288_y170240.png
normal_025,1,electrocoagulation_artifact,1,E:\camelyon16_project\data\review\iter5_hn_train_fp_components\normal_025\component_01\normal_025_c01_p01_prob1.000_x35840_y148352.png,E:\camelyon16_project\data\patches_iter6\train\normal\iter6_hn_normal_025_c01_r01_normal_025_c01_p01_prob1.000_x35840_y148352.png
normal_025,1,electrocoagulation_artifact,2,E:\camelyon16_project\data\review\iter5_hn_train_fp_components\normal_025\component_01\normal_025_c01_p02_prob1.000_x35584_y148096.png,E:\camelyon16_project\data\patches_iter6\train\normal\iter6_hn_normal_025_c01_r02_normal_025_c01_p02_prob1.000_x35584_y148096.png
normal_025,1,electrocoagulation_artifact,3,E:\camelyon16_project\data\review\iter5_hn_train_fp_components\normal_025\component_01\normal_025_c01_p03_prob0.999_x35968_y148352.png,E:\camelyon16_project\data\patches_iter6\train\normal\iter6_hn_normal_025_c01_r03_normal_025_c01_p03_prob0.999_x35968_y148352.png
normal_025,1,electrocoagulation_artifact,4,E:\camelyon16_project\data\review\iter5_hn_train_fp_components\normal_025\component_01\normal_025_c01_p04_prob0.999_x35072_y148608.png,E:\camelyon16_project\data\patches_iter6\train\normal\iter6_hn_normal_025_c01_r04_normal_025_c01_p04_prob0.999_x35072_y148608.png
normal_025,1,electrocoagulation_artifact,5,E:\camelyon16_project\data\review\iter5_hn_train_fp_components\normal_025\component_01\normal_025_c01_p05_prob0.999_x35840_y148864.png,E:\camelyon16_project\data\patches_iter6\train\normal\iter6_hn_normal_025_c01_r05_normal_025_c01_p05_prob0.999_x35840_y148864.png
normal_025,1,electrocoagulation_artifact,6,E:\camelyon16_project\data\review\iter5_hn_train_fp_components\normal_025\component_01\normal_025_c01_p06_prob0.998_x35328_y148864.png,E:\camelyon16_project\data\patches_iter6\train\normal\iter6_hn_normal_025_c01_r06_normal_025_c01_p06_prob0.998_x35328_y148864.png
normal_025,1,electrocoagulation_artifact,7,E:\camelyon16_project\data\review\iter5_hn_train_fp_components\normal_025\component_01\normal_025_c01_p07_prob0.997_x35968_y148224.png,E:\camelyon16_project\data\patches_iter6\train\normal\iter6_hn_normal_025_c01_r07_normal_025_c01_p07_prob0.997_x35968_y148224.png
normal_025,1,electrocoagulation_artifact,8,E:\camelyon16_project\data\review\iter5_hn_train_fp_components\normal_025\component_01\normal_025_c01_p08_prob0.997_x35328_y148352.png,E:\camelyon16_project\data\patches_iter6\train\normal\iter6_hn_normal_025_c01_r08_normal_025_c01_p08_prob0.997_x35328_y148352.png
normal_025,2,vessel_lumen,1,E:\camelyon16_project\data\review\iter5_hn_train_fp_components\normal_025\component_02\normal_025_c02_p01_prob0.993_x32384_y153216.png,E:\camelyon16_project\data\patches_iter6\train\normal\iter6_hn_normal_025_c02_r01_normal_025_c02_p01_prob0.993_x32384_y153216.png
normal_025,2,vessel_lumen,2,E:\camelyon16_project\data\review\iter5_hn_train_fp_components\normal_025\component_02\normal_025_c02_p02_prob0.988_x32384_y154240.png,E:\camelyon16_project\data\patches_iter6\train\normal\iter6_hn_normal_025_c02_r02_normal_025_c02_p02_prob0.988_x32384_y154240.png
normal_025,2,vessel_lumen,3,E:\camelyon16_project\data\review\iter5_hn_train_fp_components\normal_025\component_02\normal_025_c02_p03_prob0.986_x32512_y154496.png,E:\camelyon16_project\data\patches_iter6\train\normal\iter6_hn_normal_025_c02_r03_normal_025_c02_p03_prob0.986_x32512_y154496.png
normal_025,2,vessel_lumen,4,E:\camelyon16_project\data\review\iter5_hn_train_fp_components\normal_025\component_02\normal_025_c02_p04_prob0.986_x32512_y154624.png,E:\camelyon16_project\data\patches_iter6\train\normal\iter6_hn_normal_025_c02_r04_normal_025_c02_p04_prob0.986_x32512_y154624.png
normal_025,2,vessel_lumen,5,E:\camelyon16_project\data\review\iter5_hn_train_fp_components\normal_025\component_02\normal_025_c02_p05_prob0.984_x32384_y154368.png,E:\camelyon16_project\data\patches_iter6\train\normal\iter6_hn_normal_025_c02_r05_normal_025_c02_p05_prob0.984_x32384_y154368.png
normal_025,2,vessel_lumen,6,E:\camelyon16_project\data\review\iter5_hn_train_fp_components\normal_025\component_02\normal_025_c02_p06_prob0.982_x32512_y153344.png,E:\camelyon16_project\data\patches_iter6\train\normal\iter6_hn_normal_025_c02_r06_normal_025_c02_p06_prob0.982_x32512_y153344.png
normal_025,2,vessel_lumen,7,E:\camelyon16_project\data\review\iter5_hn_train_fp_components\normal_025\component_02\normal_025_c02_p07_prob0.979_x32512_y153216.png,E:\camelyon16_project\data\patches_iter6\train\normal\iter6_hn_normal_025_c02_r07_normal_025_c02_p07_prob0.979_x32512_y153216.png
normal_025,2,vessel_lumen,8,E:\camelyon16_project\data\review\iter5_hn_train_fp_components\normal_025\component_02\normal_025_c02_p08_prob0.977_x32384_y153728.png,E:\camelyon16_project\data\patches_iter6\train\normal\iter6_hn_normal_025_c02_r08_normal_025_c02_p08_prob0.977_x32384_y153728.png
normal_025,3,electrocoagulation_artifact,1,E:\camelyon16_project\data\review\iter5_hn_train_fp_components\normal_025\component_03\normal_025_c03_p01_prob0.999_x50176_y135552.png,E:\camelyon16_project\data\patches_iter6\train\normal\iter6_hn_normal_025_c03_r01_normal_025_c03_p01_prob0.999_x50176_y135552.png
normal_025,3,electrocoagulation_artifact,2,E:\camelyon16_project\data\review\iter5_hn_train_fp_components\normal_025\component_03\normal_025_c03_p02_prob0.989_x50560_y134656.png,E:\camelyon16_project\data\patches_iter6\train\normal\iter6_hn_normal_025_c03_r02_normal_025_c03_p02_prob0.989_x50560_y134656.png
normal_025,3,electrocoagulation_artifact,3,E:\camelyon16_project\data\review\iter5_hn_train_fp_components\normal_025\component_03\normal_025_c03_p03_prob0.988_x50688_y135168.png,E:\camelyon16_project\data\patches_iter6\train\normal\iter6_hn_normal_025_c03_r03_normal_025_c03_p03_prob0.988_x50688_y135168.png
normal_025,3,electrocoagulation_artifact,4,E:\camelyon16_project\data\review\iter5_hn_train_fp_components\normal_025\component_03\normal_025_c03_p04_prob0.979_x50560_y135936.png,E:\camelyon16_project\data\patches_iter6\train\normal\iter6_hn_normal_025_c03_r04_normal_025_c03_p04_prob0.979_x50560_y135936.png
normal_025,3,electrocoagulation_artifact,5,E:\camelyon16_project\data\review\iter5_hn_train_fp_components\normal_025\component_03\normal_025_c03_p05_prob0.954_x50688_y134912.png,E:\camelyon16_project\data\patches_iter6\train\normal\iter6_hn_normal_025_c03_r05_normal_025_c03_p05_prob0.954_x50688_y134912.png
normal_025,3,electrocoagulation_artifact,6,E:\camelyon16_project\data\review\iter5_hn_train_fp_components\normal_025\component_03\normal_025_c03_p06_prob0.951_x50304_y135552.png,E:\camelyon16_project\data\patches_iter6\train\normal\iter6_hn_normal_025_c03_r06_normal_025_c03_p06_prob0.951_x50304_y135552.png
normal_025,3,electrocoagulation_artifact,7,E:\camelyon16_project\data\review\iter5_hn_train_fp_components\normal_025\component_03\normal_025_c03_p07_prob0.949_x50816_y136192.png,E:\camelyon16_project\data\patches_iter6\train\normal\iter6_hn_normal_025_c03_r07_normal_025_c03_p07_prob0.949_x50816_y136192.png
normal_025,3,electrocoagulation_artifact,8,E:\camelyon16_project\data\review\iter5_hn_train_fp_components\normal_025\component_03\normal_025_c03_p08_prob0.948_x50176_y135680.png,E:\camelyon16_project\data\patches_iter6\train\normal\iter6_hn_normal_025_c03_r08_normal_025_c03_p08_prob0.948_x50176_y135680.png
normal_032,1,sinus_histiocytosis,1,E:\camelyon16_project\data\review\iter5_hn_train_fp_components\normal_032\component_01\normal_032_c01_p01_prob1.000_x35584_y123008.png,E:\camelyon16_project\data\patches_iter6\train\normal\iter6_hn_normal_032_c01_r01_normal_032_c01_p01_prob1.000_x35584_y123008.png
normal_032,1,sinus_histiocytosis,2,E:\camelyon16_project\data\review\iter5_hn_train_fp_components\normal_032\component_01\normal_032_c01_p02_prob1.000_x39296_y127616.png,E:\camelyon16_project\data\patches_iter6\train\normal\iter6_hn_normal_032_c01_r02_normal_032_c01_p02_prob1.000_x39296_y127616.png
normal_032,1,sinus_histiocytosis,3,E:\camelyon16_project\data\review\iter5_hn_train_fp_components\normal_032\component_01\normal_032_c01_p03_prob1.000_x35456_y123008.png,E:\camelyon16_project\data\patches_iter6\train\normal\iter6_hn_normal_032_c01_r03_normal_032_c01_p03_prob1.000_x35456_y123008.png
normal_032,1,sinus_histiocytosis,4,E:\camelyon16_project\data\review\iter5_hn_train_fp_components\normal_032\component_01\normal_032_c01_p04_prob1.000_x39296_y127744.png,E:\camelyon16_project\data\patches_iter6\train\normal\iter6_hn_normal_032_c01_r04_normal_032_c01_p04_prob1.000_x39296_y127744.png
normal_032,1,sinus_histiocytosis,5,E:\camelyon16_project\data\review\iter5_hn_train_fp_components\normal_032\component_01\normal_032_c01_p05_prob1.000_x35584_y122880.png,E:\camelyon16_project\data\patches_iter6\train\normal\iter6_hn_normal_032_c01_r05_normal_032_c01_p05_prob1.000_x35584_y122880.png
normal_032,1,sinus_histiocytosis,6,E:\camelyon16_project\data\review\iter5_hn_train_fp_components\normal_032\component_01\normal_032_c01_p06_prob1.000_x29824_y122496.png,E:\camelyon16_project\data\patches_iter6\train\normal\iter6_hn_normal_032_c01_r06_normal_032_c01_p06_prob1.000_x29824_y122496.png
normal_032,1,sinus_histiocytosis,7,E:\camelyon16_project\data\review\iter5_hn_train_fp_components\normal_032\component_01\normal_032_c01_p07_prob1.000_x35456_y123136.png,E:\camelyon16_project\data\patches_iter6\train\normal\iter6_hn_normal_032_c01_r07_normal_032_c01_p07_prob1.000_x35456_y123136.png
normal_032,1,sinus_histiocytosis,8,E:\camelyon16_project\data\review\iter5_hn_train_fp_components\normal_032\component_01\normal_032_c01_p08_prob1.000_x35072_y122368.png,E:\camelyon16_project\data\patches_iter6\train\normal\iter6_hn_normal_032_c01_r08_normal_032_c01_p08_prob1.000_x35072_y122368.png
normal_032,2,sinus_histiocytosis,1,E:\camelyon16_project\data\review\iter5_hn_train_fp_components\normal_032\component_02\normal_032_c02_p01_prob1.000_x54528_y126592.png,E:\camelyon16_project\data\patches_iter6\train\normal\iter6_hn_normal_032_c02_r01_normal_032_c02_p01_prob1.000_x54528_y126592.png
normal_032,2,sinus_histiocytosis,2,E:\camelyon16_project\data\review\iter5_hn_train_fp_components\normal_032\component_02\normal_032_c02_p02_prob1.000_x54144_y126848.png,E:\camelyon16_project\data\patches_iter6\train\normal\iter6_hn_normal_032_c02_r02_normal_032_c02_p02_prob1.000_x54144_y126848.png
normal_032,2,sinus_histiocytosis,3,E:\camelyon16_project\data\review\iter5_hn_train_fp_components\normal_032\component_02\normal_032_c02_p03_prob1.000_x54272_y125184.png,E:\camelyon16_project\data\patches_iter6\train\normal\iter6_hn_normal_032_c02_r03_normal_032_c02_p03_prob1.000_x54272_y125184.png
normal_032,2,sinus_histiocytosis,4,E:\camelyon16_project\data\review\iter5_hn_train_fp_components\normal_032\component_02\normal_032_c02_p04_prob1.000_x54912_y122752.png,E:\camelyon16_project\data\patches_iter6\train\normal\iter6_hn_normal_032_c02_r04_normal_032_c02_p04_prob1.000_x54912_y122752.png
normal_032,2,sinus_histiocytosis,5,E:\camelyon16_project\data\review\iter5_hn_train_fp_components\normal_032\component_02\normal_032_c02_p05_prob1.000_x54144_y125056.png,E:\camelyon16_project\data\patches_iter6\train\normal\iter6_hn_normal_032_c02_r05_normal_032_c02_p05_prob1.000_x54144_y125056.png
normal_032,2,sinus_histiocytosis,6,E:\camelyon16_project\data\review\iter5_hn_train_fp_components\normal_032\component_02\normal_032_c02_p06_prob1.000_x54016_y126720.png,E:\camelyon16_project\data\patches_iter6\train\normal\iter6_hn_normal_032_c02_r06_normal_032_c02_p06_prob1.000_x54016_y126720.png
normal_032,2,sinus_histiocytosis,7,E:\camelyon16_project\data\review\iter5_hn_train_fp_components\normal_032\component_02\normal_032_c02_p07_prob1.000_x54656_y125056.png,E:\camelyon16_project\data\patches_iter6\train\normal\iter6_hn_normal_032_c02_r07_normal_032_c02_p07_prob1.000_x54656_y125056.png
normal_032,2,sinus_histiocytosis,8,E:\camelyon16_project\data\review\iter5_hn_train_fp_components\normal_032\component_02\normal_032_c02_p08_prob1.000_x54272_y125056.png,E:\camelyon16_project\data\patches_iter6\train\normal\iter6_hn_normal_032_c02_r08_normal_032_c02_p08_prob1.000_x54272_y125056.png
normal_032,3,vessel_lumen,1,E:\camelyon16_project\data\review\iter5_hn_train_fp_components\normal_032\component_03\normal_032_c03_p01_prob1.000_x59648_y119552.png,E:\camelyon16_project\data\patches_iter6\train\normal\iter6_hn_normal_032_c03_r01_normal_032_c03_p01_prob1.000_x59648_y119552.png
normal_032,3,vessel_lumen,2,E:\camelyon16_project\data\review\iter5_hn_train_fp_components\normal_032\component_03\normal_032_c03_p02_prob1.000_x62464_y119296.png,E:\camelyon16_project\data\patches_iter6\train\normal\iter6_hn_normal_032_c03_r02_normal_032_c03_p02_prob1.000_x62464_y119296.png
normal_032,3,vessel_lumen,3,E:\camelyon16_project\data\review\iter5_hn_train_fp_components\normal_032\component_03\normal_032_c03_p03_prob1.000_x59776_y119552.png,E:\camelyon16_project\data\patches_iter6\train\normal\iter6_hn_normal_032_c03_r03_normal_032_c03_p03_prob1.000_x59776_y119552.png
normal_032,3,vessel_lumen,4,E:\camelyon16_project\data\review\iter5_hn_train_fp_components\normal_032\component_03\normal_032_c03_p04_prob1.000_x60032_y122112.png,E:\camelyon16_project\data\patches_iter6\train\normal\iter6_hn_normal_032_c03_r04_normal_032_c03_p04_prob1.000_x60032_y122112.png
normal_032,3,vessel_lumen,5,E:\camelyon16_project\data\review\iter5_hn_train_fp_components\normal_032\component_03\normal_032_c03_p05_prob1.000_x59648_y119680.png,E:\camelyon16_project\data\patches_iter6\train\normal\iter6_hn_normal_032_c03_r05_normal_032_c03_p05_prob1.000_x59648_y119680.png
normal_032,3,vessel_lumen,6,E:\camelyon16_project\data\review\iter5_hn_train_fp_components\normal_032\component_03\normal_032_c03_p06_prob1.000_x59648_y122112.png,E:\camelyon16_project\data\patches_iter6\train\normal\iter6_hn_normal_032_c03_r06_normal_032_c03_p06_prob1.000_x59648_y122112.png
normal_032,3,vessel_lumen,7,E:\camelyon16_project\data\review\iter5_hn_train_fp_components\normal_032\component_03\normal_032_c03_p07_prob1.000_x59648_y119424.png,E:\camelyon16_project\data\patches_iter6\train\normal\iter6_hn_normal_032_c03_r07_normal_032_c03_p07_prob1.000_x59648_y119424.png
normal_032,3,vessel_lumen,8,E:\camelyon16_project\data\review\iter5_hn_train_fp_components\normal_032\component_03\normal_032_c03_p08_prob1.000_x62080_y119552.png,E:\camelyon16_project\data\patches_iter6\train\normal\iter6_hn_normal_032_c03_r08_normal_032_c03_p08_prob1.000_x62080_y119552.png
normal_028,1,fibrosis_stroma_benign,1,E:\camelyon16_project\data\review\iter5_hn_train_fp_components\normal_028\component_01\normal_028_c01_p01_prob0.999_x60288_y120192.png,E:\camelyon16_project\data\patches_iter6\train\normal\iter6_hn_normal_028_c01_r01_normal_028_c01_p01_prob0.999_x60288_y120192.png
normal_028,1,fibrosis_stroma_benign,2,E:\camelyon16_project\data\review\iter5_hn_train_fp_components\normal_028\component_01\normal_028_c01_p02_prob0.999_x59264_y119936.png,E:\camelyon16_project\data\patches_iter6\train\normal\iter6_hn_normal_028_c01_r02_normal_028_c01_p02_prob0.999_x59264_y119936.png
normal_028,1,fibrosis_stroma_benign,3,E:\camelyon16_project\data\review\iter5_hn_train_fp_components\normal_028\component_01\normal_028_c01_p03_prob0.998_x59392_y119936.png,E:\camelyon16_project\data\patches_iter6\train\normal\iter6_hn_normal_028_c01_r03_normal_028_c01_p03_prob0.998_x59392_y119936.png
normal_028,1,fibrosis_stroma_benign,4,E:\camelyon16_project\data\review\iter5_hn_train_fp_components\normal_028\component_01\normal_028_c01_p04_prob0.998_x60416_y120192.png,E:\camelyon16_project\data\patches_iter6\train\normal\iter6_hn_normal_028_c01_r04_normal_028_c01_p04_prob0.998_x60416_y120192.png
normal_028,1,fibrosis_stroma_benign,5,E:\camelyon16_project\data\review\iter5_hn_train_fp_components\normal_028\component_01\normal_028_c01_p05_prob0.998_x60160_y120192.png,E:\camelyon16_project\data\patches_iter6\train\normal\iter6_hn_normal_028_c01_r05_normal_028_c01_p05_prob0.998_x60160_y120192.png
normal_028,1,fibrosis_stroma_benign,6,E:\camelyon16_project\data\review\iter5_hn_train_fp_components\normal_028\component_01\normal_028_c01_p06_prob0.996_x59776_y118784.png,E:\camelyon16_project\data\patches_iter6\train\normal\iter6_hn_normal_028_c01_r06_normal_028_c01_p06_prob0.996_x59776_y118784.png
normal_028,1,fibrosis_stroma_benign,7,E:\camelyon16_project\data\review\iter5_hn_train_fp_components\normal_028\component_01\normal_028_c01_p07_prob0.996_x60416_y118784.png,E:\camelyon16_project\data\patches_iter6\train\normal\iter6_hn_normal_028_c01_r07_normal_028_c01_p07_prob0.996_x60416_y118784.png
normal_028,1,fibrosis_stroma_benign,8,E:\camelyon16_project\data\review\iter5_hn_train_fp_components\normal_028\component_01\normal_028_c01_p08_prob0.995_x60032_y120576.png,E:\camelyon16_project\data\patches_iter6\train\normal\iter6_hn_normal_028_c01_r08_normal_028_c01_p08_prob0.995_x60032_y120576.png
normal_028,2,sinus_histiocytosis,1,E:\camelyon16_project\data\review\iter5_hn_train_fp_components\normal_028\component_02\normal_028_c02_p01_prob0.997_x59264_y151296.png,E:\camelyon16_project\data\patches_iter6\train\normal\iter6_hn_normal_028_c02_r01_normal_028_c02_p01_prob0.997_x59264_y151296.png
normal_028,2,sinus_histiocytosis,2,E:\camelyon16_project\data\review\iter5_hn_train_fp_components\normal_028\component_02\normal_028_c02_p02_prob0.996_x58880_y152576.png,E:\camelyon16_project\data\patches_iter6\train\normal\iter6_hn_normal_028_c02_r02_normal_028_c02_p02_prob0.996_x58880_y152576.png
normal_028,2,sinus_histiocytosis,3,E:\camelyon16_project\data\review\iter5_hn_train_fp_components\normal_028\component_02\normal_028_c02_p03_prob0.996_x59136_y151296.png,E:\camelyon16_project\data\patches_iter6\train\normal\iter6_hn_normal_028_c02_r03_normal_028_c02_p03_prob0.996_x59136_y151296.png
normal_028,2,sinus_histiocytosis,4,E:\camelyon16_project\data\review\iter5_hn_train_fp_components\normal_028\component_02\normal_028_c02_p04_prob0.995_x59008_y151424.png,E:\camelyon16_project\data\patches_iter6\train\normal\iter6_hn_normal_028_c02_r04_normal_028_c02_p04_prob0.995_x59008_y151424.png
normal_028,2,sinus_histiocytosis,5,E:\camelyon16_project\data\review\iter5_hn_train_fp_components\normal_028\component_02\normal_028_c02_p05_prob0.994_x57600_y150528.png,E:\camelyon16_project\data\patches_iter6\train\normal\iter6_hn_normal_028_c02_r05_normal_028_c02_p05_prob0.994_x57600_y150528.png
normal_028,2,sinus_histiocytosis,6,E:\camelyon16_project\data\review\iter5_hn_train_fp_components\normal_028\component_02\normal_028_c02_p06_prob0.993_x57472_y150528.png,E:\camelyon16_project\data\patches_iter6\train\normal\iter6_hn_normal_028_c02_r06_normal_028_c02_p06_prob0.993_x57472_y150528.png
normal_028,2,sinus_histiocytosis,7,E:\camelyon16_project\data\review\iter5_hn_train_fp_components\normal_028\component_02\normal_028_c02_p07_prob0.992_x58752_y149760.png,E:\camelyon16_project\data\patches_iter6\train\normal\iter6_hn_normal_028_c02_r07_normal_028_c02_p07_prob0.992_x58752_y149760.png
normal_028,2,sinus_histiocytosis,8,E:\camelyon16_project\data\review\iter5_hn_train_fp_components\normal_028\component_02\normal_028_c02_p08_prob0.991_x59008_y150528.png,E:\camelyon16_project\data\patches_iter6\train\normal\iter6_hn_normal_028_c02_r08_normal_028_c02_p08_prob0.991_x59008_y150528.png
normal_028,3,sinus_histiocytosis,1,E:\camelyon16_project\data\review\iter5_hn_train_fp_components\normal_028\component_03\normal_028_c03_p01_prob0.997_x56064_y150272.png,E:\camelyon16_project\data\patches_iter6\train\normal\iter6_hn_normal_028_c03_r01_normal_028_c03_p01_prob0.997_x56064_y150272.png
normal_028,3,sinus_histiocytosis,2,E:\camelyon16_project\data\review\iter5_hn_train_fp_components\normal_028\component_03\normal_028_c03_p02_prob0.996_x56192_y150272.png,E:\camelyon16_project\data\patches_iter6\train\normal\iter6_hn_normal_028_c03_r02_normal_028_c03_p02_prob0.996_x56192_y150272.png
normal_028,3,sinus_histiocytosis,3,E:\camelyon16_project\data\review\iter5_hn_train_fp_components\normal_028\component_03\normal_028_c03_p03_prob0.994_x56320_y150144.png,E:\camelyon16_project\data\patches_iter6\train\normal\iter6_hn_normal_028_c03_r03_normal_028_c03_p03_prob0.994_x56320_y150144.png
normal_028,3,sinus_histiocytosis,4,E:\camelyon16_project\data\review\iter5_hn_train_fp_components\normal_028\component_03\normal_028_c03_p04_prob0.991_x56320_y151296.png,E:\camelyon16_project\data\patches_iter6\train\normal\iter6_hn_normal_028_c03_r04_normal_028_c03_p04_prob0.991_x56320_y151296.png
normal_028,3,sinus_histiocytosis,5,E:\camelyon16_project\data\review\iter5_hn_train_fp_components\normal_028\component_03\normal_028_c03_p05_prob0.990_x55040_y151296.png,E:\camelyon16_project\data\patches_iter6\train\normal\iter6_hn_normal_028_c03_r05_normal_028_c03_p05_prob0.990_x55040_y151296.png
normal_028,3,sinus_histiocytosis,6,E:\camelyon16_project\data\review\iter5_hn_train_fp_components\normal_028\component_03\normal_028_c03_p06_prob0.989_x56064_y152448.png,E:\camelyon16_project\data\patches_iter6\train\normal\iter6_hn_normal_028_c03_r06_normal_028_c03_p06_prob0.989_x56064_y152448.png
normal_028,3,sinus_histiocytosis,7,E:\camelyon16_project\data\review\iter5_hn_train_fp_components\normal_028\component_03\normal_028_c03_p07_prob0.986_x55936_y150272.png,E:\camelyon16_project\data\patches_iter6\train\normal\iter6_hn_normal_028_c03_r07_normal_028_c03_p07_prob0.986_x55936_y150272.png
normal_028,3,sinus_histiocytosis,8,E:\camelyon16_project\data\review\iter5_hn_train_fp_components\normal_028\component_03\normal_028_c03_p08_prob0.986_x56320_y150016.png,E:\camelyon16_project\data\patches_iter6\train\normal\iter6_hn_normal_028_c03_r08_normal_028_c03_p08_prob0.986_x56320_y150016.png
normal_011,1,sinus_histiocytosis,1,E:\camelyon16_project\data\review\iter5_hn_train_fp_components\normal_011\component_01\normal_011_c01_p01_prob1.000_x54272_y81920.png,E:\camelyon16_project\data\patches_iter6\train\normal\iter6_hn_normal_011_c01_r01_normal_011_c01_p01_prob1.000_x54272_y81920.png
normal_011,1,sinus_histiocytosis,2,E:\camelyon16_project\data\review\iter5_hn_train_fp_components\normal_011\component_01\normal_011_c01_p02_prob1.000_x54272_y82048.png,E:\camelyon16_project\data\patches_iter6\train\normal\iter6_hn_normal_011_c01_r02_normal_011_c01_p02_prob1.000_x54272_y82048.png
normal_011,1,sinus_histiocytosis,3,E:\camelyon16_project\data\review\iter5_hn_train_fp_components\normal_011\component_01\normal_011_c01_p03_prob1.000_x53248_y82432.png,E:\camelyon16_project\data\patches_iter6\train\normal\iter6_hn_normal_011_c01_r03_normal_011_c01_p03_prob1.000_x53248_y82432.png
normal_011,1,sinus_histiocytosis,4,E:\camelyon16_project\data\review\iter5_hn_train_fp_components\normal_011\component_01\normal_011_c01_p04_prob1.000_x54144_y81920.png,E:\camelyon16_project\data\patches_iter6\train\normal\iter6_hn_normal_011_c01_r04_normal_011_c01_p04_prob1.000_x54144_y81920.png
normal_011,1,sinus_histiocytosis,5,E:\camelyon16_project\data\review\iter5_hn_train_fp_components\normal_011\component_01\normal_011_c01_p05_prob1.000_x54272_y81792.png,E:\camelyon16_project\data\patches_iter6\train\normal\iter6_hn_normal_011_c01_r05_normal_011_c01_p05_prob1.000_x54272_y81792.png
normal_011,1,sinus_histiocytosis,6,E:\camelyon16_project\data\review\iter5_hn_train_fp_components\normal_011\component_01\normal_011_c01_p06_prob1.000_x53248_y82560.png,E:\camelyon16_project\data\patches_iter6\train\normal\iter6_hn_normal_011_c01_r06_normal_011_c01_p06_prob1.000_x53248_y82560.png
normal_011,1,sinus_histiocytosis,7,E:\camelyon16_project\data\review\iter5_hn_train_fp_components\normal_011\component_01\normal_011_c01_p07_prob1.000_x54272_y82176.png,E:\camelyon16_project\data\patches_iter6\train\normal\iter6_hn_normal_011_c01_r07_normal_011_c01_p07_prob1.000_x54272_y82176.png
normal_011,1,sinus_histiocytosis,8,E:\camelyon16_project\data\review\iter5_hn_train_fp_components\normal_011\component_01\normal_011_c01_p08_prob0.999_x54400_y82304.png,E:\camelyon16_project\data\patches_iter6\train\normal\iter6_hn_normal_011_c01_r08_normal_011_c01_p08_prob0.999_x54400_y82304.png
normal_011,2,vessel_lumen,1,E:\camelyon16_project\data\review\iter5_hn_train_fp_components\normal_011\component_02\normal_011_c02_p01_prob1.000_x43392_y83328.png,E:\camelyon16_project\data\patches_iter6\train\normal\iter6_hn_normal_011_c02_r01_normal_011_c02_p01_prob1.000_x43392_y83328.png
normal_011,2,vessel_lumen,2,E:\camelyon16_project\data\review\iter5_hn_train_fp_components\normal_011\component_02\normal_011_c02_p02_prob1.000_x43008_y83200.png,E:\camelyon16_project\data\patches_iter6\train\normal\iter6_hn_normal_011_c02_r02_normal_011_c02_p02_prob1.000_x43008_y83200.png
normal_011,2,vessel_lumen,3,E:\camelyon16_project\data\review\iter5_hn_train_fp_components\normal_011\component_02\normal_011_c02_p03_prob1.000_x43008_y83328.png,E:\camelyon16_project\data\patches_iter6\train\normal\iter6_hn_normal_011_c02_r03_normal_011_c02_p03_prob1.000_x43008_y83328.png
normal_011,2,vessel_lumen,4,E:\camelyon16_project\data\review\iter5_hn_train_fp_components\normal_011\component_02\normal_011_c02_p04_prob1.000_x43520_y82560.png,E:\camelyon16_project\data\patches_iter6\train\normal\iter6_hn_normal_011_c02_r04_normal_011_c02_p04_prob1.000_x43520_y82560.png
normal_011,2,vessel_lumen,5,E:\camelyon16_project\data\review\iter5_hn_train_fp_components\normal_011\component_02\normal_011_c02_p05_prob1.000_x42880_y83328.png,E:\camelyon16_project\data\patches_iter6\train\normal\iter6_hn_normal_011_c02_r05_normal_011_c02_p05_prob1.000_x42880_y83328.png
normal_011,2,vessel_lumen,6,E:\camelyon16_project\data\review\iter5_hn_train_fp_components\normal_011\component_02\normal_011_c02_p06_prob1.000_x43520_y83328.png,E:\camelyon16_project\data\patches_iter6\train\normal\iter6_hn_normal_011_c02_r06_normal_011_c02_p06_prob1.000_x43520_y83328.png
normal_011,2,vessel_lumen,7,E:\camelyon16_project\data\review\iter5_hn_train_fp_components\normal_011\component_02\normal_011_c02_p07_prob1.000_x43520_y82944.png,E:\camelyon16_project\data\patches_iter6\train\normal\iter6_hn_normal_011_c02_r07_normal_011_c02_p07_prob1.000_x43520_y82944.png
normal_011,2,vessel_lumen,8,E:\camelyon16_project\data\review\iter5_hn_train_fp_components\normal_011\component_02\normal_011_c02_p08_prob1.000_x43392_y82688.png,E:\camelyon16_project\data\patches_iter6\train\normal\iter6_hn_normal_011_c02_r08_normal_011_c02_p08_prob1.000_x43392_y82688.png
normal_011,3,fibrosis_stroma_benign,1,E:\camelyon16_project\data\review\iter5_hn_train_fp_components\normal_011\component_03\normal_011_c03_p01_prob1.000_x47744_y86016.png,E:\camelyon16_project\data\patches_iter6\train\normal\iter6_hn_normal_011_c03_r01_normal_011_c03_p01_prob1.000_x47744_y86016.png
normal_011,3,fibrosis_stroma_benign,2,E:\camelyon16_project\data\review\iter5_hn_train_fp_components\normal_011\component_03\normal_011_c03_p02_prob0.999_x48640_y85888.png,E:\camelyon16_project\data\patches_iter6\train\normal\iter6_hn_normal_011_c03_r02_normal_011_c03_p02_prob0.999_x48640_y85888.png
normal_011,3,fibrosis_stroma_benign,3,E:\camelyon16_project\data\review\iter5_hn_train_fp_components\normal_011\component_03\normal_011_c03_p03_prob0.998_x47616_y85888.png,E:\camelyon16_project\data\patches_iter6\train\normal\iter6_hn_normal_011_c03_r03_normal_011_c03_p03_prob0.998_x47616_y85888.png
normal_011,3,fibrosis_stroma_benign,4,E:\camelyon16_project\data\review\iter5_hn_train_fp_components\normal_011\component_03\normal_011_c03_p04_prob0.998_x46336_y84992.png,E:\camelyon16_project\data\patches_iter6\train\normal\iter6_hn_normal_011_c03_r04_normal_011_c03_p04_prob0.998_x46336_y84992.png
normal_011,3,fibrosis_stroma_benign,5,E:\camelyon16_project\data\review\iter5_hn_train_fp_components\normal_011\component_03\normal_011_c03_p05_prob0.997_x46336_y85120.png,E:\camelyon16_project\data\patches_iter6\train\normal\iter6_hn_normal_011_c03_r05_normal_011_c03_p05_prob0.997_x46336_y85120.png
normal_011,3,fibrosis_stroma_benign,6,E:\camelyon16_project\data\review\iter5_hn_train_fp_components\normal_011\component_03\normal_011_c03_p06_prob0.997_x47232_y84224.png,E:\camelyon16_project\data\patches_iter6\train\normal\iter6_hn_normal_011_c03_r06_normal_011_c03_p06_prob0.997_x47232_y84224.png
normal_011,3,fibrosis_stroma_benign,7,E:\camelyon16_project\data\review\iter5_hn_train_fp_components\normal_011\component_03\normal_011_c03_p07_prob0.996_x45952_y85632.png,E:\camelyon16_project\data\patches_iter6\train\normal\iter6_hn_normal_011_c03_r07_normal_011_c03_p07_prob0.996_x45952_y85632.png
normal_011,3,fibrosis_stroma_benign,8,E:\camelyon16_project\data\review\iter5_hn_train_fp_components\normal_011\component_03\normal_011_c03_p08_prob0.995_x45824_y85632.png,E:\camelyon16_project\data\patches_iter6\train\normal\iter6_hn_normal_011_c03_r08_normal_011_c03_p08_prob0.995_x45824_y85632.png
