slide_id,label,split,split_reason,label_source,has_annotation,used_for_hard_mining,hard_mining_role,used_for_prior_wsi_exploration,all_roles,wsi_path,annotation_path,notes
normal_001,normal,train,used_for_hard_mining,prefix,no,yes,iter4_fp_hard_negative_review,yes,iter4_fp_hard_negative_review;prior_20_wsi_exploration,E:\camelyon16_project\data\wsi\normal_001.tif,,
normal_002,normal,train,used_for_hard_mining,prefix,no,yes,iter4_fp_hard_negative_review,yes,iter4_fp_hard_negative_review;prior_20_wsi_exploration,E:\camelyon16_project\data\wsi\normal_002.tif,,
normal_003,normal,train,used_for_hard_mining,prefix,no,yes,iter4_fp_hard_negative_review,yes,iter4_fp_hard_negative_review;prior_20_wsi_exploration,E:\camelyon16_project\data\wsi\normal_003.tif,,
normal_004,normal,train,used_for_hard_mining,prefix,no,yes,micro_fp_hard_negative_review,yes,micro_fp_hard_negative_review;prior_20_wsi_exploration,E:\camelyon16_project\data\wsi\normal_004.tif,,
normal_005,normal,train,used_for_hard_mining,prefix,no,yes,micro_fp_hard_negative_review,yes,micro_fp_hard_negative_review;prior_20_wsi_exploration,E:\camelyon16_project\data\wsi\normal_005.tif,,
normal_006,normal,train,used_for_hard_mining,prefix,no,yes,micro_fp_hard_negative_review,yes,micro_fp_hard_negative_review;prior_20_wsi_exploration,E:\camelyon16_project\data\wsi\normal_006.tif,,
normal_007,normal,train,used_for_hard_mining,prefix,no,yes,micro_fp_hard_negative_review,yes,micro_fp_hard_negative_review;prior_20_wsi_exploration,E:\camelyon16_project\data\wsi\normal_007.tif,,
normal_008,normal,train,used_for_hard_mining,prefix,no,yes,iter4_fp_hard_negative_review;micro_fp_hard_negative_review,yes,iter4_fp_hard_negative_review;micro_fp_hard_negative_review;prior_20_wsi_exploration,E:\camelyon16_project\data\wsi\normal_008.tif,,
normal_009,normal,train,used_for_hard_mining,prefix,no,yes,iter4_fp_hard_negative_review;micro_fp_hard_negative_review,yes,iter4_fp_hard_negative_review;micro_fp_hard_negative_review;prior_20_wsi_exploration,E:\camelyon16_project\data\wsi\normal_009.tif,,
normal_010,normal,train,used_for_hard_mining,prefix,no,yes,iter4_fp_hard_negative_review;micro_fp_hard_negative_review,yes,iter4_fp_hard_negative_review;micro_fp_hard_negative_review;prior_20_wsi_exploration,E:\camelyon16_project\data\wsi\normal_010.tif,,
normal_011,normal,train,used_for_hard_mining,prefix,no,yes,iter6_fp_hard_negative_review,yes,iter6_fp_hard_negative_review;iter5_wsi_hard_negative_screen,E:\camelyon16_project\data\wsi\normal_011.tif,,Reviewed iter5 FP components used to prepare iter6
normal_012,normal,val,stratified_slide_level_validation,prefix,no,no,,no,,E:\camelyon16_project\data\wsi\normal_012.tif,,
normal_013,normal,train,stratified_slide_level_training,prefix,no,no,,no,,E:\camelyon16_project\data\wsi\normal_013.tif,,
normal_014,normal,train,stratified_slide_level_training,prefix,no,no,,no,,E:\camelyon16_project\data\wsi\normal_014.tif,,
normal_015,normal,train,stratified_slide_level_training,prefix,no,no,,no,,E:\camelyon16_project\data\wsi\normal_015.tif,,
normal_016,normal,train,stratified_slide_level_training,prefix,no,no,,no,,E:\camelyon16_project\data\wsi\normal_016.tif,,
normal_017,normal,train,stratified_slide_level_training,prefix,no,no,,no,,E:\camelyon16_project\data\wsi\normal_017.tif,,
normal_018,normal,train,stratified_slide_level_training,prefix,no,no,,no,,E:\camelyon16_project\data\wsi\normal_018.tif,,
normal_019,normal,train,stratified_slide_level_training,prefix,no,no,,no,,E:\camelyon16_project\data\wsi\normal_019.tif,,
normal_020,normal,train,stratified_slide_level_training,prefix,no,no,,no,,E:\camelyon16_project\data\wsi\normal_020.tif,,
normal_021,normal,train,stratified_slide_level_training,prefix,no,no,,no,,E:\camelyon16_project\data\wsi\normal_021.tif,,
normal_022,normal,train,used_for_hard_mining,prefix,no,yes,iter6_fp_hard_negative_review,yes,iter6_fp_hard_negative_review;iter5_wsi_hard_negative_screen,E:\camelyon16_project\data\wsi\normal_022.tif,,Reviewed iter5 FP components used to prepare iter6
normal_023,normal,train,stratified_slide_level_training,prefix,no,no,,no,,E:\camelyon16_project\data\wsi\normal_023.tif,,
normal_024,normal,train,stratified_slide_level_training,prefix,no,no,,no,,E:\camelyon16_project\data\wsi\normal_024.tif,,
normal_025,normal,train,used_for_hard_mining,prefix,no,yes,iter6_fp_hard_negative_review,yes,iter6_fp_hard_negative_review;iter5_wsi_hard_negative_screen,E:\camelyon16_project\data\wsi\normal_025.tif,,Reviewed iter5 FP components used to prepare iter6
normal_026,normal,train,stratified_slide_level_training,prefix,no,no,,no,,E:\camelyon16_project\data\wsi\normal_026.tif,,
normal_027,normal,train,stratified_slide_level_training,prefix,no,no,,no,,E:\camelyon16_project\data\wsi\normal_027.tif,,
normal_028,normal,train,used_for_hard_mining,prefix,no,yes,iter6_fp_hard_negative_review,yes,iter6_fp_hard_negative_review;iter5_wsi_hard_negative_screen,E:\camelyon16_project\data\wsi\normal_028.tif,,Reviewed iter5 FP components used to prepare iter6
normal_029,normal,val,stratified_slide_level_validation,prefix,no,no,,no,,E:\camelyon16_project\data\wsi\normal_029.tif,,
normal_030,normal,train,stratified_slide_level_training,prefix,no,no,,no,,E:\camelyon16_project\data\wsi\normal_030.tif,,
normal_031,normal,train,stratified_slide_level_training,prefix,no,no,,no,,E:\camelyon16_project\data\wsi\normal_031.tif,,
normal_032,normal,train,used_for_hard_mining,prefix,no,yes,iter6_fp_hard_negative_review,yes,iter6_fp_hard_negative_review;iter5_wsi_hard_negative_screen,E:\camelyon16_project\data\wsi\normal_032.tif,,Reviewed iter5 FP components used to prepare iter6
normal_033,normal,train,stratified_slide_level_training,prefix,no,no,,no,,E:\camelyon16_project\data\wsi\normal_033.tif,,
normal_034,normal,train,stratified_slide_level_training,prefix,no,no,,no,,E:\camelyon16_project\data\wsi\normal_034.tif,,
normal_035,normal,train,stratified_slide_level_training,prefix,no,no,,no,,E:\camelyon16_project\data\wsi\normal_035.tif,,
normal_036,normal,train,stratified_slide_level_training,prefix,no,yes,iter8_consensus_hard_negative,no,iter8_consensus_hard_negative,E:\camelyon16_project\data\wsi\normal_036.tif,,
normal_037,normal,train,stratified_slide_level_training,prefix,no,no,,no,,E:\camelyon16_project\data\wsi\normal_037.tif,,
normal_038,normal,train,stratified_slide_level_training,prefix,no,yes,iter8_consensus_hard_negative,no,iter8_consensus_hard_negative,E:\camelyon16_project\data\wsi\normal_038.tif,,
normal_039,normal,train,stratified_slide_level_training,prefix,no,no,,no,,E:\camelyon16_project\data\wsi\normal_039.tif,,
normal_040,normal,train,stratified_slide_level_training,prefix,no,no,,no,,E:\camelyon16_project\data\wsi\normal_040.tif,,
normal_041,normal,val,stratified_slide_level_validation,prefix,no,no,,no,,E:\camelyon16_project\data\wsi\normal_041.tif,,
normal_042,normal,train,stratified_slide_level_training,prefix,no,no,,no,,E:\camelyon16_project\data\wsi\normal_042.tif,,
normal_043,normal,val,stratified_slide_level_validation,prefix,no,no,,no,,E:\camelyon16_project\data\wsi\normal_043.tif,,
normal_044,normal,train,stratified_slide_level_training,prefix,no,no,,no,,E:\camelyon16_project\data\wsi\normal_044.tif,,
normal_045,normal,train,stratified_slide_level_training,prefix,no,yes,iter8_consensus_hard_negative,no,iter8_consensus_hard_negative,E:\camelyon16_project\data\wsi\normal_045.tif,,
normal_046,normal,train,stratified_slide_level_training,prefix,no,no,,no,,E:\camelyon16_project\data\wsi\normal_046.tif,,
normal_047,normal,train,stratified_slide_level_training,prefix,no,no,,no,,E:\camelyon16_project\data\wsi\normal_047.tif,,
normal_048,normal,train,stratified_slide_level_training,prefix,no,yes,iter8_consensus_hard_negative,no,iter8_consensus_hard_negative,E:\camelyon16_project\data\wsi\normal_048.tif,,
normal_049,normal,val,stratified_slide_level_validation,prefix,no,no,,no,,E:\camelyon16_project\data\wsi\normal_049.tif,,
normal_050,normal,train,stratified_slide_level_training,prefix,no,no,,no,,E:\camelyon16_project\data\wsi\normal_050.tif,,
normal_051,normal,train,stratified_slide_level_training,prefix,no,no,,no,,E:\camelyon16_project\data\wsi\normal_051.tif,,
normal_052,normal,train,stratified_slide_level_training,prefix,no,yes,iter8_consensus_hard_negative,no,iter8_consensus_hard_negative,E:\camelyon16_project\data\wsi\normal_052.tif,,
normal_053,normal,val,stratified_slide_level_validation,prefix,no,no,,no,,E:\camelyon16_project\data\wsi\normal_053.tif,,
normal_054,normal,train,stratified_slide_level_training,prefix,no,no,,no,,E:\camelyon16_project\data\wsi\normal_054.tif,,
normal_055,normal,train,stratified_slide_level_training,prefix,no,yes,iter8_consensus_hard_negative,no,iter8_consensus_hard_negative,E:\camelyon16_project\data\wsi\normal_055.tif,,
normal_056,normal,train,stratified_slide_level_training,prefix,no,no,,no,,E:\camelyon16_project\data\wsi\normal_056.tif,,
normal_057,normal,train,stratified_slide_level_training,prefix,no,no,,no,,E:\camelyon16_project\data\wsi\normal_057.tif,,
normal_058,normal,train,stratified_slide_level_training,prefix,no,no,,no,,E:\camelyon16_project\data\wsi\normal_058.tif,,
normal_059,normal,train,stratified_slide_level_training,prefix,no,no,,no,,E:\camelyon16_project\data\wsi\normal_059.tif,,
normal_060,normal,train,stratified_slide_level_training,prefix,no,no,,no,,E:\camelyon16_project\data\wsi\normal_060.tif,,
normal_061,normal,train,stratified_slide_level_training,prefix,no,no,,no,,E:\camelyon16_project\data\wsi\normal_061.tif,,
normal_062,normal,val,stratified_slide_level_validation,prefix,no,no,,no,,E:\camelyon16_project\data\wsi\normal_062.tif,,
normal_063,normal,val,stratified_slide_level_validation,prefix,no,no,,no,,E:\camelyon16_project\data\wsi\normal_063.tif,,
normal_064,normal,train,stratified_slide_level_training,prefix,no,no,,no,,E:\camelyon16_project\data\wsi\normal_064.tif,,
normal_065,normal,train,stratified_slide_level_training,prefix,no,no,,no,,E:\camelyon16_project\data\wsi\normal_065.tif,,
normal_066,normal,train,stratified_slide_level_training,prefix,no,no,,no,,E:\camelyon16_project\data\wsi\normal_066.tif,,
normal_067,normal,train,stratified_slide_level_training,prefix,no,yes,iter8_consensus_hard_negative,no,iter8_consensus_hard_negative,E:\camelyon16_project\data\wsi\normal_067.tif,,
normal_068,normal,train,stratified_slide_level_training,prefix,no,no,,no,,E:\camelyon16_project\data\wsi\normal_068.tif,,
normal_069,normal,train,stratified_slide_level_training,prefix,no,no,,no,,E:\camelyon16_project\data\wsi\normal_069.tif,,
normal_070,normal,train,stratified_slide_level_training,prefix,no,yes,iter8_consensus_hard_negative,no,iter8_consensus_hard_negative,E:\camelyon16_project\data\wsi\normal_070.tif,,
normal_071,normal,train,stratified_slide_level_training,prefix,no,no,,no,,E:\camelyon16_project\data\wsi\normal_071.tif,,
normal_072,normal,val,stratified_slide_level_validation,prefix,no,no,,no,,E:\camelyon16_project\data\wsi\normal_072.tif,,
normal_073,normal,train,stratified_slide_level_training,prefix,no,no,,no,,E:\camelyon16_project\data\wsi\normal_073.tif,,
normal_074,normal,val,stratified_slide_level_validation,prefix,no,no,,no,,E:\camelyon16_project\data\wsi\normal_074.tif,,
normal_075,normal,train,stratified_slide_level_training,prefix,no,no,,no,,E:\camelyon16_project\data\wsi\normal_075.tif,,
normal_076,normal,train,stratified_slide_level_training,prefix,no,no,,no,,E:\camelyon16_project\data\wsi\normal_076.tif,,
normal_077,normal,train,stratified_slide_level_training,prefix,no,yes,iter8_consensus_hard_negative,no,iter8_consensus_hard_negative,E:\camelyon16_project\data\wsi\normal_077.tif,,
normal_078,normal,train,stratified_slide_level_training,prefix,no,no,,no,,E:\camelyon16_project\data\wsi\normal_078.tif,,
normal_079,normal,train,stratified_slide_level_training,prefix,no,no,,no,,E:\camelyon16_project\data\wsi\normal_079.tif,,
normal_080,normal,train,stratified_slide_level_training,prefix,no,yes,iter8_consensus_hard_negative,no,iter8_consensus_hard_negative,E:\camelyon16_project\data\wsi\normal_080.tif,,
normal_081,normal,train,stratified_slide_level_training,prefix,no,no,,no,,E:\camelyon16_project\data\wsi\normal_081.tif,,
normal_082,normal,val,stratified_slide_level_validation,prefix,no,no,,no,,E:\camelyon16_project\data\wsi\normal_082.tif,,
normal_083,normal,train,stratified_slide_level_training,prefix,no,no,,no,,E:\camelyon16_project\data\wsi\normal_083.tif,,
normal_084,normal,train,stratified_slide_level_training,prefix,no,no,,no,,E:\camelyon16_project\data\wsi\normal_084.tif,,
normal_085,normal,train,stratified_slide_level_training,prefix,no,no,,no,,E:\camelyon16_project\data\wsi\normal_085.tif,,
normal_087,normal,train,stratified_slide_level_training,prefix,no,yes,iter8_consensus_hard_negative,no,iter8_consensus_hard_negative,E:\camelyon16_project\data\wsi\normal_087.tif,,
normal_088,normal,train,stratified_slide_level_training,prefix,no,no,,no,,E:\camelyon16_project\data\wsi\normal_088.tif,,
normal_089,normal,train,stratified_slide_level_training,prefix,no,yes,iter8_consensus_hard_negative,no,iter8_consensus_hard_negative,E:\camelyon16_project\data\wsi\normal_089.tif,,
normal_090,normal,train,stratified_slide_level_training,prefix,no,no,,no,,E:\camelyon16_project\data\wsi\normal_090.tif,,
normal_091,normal,train,stratified_slide_level_training,prefix,no,no,,no,,E:\camelyon16_project\data\wsi\normal_091.tif,,
normal_092,normal,train,stratified_slide_level_training,prefix,no,no,,no,,E:\camelyon16_project\data\wsi\normal_092.tif,,
normal_093,normal,val,stratified_slide_level_validation,prefix,no,no,,no,,E:\camelyon16_project\data\wsi\normal_093.tif,,
normal_094,normal,val,stratified_slide_level_validation,prefix,no,no,,no,,E:\camelyon16_project\data\wsi\normal_094.tif,,
normal_095,normal,train,stratified_slide_level_training,prefix,no,no,,no,,E:\camelyon16_project\data\wsi\normal_095.tif,,
normal_096,normal,train,stratified_slide_level_training,prefix,no,yes,iter8_consensus_hard_negative,no,iter8_consensus_hard_negative,E:\camelyon16_project\data\wsi\normal_096.tif,,
normal_097,normal,val,stratified_slide_level_validation,prefix,no,no,,no,,E:\camelyon16_project\data\wsi\normal_097.tif,,
normal_098,normal,train,stratified_slide_level_training,prefix,no,no,,no,,E:\camelyon16_project\data\wsi\normal_098.tif,,
normal_099,normal,val,stratified_slide_level_validation,prefix,no,no,,no,,E:\camelyon16_project\data\wsi\normal_099.tif,,
normal_100,normal,val,stratified_slide_level_validation,prefix,no,no,,no,,E:\camelyon16_project\data\wsi\normal_100.tif,,
normal_101,normal,train,stratified_slide_level_training,prefix,no,no,,no,,E:\camelyon16_project\data\wsi\normal_101.tif,,
normal_102,normal,val,stratified_slide_level_validation,prefix,no,no,,no,,E:\camelyon16_project\data\wsi\normal_102.tif,,
normal_103,normal,train,stratified_slide_level_training,prefix,no,yes,iter8_consensus_hard_negative,no,iter8_consensus_hard_negative,E:\camelyon16_project\data\wsi\normal_103.tif,,
normal_104,normal,train,stratified_slide_level_training,prefix,no,no,,no,,E:\camelyon16_project\data\wsi\normal_104.tif,,
normal_105,normal,train,stratified_slide_level_training,prefix,no,no,,no,,E:\camelyon16_project\data\wsi\normal_105.tif,,
normal_106,normal,train,stratified_slide_level_training,prefix,no,yes,iter8_consensus_hard_negative,no,iter8_consensus_hard_negative,E:\camelyon16_project\data\wsi\normal_106.tif,,
normal_107,normal,train,stratified_slide_level_training,prefix,no,no,,no,,E:\camelyon16_project\data\wsi\normal_107.tif,,
normal_108,normal,train,stratified_slide_level_training,prefix,no,yes,iter8_consensus_hard_negative,no,iter8_consensus_hard_negative,E:\camelyon16_project\data\wsi\normal_108.tif,,
normal_109,normal,train,stratified_slide_level_training,prefix,no,no,,no,,E:\camelyon16_project\data\wsi\normal_109.tif,,
normal_110,normal,train,stratified_slide_level_training,prefix,no,no,,no,,E:\camelyon16_project\data\wsi\normal_110.tif,,
normal_111,normal,train,stratified_slide_level_training,prefix,no,yes,iter8_consensus_hard_negative,no,iter8_consensus_hard_negative,E:\camelyon16_project\data\wsi\normal_111.tif,,
normal_112,normal,train,stratified_slide_level_training,prefix,no,no,,no,,E:\camelyon16_project\data\wsi\normal_112.tif,,
normal_113,normal,val,stratified_slide_level_validation,prefix,no,no,,no,,E:\camelyon16_project\data\wsi\normal_113.tif,,
normal_114,normal,train,stratified_slide_level_training,prefix,no,yes,iter8_consensus_hard_negative,no,iter8_consensus_hard_negative,E:\camelyon16_project\data\wsi\normal_114.tif,,
normal_115,normal,train,stratified_slide_level_training,prefix,no,no,,no,,E:\camelyon16_project\data\wsi\normal_115.tif,,
normal_116,normal,train,stratified_slide_level_training,prefix,no,no,,no,,E:\camelyon16_project\data\wsi\normal_116.tif,,
normal_117,normal,train,stratified_slide_level_training,prefix,no,yes,iter8_consensus_hard_negative,no,iter8_consensus_hard_negative,E:\camelyon16_project\data\wsi\normal_117.tif,,
normal_118,normal,train,stratified_slide_level_training,prefix,no,no,,no,,E:\camelyon16_project\data\wsi\normal_118.tif,,
normal_119,normal,train,stratified_slide_level_training,prefix,no,yes,iter8_consensus_hard_negative,no,iter8_consensus_hard_negative,E:\camelyon16_project\data\wsi\normal_119.tif,,
normal_120,normal,train,stratified_slide_level_training,prefix,no,no,,no,,E:\camelyon16_project\data\wsi\normal_120.tif,,
normal_121,normal,train,stratified_slide_level_training,prefix,no,no,,no,,E:\camelyon16_project\data\wsi\normal_121.tif,,
normal_122,normal,val,stratified_slide_level_validation,prefix,no,no,,no,,E:\camelyon16_project\data\wsi\normal_122.tif,,
normal_123,normal,train,stratified_slide_level_training,prefix,no,yes,iter8_consensus_hard_negative,no,iter8_consensus_hard_negative,E:\camelyon16_project\data\wsi\normal_123.tif,,
normal_124,normal,val,stratified_slide_level_validation,prefix,no,no,,no,,E:\camelyon16_project\data\wsi\normal_124.tif,,
normal_125,normal,train,stratified_slide_level_training,prefix,no,no,,no,,E:\camelyon16_project\data\wsi\normal_125.tif,,
normal_126,normal,train,stratified_slide_level_training,prefix,no,yes,iter8_consensus_hard_negative,no,iter8_consensus_hard_negative,E:\camelyon16_project\data\wsi\normal_126.tif,,
normal_127,normal,train,stratified_slide_level_training,prefix,no,no,,no,,E:\camelyon16_project\data\wsi\normal_127.tif,,
normal_128,normal,train,stratified_slide_level_training,prefix,no,no,,no,,E:\camelyon16_project\data\wsi\normal_128.tif,,
normal_129,normal,train,stratified_slide_level_training,prefix,no,yes,iter8_consensus_hard_negative,no,iter8_consensus_hard_negative,E:\camelyon16_project\data\wsi\normal_129.tif,,
normal_130,normal,train,stratified_slide_level_training,prefix,no,no,,no,,E:\camelyon16_project\data\wsi\normal_130.tif,,
normal_131,normal,train,stratified_slide_level_training,prefix,no,no,,no,,E:\camelyon16_project\data\wsi\normal_131.tif,,
normal_132,normal,val,stratified_slide_level_validation,prefix,no,no,,no,,E:\camelyon16_project\data\wsi\normal_132.tif,,
normal_133,normal,train,stratified_slide_level_training,prefix,no,yes,iter8_consensus_hard_negative,no,iter8_consensus_hard_negative,E:\camelyon16_project\data\wsi\normal_133.tif,,
normal_134,normal,train,stratified_slide_level_training,prefix,no,no,,no,,E:\camelyon16_project\data\wsi\normal_134.tif,,
normal_135,normal,train,stratified_slide_level_training,prefix,no,yes,iter8_consensus_hard_negative,no,iter8_consensus_hard_negative,E:\camelyon16_project\data\wsi\normal_135.tif,,
normal_136,normal,val,stratified_slide_level_validation,prefix,no,no,,no,,E:\camelyon16_project\data\wsi\normal_136.tif,,
normal_137,normal,val,stratified_slide_level_validation,prefix,no,no,,no,,E:\camelyon16_project\data\wsi\normal_137.tif,,
normal_138,normal,val,stratified_slide_level_validation,prefix,no,no,,no,,E:\camelyon16_project\data\wsi\normal_138.tif,,
normal_139,normal,train,stratified_slide_level_training,prefix,no,no,,no,,E:\camelyon16_project\data\wsi\normal_139.tif,,
normal_140,normal,val,stratified_slide_level_validation,prefix,no,no,,no,,E:\camelyon16_project\data\wsi\normal_140.tif,,
normal_141,normal,train,stratified_slide_level_training,prefix,no,no,,no,,E:\camelyon16_project\data\wsi\normal_141.tif,,
normal_142,normal,val,stratified_slide_level_validation,prefix,no,no,,no,,E:\camelyon16_project\data\wsi\normal_142.tif,,
normal_143,normal,train,stratified_slide_level_training,prefix,no,yes,iter8_consensus_hard_negative,no,iter8_consensus_hard_negative,E:\camelyon16_project\data\wsi\normal_143.tif,,
normal_144,normal,train,stratified_slide_level_training,prefix,no,no,,no,,E:\camelyon16_project\data\wsi\normal_144.tif,,
normal_145,normal,val,stratified_slide_level_validation,prefix,no,no,,no,,E:\camelyon16_project\data\wsi\normal_145.tif,,
normal_146,normal,train,stratified_slide_level_training,prefix,no,yes,iter8_consensus_hard_negative,no,iter8_consensus_hard_negative,E:\camelyon16_project\data\wsi\normal_146.tif,,
normal_147,normal,train,stratified_slide_level_training,prefix,no,no,,no,,E:\camelyon16_project\data\wsi\normal_147.tif,,
normal_148,normal,train,stratified_slide_level_training,prefix,no,no,,no,,E:\camelyon16_project\data\wsi\normal_148.tif,,
normal_149,normal,val,stratified_slide_level_validation,prefix,no,no,,no,,E:\camelyon16_project\data\wsi\normal_149.tif,,
normal_150,normal,train,stratified_slide_level_training,prefix,no,yes,iter8_consensus_hard_negative,no,iter8_consensus_hard_negative,E:\camelyon16_project\data\wsi\normal_150.tif,,
normal_151,normal,train,stratified_slide_level_training,prefix,no,no,,no,,E:\camelyon16_project\data\wsi\normal_151.tif,,
normal_152,normal,train,stratified_slide_level_training,prefix,no,yes,iter8_consensus_hard_negative,no,iter8_consensus_hard_negative,E:\camelyon16_project\data\wsi\normal_152.tif,,
normal_153,normal,val,stratified_slide_level_validation,prefix,no,no,,no,,E:\camelyon16_project\data\wsi\normal_153.tif,,
normal_154,normal,train,stratified_slide_level_training,prefix,no,no,,no,,E:\camelyon16_project\data\wsi\normal_154.tif,,
normal_155,normal,train,stratified_slide_level_training,prefix,no,no,,no,,E:\camelyon16_project\data\wsi\normal_155.tif,,
normal_156,normal,train,stratified_slide_level_training,prefix,no,yes,iter8_consensus_hard_negative,no,iter8_consensus_hard_negative,E:\camelyon16_project\data\wsi\normal_156.tif,,
test_003,normal,test_final,official_test_set_not_used_for_hard_mining,test_no_xml_assumed_normal,no,no,,no,,E:\camelyon16_project\data\wsi\test_003.tif,,
test_004,tumor,test_final,official_test_set_not_used_for_hard_mining,test_xml_present,yes,no,,no,,E:\camelyon16_project\data\wsi\test_004.tif,E:\camelyon16_project\data\annotations\test_004.xml,
test_005,normal,test_final,official_test_set_not_used_for_hard_mining,test_no_xml_assumed_normal,no,no,,no,,E:\camelyon16_project\data\wsi\test_005.tif,,
test_006,normal,test_final,official_test_set_not_used_for_hard_mining,test_no_xml_assumed_normal,no,no,,no,,E:\camelyon16_project\data\wsi\test_006.tif,,
test_007,normal,test_final,official_test_set_not_used_for_hard_mining,test_no_xml_assumed_normal,no,no,,no,,E:\camelyon16_project\data\wsi\test_007.tif,,
test_008,tumor,test_final,official_test_set_not_used_for_hard_mining,test_xml_present,yes,no,,no,,E:\camelyon16_project\data\wsi\test_008.tif,E:\camelyon16_project\data\annotations\test_008.xml,
test_009,normal,test_final,official_test_set_not_used_for_hard_mining,test_no_xml_assumed_normal,no,no,,no,,E:\camelyon16_project\data\wsi\test_009.tif,,
test_010,tumor,test_final,official_test_set_not_used_for_hard_mining,test_xml_present,yes,no,,no,,E:\camelyon16_project\data\wsi\test_010.tif,E:\camelyon16_project\data\annotations\test_010.xml,
test_011,tumor,test_final,official_test_set_not_used_for_hard_mining,test_xml_present,yes,no,,no,,E:\camelyon16_project\data\wsi\test_011.tif,E:\camelyon16_project\data\annotations\test_011.xml,
test_012,normal,test_final,official_test_set_not_used_for_hard_mining,test_no_xml_assumed_normal,no,no,,no,,E:\camelyon16_project\data\wsi\test_012.tif,,
test_013,tumor,test_final,official_test_set_not_used_for_hard_mining,test_xml_present,yes,no,,no,,E:\camelyon16_project\data\wsi\test_013.tif,E:\camelyon16_project\data\annotations\test_013.xml,
test_014,normal,test_final,official_test_set_not_used_for_hard_mining,test_no_xml_assumed_normal,no,no,,no,,E:\camelyon16_project\data\wsi\test_014.tif,,
test_015,normal,test_final,official_test_set_not_used_for_hard_mining,test_no_xml_assumed_normal,no,no,,no,,E:\camelyon16_project\data\wsi\test_015.tif,,
test_016,tumor,test_final,official_test_set_not_used_for_hard_mining,test_xml_present,yes,no,,no,,E:\camelyon16_project\data\wsi\test_016.tif,E:\camelyon16_project\data\annotations\test_016.xml,
test_017,normal,test_final,official_test_set_not_used_for_hard_mining,test_no_xml_assumed_normal,no,no,,no,,E:\camelyon16_project\data\wsi\test_017.tif,,
test_018,normal,test_final,official_test_set_not_used_for_hard_mining,test_no_xml_assumed_normal,no,no,,no,,E:\camelyon16_project\data\wsi\test_018.tif,,
test_019,normal,test_final,official_test_set_not_used_for_hard_mining,test_no_xml_assumed_normal,no,no,,no,,E:\camelyon16_project\data\wsi\test_019.tif,,
test_020,normal,test_final,official_test_set_not_used_for_hard_mining,test_no_xml_assumed_normal,no,no,,no,,E:\camelyon16_project\data\wsi\test_020.tif,,
test_021,tumor,test_final,official_test_set_not_used_for_hard_mining,test_xml_present,yes,no,,no,,E:\camelyon16_project\data\wsi\test_021.tif,E:\camelyon16_project\data\annotations\test_021.xml,
test_022,normal,test_final,official_test_set_not_used_for_hard_mining,test_no_xml_assumed_normal,no,no,,no,,E:\camelyon16_project\data\wsi\test_022.tif,,
test_023,normal,test_final,official_test_set_not_used_for_hard_mining,test_no_xml_assumed_normal,no,no,,no,,E:\camelyon16_project\data\wsi\test_023.tif,,
test_024,normal,test_final,official_test_set_not_used_for_hard_mining,test_no_xml_assumed_normal,no,no,,no,,E:\camelyon16_project\data\wsi\test_024.tif,,
test_025,normal,test_final,official_test_set_not_used_for_hard_mining,test_no_xml_assumed_normal,no,no,,no,,E:\camelyon16_project\data\wsi\test_025.tif,,
test_026,tumor,test_final,official_test_set_not_used_for_hard_mining,test_xml_present,yes,no,,no,,E:\camelyon16_project\data\wsi\test_026.tif,E:\camelyon16_project\data\annotations\test_026.xml,
test_027,tumor,test_final,official_test_set_not_used_for_hard_mining,test_xml_present,yes,no,,no,,E:\camelyon16_project\data\wsi\test_027.tif,E:\camelyon16_project\data\annotations\test_027.xml,
test_028,normal,test_final,official_test_set_not_used_for_hard_mining,test_no_xml_assumed_normal,no,no,,no,,E:\camelyon16_project\data\wsi\test_028.tif,,
test_029,tumor,test_final,official_test_set_not_used_for_hard_mining,test_xml_present,yes,no,,no,,E:\camelyon16_project\data\wsi\test_029.tif,E:\camelyon16_project\data\annotations\test_029.xml,
test_030,tumor,test_final,official_test_set_not_used_for_hard_mining,test_xml_present,yes,no,,no,,E:\camelyon16_project\data\wsi\test_030.tif,E:\camelyon16_project\data\annotations\test_030.xml,
test_031,normal,test_final,official_test_set_not_used_for_hard_mining,test_no_xml_assumed_normal,no,no,,no,,E:\camelyon16_project\data\wsi\test_031.tif,,
test_032,normal,test_final,official_test_set_not_used_for_hard_mining,test_no_xml_assumed_normal,no,no,,no,,E:\camelyon16_project\data\wsi\test_032.tif,,
test_033,tumor,test_final,official_test_set_not_used_for_hard_mining,test_xml_present,yes,no,,no,,E:\camelyon16_project\data\wsi\test_033.tif,E:\camelyon16_project\data\annotations\test_033.xml,
test_034,normal,test_final,official_test_set_not_used_for_hard_mining,test_no_xml_assumed_normal,no,no,,no,,E:\camelyon16_project\data\wsi\test_034.tif,,
test_035,normal,test_final,official_test_set_not_used_for_hard_mining,test_no_xml_assumed_normal,no,no,,no,,E:\camelyon16_project\data\wsi\test_035.tif,,
test_036,normal,test_final,official_test_set_not_used_for_hard_mining,test_no_xml_assumed_normal,no,no,,no,,E:\camelyon16_project\data\wsi\test_036.tif,,
test_037,normal,test_final,official_test_set_not_used_for_hard_mining,test_no_xml_assumed_normal,no,no,,no,,E:\camelyon16_project\data\wsi\test_037.tif,,
test_038,tumor,test_final,official_test_set_not_used_for_hard_mining,test_xml_present,yes,no,,no,,E:\camelyon16_project\data\wsi\test_038.tif,E:\camelyon16_project\data\annotations\test_038.xml,
test_039,normal,test_final,official_test_set_not_used_for_hard_mining,test_no_xml_assumed_normal,no,no,,no,,E:\camelyon16_project\data\wsi\test_039.tif,,
test_040,tumor,test_final,official_test_set_not_used_for_hard_mining,test_xml_present,yes,no,,no,,E:\camelyon16_project\data\wsi\test_040.tif,E:\camelyon16_project\data\annotations\test_040.xml,
test_041,normal,test_final,official_test_set_not_used_for_hard_mining,test_no_xml_assumed_normal,no,no,,no,,E:\camelyon16_project\data\wsi\test_041.tif,,
test_042,normal,test_final,official_test_set_not_used_for_hard_mining,test_no_xml_assumed_normal,no,no,,no,,E:\camelyon16_project\data\wsi\test_042.tif,,
test_043,normal,test_final,official_test_set_not_used_for_hard_mining,test_no_xml_assumed_normal,no,no,,no,,E:\camelyon16_project\data\wsi\test_043.tif,,
test_044,normal,test_final,official_test_set_not_used_for_hard_mining,test_no_xml_assumed_normal,no,no,,no,,E:\camelyon16_project\data\wsi\test_044.tif,,
test_045,normal,test_final,official_test_set_not_used_for_hard_mining,test_no_xml_assumed_normal,no,no,,no,,E:\camelyon16_project\data\wsi\test_045.tif,,
test_046,tumor,test_final,official_test_set_not_used_for_hard_mining,test_xml_present,yes,no,,no,,E:\camelyon16_project\data\wsi\test_046.tif,E:\camelyon16_project\data\annotations\test_046.xml,
test_047,normal,test_final,official_test_set_not_used_for_hard_mining,test_no_xml_assumed_normal,no,no,,no,,E:\camelyon16_project\data\wsi\test_047.tif,,
test_048,tumor,test_final,official_test_set_not_used_for_hard_mining,test_xml_present,yes,no,,no,,E:\camelyon16_project\data\wsi\test_048.tif,E:\camelyon16_project\data\annotations\test_048.xml,
test_050,normal,test_final,official_test_set_not_used_for_hard_mining,test_no_xml_assumed_normal,no,no,,no,,E:\camelyon16_project\data\wsi\test_050.tif,,
test_051,tumor,test_final,official_test_set_not_used_for_hard_mining,test_xml_present,yes,no,,no,,E:\camelyon16_project\data\wsi\test_051.tif,E:\camelyon16_project\data\annotations\test_051.xml,
test_052,tumor,test_final,official_test_set_not_used_for_hard_mining,test_xml_present,yes,no,,no,,E:\camelyon16_project\data\wsi\test_052.tif,E:\camelyon16_project\data\annotations\test_052.xml,
test_053,normal,test_final,official_test_set_not_used_for_hard_mining,test_no_xml_assumed_normal,no,no,,no,,E:\camelyon16_project\data\wsi\test_053.tif,,
test_054,normal,test_final,official_test_set_not_used_for_hard_mining,test_no_xml_assumed_normal,no,no,,no,,E:\camelyon16_project\data\wsi\test_054.tif,,
test_055,normal,test_final,official_test_set_not_used_for_hard_mining,test_no_xml_assumed_normal,no,no,,no,,E:\camelyon16_project\data\wsi\test_055.tif,,
test_056,normal,test_final,official_test_set_not_used_for_hard_mining,test_no_xml_assumed_normal,no,no,,no,,E:\camelyon16_project\data\wsi\test_056.tif,,
test_057,normal,test_final,official_test_set_not_used_for_hard_mining,test_no_xml_assumed_normal,no,no,,no,,E:\camelyon16_project\data\wsi\test_057.tif,,
test_058,normal,test_final,official_test_set_not_used_for_hard_mining,test_no_xml_assumed_normal,no,no,,no,,E:\camelyon16_project\data\wsi\test_058.tif,,
test_059,normal,test_final,official_test_set_not_used_for_hard_mining,test_no_xml_assumed_normal,no,no,,no,,E:\camelyon16_project\data\wsi\test_059.tif,,
test_060,normal,test_final,official_test_set_not_used_for_hard_mining,test_no_xml_assumed_normal,no,no,,no,,E:\camelyon16_project\data\wsi\test_060.tif,,
test_061,tumor,test_final,official_test_set_not_used_for_hard_mining,test_xml_present,yes,no,,no,,E:\camelyon16_project\data\wsi\test_061.tif,E:\camelyon16_project\data\annotations\test_061.xml,
test_062,normal,test_final,official_test_set_not_used_for_hard_mining,test_no_xml_assumed_normal,no,no,,no,,E:\camelyon16_project\data\wsi\test_062.tif,,
test_063,normal,test_final,official_test_set_not_used_for_hard_mining,test_no_xml_assumed_normal,no,no,,no,,E:\camelyon16_project\data\wsi\test_063.tif,,
test_064,tumor,test_final,official_test_set_not_used_for_hard_mining,test_xml_present,yes,no,,no,,E:\camelyon16_project\data\wsi\test_064.tif,E:\camelyon16_project\data\annotations\test_064.xml,
test_065,tumor,test_final,official_test_set_not_used_for_hard_mining,test_xml_present,yes,no,,no,,E:\camelyon16_project\data\wsi\test_065.tif,E:\camelyon16_project\data\annotations\test_065.xml,
test_066,tumor,test_final,official_test_set_not_used_for_hard_mining,test_xml_present,yes,no,,no,,E:\camelyon16_project\data\wsi\test_066.tif,E:\camelyon16_project\data\annotations\test_066.xml,
test_067,normal,test_final,official_test_set_not_used_for_hard_mining,test_no_xml_assumed_normal,no,no,,no,,E:\camelyon16_project\data\wsi\test_067.tif,,
test_068,tumor,test_final,official_test_set_not_used_for_hard_mining,test_xml_present,yes,no,,no,,E:\camelyon16_project\data\wsi\test_068.tif,E:\camelyon16_project\data\annotations\test_068.xml,
test_069,tumor,test_final,official_test_set_not_used_for_hard_mining,test_xml_present,yes,no,,no,,E:\camelyon16_project\data\wsi\test_069.tif,E:\camelyon16_project\data\annotations\test_069.xml,
test_070,normal,test_final,official_test_set_not_used_for_hard_mining,test_no_xml_assumed_normal,no,no,,no,,E:\camelyon16_project\data\wsi\test_070.tif,,
test_071,tumor,test_final,official_test_set_not_used_for_hard_mining,test_xml_present,yes,no,,no,,E:\camelyon16_project\data\wsi\test_071.tif,E:\camelyon16_project\data\annotations\test_071.xml,
test_072,normal,test_final,official_test_set_not_used_for_hard_mining,test_no_xml_assumed_normal,no,no,,no,,E:\camelyon16_project\data\wsi\test_072.tif,,
test_073,tumor,test_final,official_test_set_not_used_for_hard_mining,test_xml_present,yes,no,,no,,E:\camelyon16_project\data\wsi\test_073.tif,E:\camelyon16_project\data\annotations\test_073.xml,
test_074,tumor,test_final,official_test_set_not_used_for_hard_mining,test_xml_present,yes,no,,no,,E:\camelyon16_project\data\wsi\test_074.tif,E:\camelyon16_project\data\annotations\test_074.xml,
test_075,tumor,test_final,official_test_set_not_used_for_hard_mining,test_xml_present,yes,no,,no,,E:\camelyon16_project\data\wsi\test_075.tif,E:\camelyon16_project\data\annotations\test_075.xml,
test_076,normal,test_final,official_test_set_not_used_for_hard_mining,test_no_xml_assumed_normal,no,no,,no,,E:\camelyon16_project\data\wsi\test_076.tif,,
test_077,normal,test_final,official_test_set_not_used_for_hard_mining,test_no_xml_assumed_normal,no,no,,no,,E:\camelyon16_project\data\wsi\test_077.tif,,
test_078,normal,test_final,official_test_set_not_used_for_hard_mining,test_no_xml_assumed_normal,no,no,,no,,E:\camelyon16_project\data\wsi\test_078.tif,,
test_079,tumor,test_final,official_test_set_not_used_for_hard_mining,test_xml_present,yes,no,,no,,E:\camelyon16_project\data\wsi\test_079.tif,E:\camelyon16_project\data\annotations\test_079.xml,
test_080,normal,test_final,official_test_set_not_used_for_hard_mining,test_no_xml_assumed_normal,no,no,,no,,E:\camelyon16_project\data\wsi\test_080.tif,,
test_081,normal,test_final,official_test_set_not_used_for_hard_mining,test_no_xml_assumed_normal,no,no,,no,,E:\camelyon16_project\data\wsi\test_081.tif,,
test_082,tumor,test_final,official_test_set_not_used_for_hard_mining,test_xml_present,yes,no,,no,,E:\camelyon16_project\data\wsi\test_082.tif,E:\camelyon16_project\data\annotations\test_082.xml,
test_083,normal,test_final,official_test_set_not_used_for_hard_mining,test_no_xml_assumed_normal,no,no,,no,,E:\camelyon16_project\data\wsi\test_083.tif,,
test_084,tumor,test_final,official_test_set_not_used_for_hard_mining,test_xml_present,yes,no,,no,,E:\camelyon16_project\data\wsi\test_084.tif,E:\camelyon16_project\data\annotations\test_084.xml,
test_085,normal,test_final,official_test_set_not_used_for_hard_mining,test_no_xml_assumed_normal,no,no,,no,,E:\camelyon16_project\data\wsi\test_085.tif,,
test_086,normal,test_final,official_test_set_not_used_for_hard_mining,test_no_xml_assumed_normal,no,no,,no,,E:\camelyon16_project\data\wsi\test_086.tif,,
test_087,normal,test_final,official_test_set_not_used_for_hard_mining,test_no_xml_assumed_normal,no,no,,no,,E:\camelyon16_project\data\wsi\test_087.tif,,
test_088,normal,test_final,official_test_set_not_used_for_hard_mining,test_no_xml_assumed_normal,no,no,,no,,E:\camelyon16_project\data\wsi\test_088.tif,,
test_089,normal,test_final,official_test_set_not_used_for_hard_mining,test_no_xml_assumed_normal,no,no,,no,,E:\camelyon16_project\data\wsi\test_089.tif,,
test_090,tumor,test_final,official_test_set_not_used_for_hard_mining,test_xml_present,yes,no,,no,,E:\camelyon16_project\data\wsi\test_090.tif,E:\camelyon16_project\data\annotations\test_090.xml,
test_091,normal,test_final,official_test_set_not_used_for_hard_mining,test_no_xml_assumed_normal,no,no,,no,,E:\camelyon16_project\data\wsi\test_091.tif,,
test_092,tumor,test_final,official_test_set_not_used_for_hard_mining,test_xml_present,yes,no,,no,,E:\camelyon16_project\data\wsi\test_092.tif,E:\camelyon16_project\data\annotations\test_092.xml,
test_093,normal,test_final,official_test_set_not_used_for_hard_mining,test_no_xml_assumed_normal,no,no,,no,,E:\camelyon16_project\data\wsi\test_093.tif,,
test_094,tumor,test_final,official_test_set_not_used_for_hard_mining,test_xml_present,yes,no,,no,,E:\camelyon16_project\data\wsi\test_094.tif,E:\camelyon16_project\data\annotations\test_094.xml,
test_095,normal,test_final,official_test_set_not_used_for_hard_mining,test_no_xml_assumed_normal,no,no,,no,,E:\camelyon16_project\data\wsi\test_095.tif,,
test_096,normal,test_final,official_test_set_not_used_for_hard_mining,test_no_xml_assumed_normal,no,no,,no,,E:\camelyon16_project\data\wsi\test_096.tif,,
test_097,tumor,test_final,official_test_set_not_used_for_hard_mining,test_xml_present,yes,no,,no,,E:\camelyon16_project\data\wsi\test_097.tif,E:\camelyon16_project\data\annotations\test_097.xml,
test_098,normal,test_final,official_test_set_not_used_for_hard_mining,test_no_xml_assumed_normal,no,no,,no,,E:\camelyon16_project\data\wsi\test_098.tif,,
test_099,tumor,test_final,official_test_set_not_used_for_hard_mining,test_xml_present,yes,no,,no,,E:\camelyon16_project\data\wsi\test_099.tif,E:\camelyon16_project\data\annotations\test_099.xml,
test_100,normal,test_final,official_test_set_not_used_for_hard_mining,test_no_xml_assumed_normal,no,no,,no,,E:\camelyon16_project\data\wsi\test_100.tif,,
test_101,normal,test_final,official_test_set_not_used_for_hard_mining,test_no_xml_assumed_normal,no,no,,no,,E:\camelyon16_project\data\wsi\test_101.tif,,
test_102,tumor,test_final,official_test_set_not_used_for_hard_mining,test_xml_present,yes,no,,no,,E:\camelyon16_project\data\wsi\test_102.tif,E:\camelyon16_project\data\annotations\test_102.xml,
test_103,normal,test_final,official_test_set_not_used_for_hard_mining,test_no_xml_assumed_normal,no,no,,no,,E:\camelyon16_project\data\wsi\test_103.tif,,
test_105,tumor,test_final,official_test_set_not_used_for_hard_mining,test_xml_present,yes,no,,no,,E:\camelyon16_project\data\wsi\test_105.tif,E:\camelyon16_project\data\annotations\test_105.xml,
test_106,normal,test_final,official_test_set_not_used_for_hard_mining,test_no_xml_assumed_normal,no,no,,no,,E:\camelyon16_project\data\wsi\test_106.tif,,
test_108,tumor,test_final,official_test_set_not_used_for_hard_mining,test_xml_present,yes,no,,no,,E:\camelyon16_project\data\wsi\test_108.tif,E:\camelyon16_project\data\annotations\test_108.xml,
test_109,normal,test_final,official_test_set_not_used_for_hard_mining,test_no_xml_assumed_normal,no,no,,no,,E:\camelyon16_project\data\wsi\test_109.tif,,
test_110,tumor,test_final,official_test_set_not_used_for_hard_mining,test_xml_present,yes,no,,no,,E:\camelyon16_project\data\wsi\test_110.tif,E:\camelyon16_project\data\annotations\test_110.xml,
test_111,normal,test_final,official_test_set_not_used_for_hard_mining,test_no_xml_assumed_normal,no,no,,no,,E:\camelyon16_project\data\wsi\test_111.tif,,
test_112,normal,test_final,official_test_set_not_used_for_hard_mining,test_no_xml_assumed_normal,no,no,,no,,E:\camelyon16_project\data\wsi\test_112.tif,,
test_113,tumor,test_final,official_test_set_not_used_for_hard_mining,test_xml_present,yes,no,,no,,E:\camelyon16_project\data\wsi\test_113.tif,E:\camelyon16_project\data\annotations\test_113.xml,
test_114,tumor,test_final,official_test_set_not_used_for_hard_mining,test_xml_present,yes,no,,no,,E:\camelyon16_project\data\wsi\test_114.tif,E:\camelyon16_project\data\annotations\test_114.xml,
test_115,normal,test_final,official_test_set_not_used_for_hard_mining,test_no_xml_assumed_normal,no,no,,no,,E:\camelyon16_project\data\wsi\test_115.tif,,
test_116,tumor,test_final,official_test_set_not_used_for_hard_mining,test_xml_present,yes,no,,no,,E:\camelyon16_project\data\wsi\test_116.tif,E:\camelyon16_project\data\annotations\test_116.xml,
test_117,tumor,test_final,official_test_set_not_used_for_hard_mining,test_xml_present,yes,no,,no,,E:\camelyon16_project\data\wsi\test_117.tif,E:\camelyon16_project\data\annotations\test_117.xml,
test_118,normal,test_final,official_test_set_not_used_for_hard_mining,test_no_xml_assumed_normal,no,no,,no,,E:\camelyon16_project\data\wsi\test_118.tif,,
test_119,normal,test_final,official_test_set_not_used_for_hard_mining,test_no_xml_assumed_normal,no,no,,no,,E:\camelyon16_project\data\wsi\test_119.tif,,
test_120,normal,test_final,official_test_set_not_used_for_hard_mining,test_no_xml_assumed_normal,no,no,,no,,E:\camelyon16_project\data\wsi\test_120.tif,,
test_121,tumor,test_final,official_test_set_not_used_for_hard_mining,test_xml_present,yes,no,,no,,E:\camelyon16_project\data\wsi\test_121.tif,E:\camelyon16_project\data\annotations\test_121.xml,
test_122,tumor,test_final,official_test_set_not_used_for_hard_mining,test_xml_present,yes,no,,no,,E:\camelyon16_project\data\wsi\test_122.tif,E:\camelyon16_project\data\annotations\test_122.xml,
test_123,normal,test_final,official_test_set_not_used_for_hard_mining,test_no_xml_assumed_normal,no,no,,no,,E:\camelyon16_project\data\wsi\test_123.tif,,
test_124,normal,test_final,official_test_set_not_used_for_hard_mining,test_no_xml_assumed_normal,no,no,,no,,E:\camelyon16_project\data\wsi\test_124.tif,,
test_125,normal,test_final,official_test_set_not_used_for_hard_mining,test_no_xml_assumed_normal,no,no,,no,,E:\camelyon16_project\data\wsi\test_125.tif,,
test_126,normal,test_final,official_test_set_not_used_for_hard_mining,test_no_xml_assumed_normal,no,no,,no,,E:\camelyon16_project\data\wsi\test_126.tif,,
test_127,normal,test_final,official_test_set_not_used_for_hard_mining,test_no_xml_assumed_normal,no,no,,no,,E:\camelyon16_project\data\wsi\test_127.tif,,
test_128,normal,test_final,official_test_set_not_used_for_hard_mining,test_no_xml_assumed_normal,no,no,,no,,E:\camelyon16_project\data\wsi\test_128.tif,,
test_129,normal,test_final,official_test_set_not_used_for_hard_mining,test_no_xml_assumed_normal,no,no,,no,,E:\camelyon16_project\data\wsi\test_129.tif,,
test_130,normal,test_final,official_test_set_not_used_for_hard_mining,test_no_xml_assumed_normal,no,no,,no,,E:\camelyon16_project\data\wsi\test_130.tif,,
tumor_001,tumor,train,used_for_hard_mining,prefix,yes,yes,iter2_hard_positive_review,yes,iter2_hard_positive_review;prior_20_wsi_exploration,E:\camelyon16_project\data\wsi\tumor_001.tif,E:\camelyon16_project\data\annotations\tumor_001.xml,
tumor_002,tumor,train,used_for_hard_mining,prefix,yes,yes,iter2_hard_positive_review,yes,iter2_hard_positive_review;prior_20_wsi_exploration,E:\camelyon16_project\data\wsi\tumor_002.tif,E:\camelyon16_project\data\annotations\tumor_002.xml,
tumor_003,tumor,train,used_for_hard_mining,prefix,yes,yes,iter2_hard_positive_review,yes,iter2_hard_positive_review;prior_20_wsi_exploration,E:\camelyon16_project\data\wsi\tumor_003.tif,E:\camelyon16_project\data\annotations\tumor_003.xml,
tumor_004,tumor,train,used_for_hard_mining,prefix,yes,yes,iter2_hard_positive_review,yes,iter2_hard_positive_review;prior_20_wsi_exploration,E:\camelyon16_project\data\wsi\tumor_004.tif,E:\camelyon16_project\data\annotations\tumor_004.xml,
tumor_005,tumor,train,used_for_hard_mining,prefix,yes,yes,iter2_hard_positive_review,yes,iter2_hard_positive_review;prior_20_wsi_exploration,E:\camelyon16_project\data\wsi\tumor_005.tif,E:\camelyon16_project\data\annotations\tumor_005.xml,
tumor_006,tumor,train,used_for_hard_mining,prefix,yes,yes,iter2_hard_positive_review,yes,iter2_hard_positive_review;prior_20_wsi_exploration,E:\camelyon16_project\data\wsi\tumor_006.tif,E:\camelyon16_project\data\annotations\tumor_006.xml,
tumor_007,tumor,train,used_for_hard_mining,prefix,yes,yes,iter2_hard_positive_review,yes,iter2_hard_positive_review;prior_20_wsi_exploration,E:\camelyon16_project\data\wsi\tumor_007.tif,E:\camelyon16_project\data\annotations\tumor_007.xml,
tumor_008,tumor,train,used_for_hard_mining,prefix,yes,yes,iter2_hard_positive_review,yes,iter2_hard_positive_review;prior_20_wsi_exploration,E:\camelyon16_project\data\wsi\tumor_008.tif,E:\camelyon16_project\data\annotations\tumor_008.xml,
tumor_009,tumor,train,used_for_hard_mining,prefix,yes,yes,iter2_hard_positive_review,yes,iter2_hard_positive_review;prior_20_wsi_exploration,E:\camelyon16_project\data\wsi\tumor_009.tif,E:\camelyon16_project\data\annotations\tumor_009.xml,
tumor_010,tumor,train,used_for_hard_mining,prefix,yes,yes,iter2_hard_positive_review,yes,iter2_hard_positive_review;prior_20_wsi_exploration,E:\camelyon16_project\data\wsi\tumor_010.tif,E:\camelyon16_project\data\annotations\tumor_010.xml,
tumor_011,tumor,train,stratified_slide_level_training,prefix,yes,no,,no,,E:\camelyon16_project\data\wsi\tumor_011.tif,E:\camelyon16_project\data\annotations\tumor_011.xml,
tumor_012,tumor,train,stratified_slide_level_training,prefix,yes,no,,no,,E:\camelyon16_project\data\wsi\tumor_012.tif,E:\camelyon16_project\data\annotations\tumor_012.xml,
tumor_013,tumor,train,stratified_slide_level_training,prefix,yes,no,,no,,E:\camelyon16_project\data\wsi\tumor_013.tif,E:\camelyon16_project\data\annotations\tumor_013.xml,
tumor_014,tumor,val,stratified_slide_level_validation,prefix,yes,no,,no,,E:\camelyon16_project\data\wsi\tumor_014.tif,E:\camelyon16_project\data\annotations\tumor_014.xml,
tumor_015,tumor,train,stratified_slide_level_training,prefix,yes,no,,no,,E:\camelyon16_project\data\wsi\tumor_015.tif,E:\camelyon16_project\data\annotations\tumor_015.xml,
tumor_016,tumor,val,stratified_slide_level_validation,prefix,yes,no,,no,,E:\camelyon16_project\data\wsi\tumor_016.tif,E:\camelyon16_project\data\annotations\tumor_016.xml,
tumor_017,tumor,val,stratified_slide_level_validation,prefix,yes,no,,no,,E:\camelyon16_project\data\wsi\tumor_017.tif,E:\camelyon16_project\data\annotations\tumor_017.xml,
tumor_018,tumor,train,stratified_slide_level_training,prefix,yes,no,,no,,E:\camelyon16_project\data\wsi\tumor_018.tif,E:\camelyon16_project\data\annotations\tumor_018.xml,
tumor_019,tumor,train,stratified_slide_level_training,prefix,yes,no,,no,,E:\camelyon16_project\data\wsi\tumor_019.tif,E:\camelyon16_project\data\annotations\tumor_019.xml,
tumor_020,tumor,val,stratified_slide_level_validation,prefix,yes,no,,no,,E:\camelyon16_project\data\wsi\tumor_020.tif,E:\camelyon16_project\data\annotations\tumor_020.xml,
tumor_021,tumor,train,stratified_slide_level_training,prefix,yes,no,,no,,E:\camelyon16_project\data\wsi\tumor_021.tif,E:\camelyon16_project\data\annotations\tumor_021.xml,
tumor_022,tumor,val,stratified_slide_level_validation,prefix,yes,no,,no,,E:\camelyon16_project\data\wsi\tumor_022.tif,E:\camelyon16_project\data\annotations\tumor_022.xml,
tumor_023,tumor,train,stratified_slide_level_training,prefix,yes,no,,no,,E:\camelyon16_project\data\wsi\tumor_023.tif,E:\camelyon16_project\data\annotations\tumor_023.xml,
tumor_024,tumor,train,stratified_slide_level_training,prefix,yes,no,,no,,E:\camelyon16_project\data\wsi\tumor_024.tif,E:\camelyon16_project\data\annotations\tumor_024.xml,
tumor_025,tumor,train,stratified_slide_level_training,prefix,yes,no,,no,,E:\camelyon16_project\data\wsi\tumor_025.tif,E:\camelyon16_project\data\annotations\tumor_025.xml,
tumor_026,tumor,train,stratified_slide_level_training,prefix,yes,no,,no,,E:\camelyon16_project\data\wsi\tumor_026.tif,E:\camelyon16_project\data\annotations\tumor_026.xml,
tumor_027,tumor,train,stratified_slide_level_training,prefix,yes,no,,no,,E:\camelyon16_project\data\wsi\tumor_027.tif,E:\camelyon16_project\data\annotations\tumor_027.xml,
tumor_028,tumor,train,stratified_slide_level_training,prefix,yes,no,,no,,E:\camelyon16_project\data\wsi\tumor_028.tif,E:\camelyon16_project\data\annotations\tumor_028.xml,
tumor_029,tumor,train,stratified_slide_level_training,prefix,yes,no,,no,,E:\camelyon16_project\data\wsi\tumor_029.tif,E:\camelyon16_project\data\annotations\tumor_029.xml,
tumor_030,tumor,train,stratified_slide_level_training,prefix,yes,no,,no,,E:\camelyon16_project\data\wsi\tumor_030.tif,E:\camelyon16_project\data\annotations\tumor_030.xml,
tumor_031,tumor,train,stratified_slide_level_training,prefix,yes,no,,no,,E:\camelyon16_project\data\wsi\tumor_031.tif,E:\camelyon16_project\data\annotations\tumor_031.xml,
tumor_032,tumor,train,stratified_slide_level_training,prefix,yes,no,,no,,E:\camelyon16_project\data\wsi\tumor_032.tif,E:\camelyon16_project\data\annotations\tumor_032.xml,
tumor_033,tumor,train,stratified_slide_level_training,prefix,yes,no,,no,,E:\camelyon16_project\data\wsi\tumor_033.tif,E:\camelyon16_project\data\annotations\tumor_033.xml,
tumor_034,tumor,train,stratified_slide_level_training,prefix,yes,no,,no,,E:\camelyon16_project\data\wsi\tumor_034.tif,E:\camelyon16_project\data\annotations\tumor_034.xml,
tumor_035,tumor,train,stratified_slide_level_training,prefix,yes,no,,no,,E:\camelyon16_project\data\wsi\tumor_035.tif,E:\camelyon16_project\data\annotations\tumor_035.xml,
tumor_036,tumor,train,stratified_slide_level_training,prefix,yes,no,,no,,E:\camelyon16_project\data\wsi\tumor_036.tif,E:\camelyon16_project\data\annotations\tumor_036.xml,
tumor_037,tumor,train,stratified_slide_level_training,prefix,yes,no,,no,,E:\camelyon16_project\data\wsi\tumor_037.tif,E:\camelyon16_project\data\annotations\tumor_037.xml,
tumor_038,tumor,train,stratified_slide_level_training,prefix,yes,no,,no,,E:\camelyon16_project\data\wsi\tumor_038.tif,E:\camelyon16_project\data\annotations\tumor_038.xml,
tumor_039,tumor,train,stratified_slide_level_training,prefix,yes,no,,no,,E:\camelyon16_project\data\wsi\tumor_039.tif,E:\camelyon16_project\data\annotations\tumor_039.xml,
tumor_040,tumor,val,stratified_slide_level_validation,prefix,yes,no,,no,,E:\camelyon16_project\data\wsi\tumor_040.tif,E:\camelyon16_project\data\annotations\tumor_040.xml,
tumor_041,tumor,train,stratified_slide_level_training,prefix,yes,no,,no,,E:\camelyon16_project\data\wsi\tumor_041.tif,E:\camelyon16_project\data\annotations\tumor_041.xml,
tumor_042,tumor,train,stratified_slide_level_training,prefix,yes,no,,no,,E:\camelyon16_project\data\wsi\tumor_042.tif,E:\camelyon16_project\data\annotations\tumor_042.xml,
tumor_043,tumor,val,stratified_slide_level_validation,prefix,yes,no,,no,,E:\camelyon16_project\data\wsi\tumor_043.tif,E:\camelyon16_project\data\annotations\tumor_043.xml,
tumor_044,tumor,train,stratified_slide_level_training,prefix,yes,no,,no,,E:\camelyon16_project\data\wsi\tumor_044.tif,E:\camelyon16_project\data\annotations\tumor_044.xml,
tumor_045,tumor,train,stratified_slide_level_training,prefix,yes,no,,no,,E:\camelyon16_project\data\wsi\tumor_045.tif,E:\camelyon16_project\data\annotations\tumor_045.xml,
tumor_046,tumor,train,stratified_slide_level_training,prefix,yes,no,,no,,E:\camelyon16_project\data\wsi\tumor_046.tif,E:\camelyon16_project\data\annotations\tumor_046.xml,
tumor_047,tumor,train,stratified_slide_level_training,prefix,yes,no,,no,,E:\camelyon16_project\data\wsi\tumor_047.tif,E:\camelyon16_project\data\annotations\tumor_047.xml,
tumor_048,tumor,train,stratified_slide_level_training,prefix,yes,no,,no,,E:\camelyon16_project\data\wsi\tumor_048.tif,E:\camelyon16_project\data\annotations\tumor_048.xml,
tumor_049,tumor,train,stratified_slide_level_training,prefix,yes,no,,no,,E:\camelyon16_project\data\wsi\tumor_049.tif,E:\camelyon16_project\data\annotations\tumor_049.xml,
tumor_050,tumor,train,stratified_slide_level_training,prefix,yes,no,,no,,E:\camelyon16_project\data\wsi\tumor_050.tif,E:\camelyon16_project\data\annotations\tumor_050.xml,
tumor_051,tumor,val,stratified_slide_level_validation,prefix,yes,no,,no,,E:\camelyon16_project\data\wsi\tumor_051.tif,E:\camelyon16_project\data\annotations\tumor_051.xml,
tumor_052,tumor,train,stratified_slide_level_training,prefix,yes,no,,no,,E:\camelyon16_project\data\wsi\tumor_052.tif,E:\camelyon16_project\data\annotations\tumor_052.xml,
tumor_053,tumor,train,stratified_slide_level_training,prefix,yes,no,,no,,E:\camelyon16_project\data\wsi\tumor_053.tif,E:\camelyon16_project\data\annotations\tumor_053.xml,
tumor_054,tumor,val,stratified_slide_level_validation,prefix,yes,no,,no,,E:\camelyon16_project\data\wsi\tumor_054.tif,E:\camelyon16_project\data\annotations\tumor_054.xml,
tumor_055,tumor,train,stratified_slide_level_training,prefix,yes,no,,no,,E:\camelyon16_project\data\wsi\tumor_055.tif,E:\camelyon16_project\data\annotations\tumor_055.xml,
tumor_056,tumor,val,stratified_slide_level_validation,prefix,yes,no,,no,,E:\camelyon16_project\data\wsi\tumor_056.tif,E:\camelyon16_project\data\annotations\tumor_056.xml,
tumor_057,tumor,train,stratified_slide_level_training,prefix,yes,no,,no,,E:\camelyon16_project\data\wsi\tumor_057.tif,E:\camelyon16_project\data\annotations\tumor_057.xml,
tumor_058,tumor,train,stratified_slide_level_training,prefix,yes,no,,no,,E:\camelyon16_project\data\wsi\tumor_058.tif,E:\camelyon16_project\data\annotations\tumor_058.xml,
tumor_059,tumor,train,stratified_slide_level_training,prefix,yes,no,,no,,E:\camelyon16_project\data\wsi\tumor_059.tif,E:\camelyon16_project\data\annotations\tumor_059.xml,
tumor_060,tumor,train,stratified_slide_level_training,prefix,yes,no,,no,,E:\camelyon16_project\data\wsi\tumor_060.tif,E:\camelyon16_project\data\annotations\tumor_060.xml,
tumor_061,tumor,train,stratified_slide_level_training,prefix,yes,no,,no,,E:\camelyon16_project\data\wsi\tumor_061.tif,E:\camelyon16_project\data\annotations\tumor_061.xml,
tumor_062,tumor,val,stratified_slide_level_validation,prefix,yes,no,,no,,E:\camelyon16_project\data\wsi\tumor_062.tif,E:\camelyon16_project\data\annotations\tumor_062.xml,
tumor_063,tumor,train,stratified_slide_level_training,prefix,yes,no,,no,,E:\camelyon16_project\data\wsi\tumor_063.tif,E:\camelyon16_project\data\annotations\tumor_063.xml,
tumor_064,tumor,val,stratified_slide_level_validation,prefix,yes,no,,no,,E:\camelyon16_project\data\wsi\tumor_064.tif,E:\camelyon16_project\data\annotations\tumor_064.xml,
tumor_065,tumor,train,stratified_slide_level_training,prefix,yes,no,,no,,E:\camelyon16_project\data\wsi\tumor_065.tif,E:\camelyon16_project\data\annotations\tumor_065.xml,
tumor_066,tumor,val,stratified_slide_level_validation,prefix,yes,no,,no,,E:\camelyon16_project\data\wsi\tumor_066.tif,E:\camelyon16_project\data\annotations\tumor_066.xml,
tumor_067,tumor,val,stratified_slide_level_validation,prefix,yes,no,,no,,E:\camelyon16_project\data\wsi\tumor_067.tif,E:\camelyon16_project\data\annotations\tumor_067.xml,
tumor_068,tumor,train,stratified_slide_level_training,prefix,yes,no,,no,,E:\camelyon16_project\data\wsi\tumor_068.tif,E:\camelyon16_project\data\annotations\tumor_068.xml,
tumor_069,tumor,train,stratified_slide_level_training,prefix,yes,no,,no,,E:\camelyon16_project\data\wsi\tumor_069.tif,E:\camelyon16_project\data\annotations\tumor_069.xml,
tumor_070,tumor,train,stratified_slide_level_training,prefix,yes,no,,no,,E:\camelyon16_project\data\wsi\tumor_070.tif,E:\camelyon16_project\data\annotations\tumor_070.xml,
tumor_071,tumor,val,stratified_slide_level_validation,prefix,yes,no,,no,,E:\camelyon16_project\data\wsi\tumor_071.tif,E:\camelyon16_project\data\annotations\tumor_071.xml,
tumor_072,tumor,train,stratified_slide_level_training,prefix,yes,no,,no,,E:\camelyon16_project\data\wsi\tumor_072.tif,E:\camelyon16_project\data\annotations\tumor_072.xml,
tumor_073,tumor,train,stratified_slide_level_training,prefix,yes,no,,no,,E:\camelyon16_project\data\wsi\tumor_073.tif,E:\camelyon16_project\data\annotations\tumor_073.xml,
tumor_074,tumor,val,stratified_slide_level_validation,prefix,yes,no,,no,,E:\camelyon16_project\data\wsi\tumor_074.tif,E:\camelyon16_project\data\annotations\tumor_074.xml,
tumor_075,tumor,train,stratified_slide_level_training,prefix,yes,no,,no,,E:\camelyon16_project\data\wsi\tumor_075.tif,E:\camelyon16_project\data\annotations\tumor_075.xml,
tumor_076,tumor,train,stratified_slide_level_training,prefix,yes,no,,no,,E:\camelyon16_project\data\wsi\tumor_076.tif,E:\camelyon16_project\data\annotations\tumor_076.xml,
tumor_077,tumor,train,stratified_slide_level_training,prefix,yes,no,,no,,E:\camelyon16_project\data\wsi\tumor_077.tif,E:\camelyon16_project\data\annotations\tumor_077.xml,
tumor_078,tumor,train,stratified_slide_level_training,prefix,yes,no,,no,,E:\camelyon16_project\data\wsi\tumor_078.tif,E:\camelyon16_project\data\annotations\tumor_078.xml,
tumor_079,tumor,train,stratified_slide_level_training,prefix,yes,no,,no,,E:\camelyon16_project\data\wsi\tumor_079.tif,E:\camelyon16_project\data\annotations\tumor_079.xml,
tumor_080,tumor,train,stratified_slide_level_training,prefix,yes,no,,no,,E:\camelyon16_project\data\wsi\tumor_080.tif,E:\camelyon16_project\data\annotations\tumor_080.xml,
tumor_081,tumor,val,stratified_slide_level_validation,prefix,yes,no,,no,,E:\camelyon16_project\data\wsi\tumor_081.tif,E:\camelyon16_project\data\annotations\tumor_081.xml,
tumor_082,tumor,train,stratified_slide_level_training,prefix,yes,no,,no,,E:\camelyon16_project\data\wsi\tumor_082.tif,E:\camelyon16_project\data\annotations\tumor_082.xml,
tumor_083,tumor,train,stratified_slide_level_training,prefix,yes,no,,no,,E:\camelyon16_project\data\wsi\tumor_083.tif,E:\camelyon16_project\data\annotations\tumor_083.xml,
tumor_084,tumor,train,stratified_slide_level_training,prefix,yes,no,,no,,E:\camelyon16_project\data\wsi\tumor_084.tif,E:\camelyon16_project\data\annotations\tumor_084.xml,
tumor_085,tumor,train,stratified_slide_level_training,prefix,yes,no,,no,,E:\camelyon16_project\data\wsi\tumor_085.tif,E:\camelyon16_project\data\annotations\tumor_085.xml,
tumor_086,tumor,train,stratified_slide_level_training,prefix,yes,no,,no,,E:\camelyon16_project\data\wsi\tumor_086.tif,E:\camelyon16_project\data\annotations\tumor_086.xml,
tumor_087,tumor,train,stratified_slide_level_training,prefix,yes,no,,no,,E:\camelyon16_project\data\wsi\tumor_087.tif,E:\camelyon16_project\data\annotations\tumor_087.xml,
tumor_088,tumor,train,stratified_slide_level_training,prefix,yes,no,,no,,E:\camelyon16_project\data\wsi\tumor_088.tif,E:\camelyon16_project\data\annotations\tumor_088.xml,
tumor_091,tumor,train,stratified_slide_level_training,prefix,yes,no,,no,,E:\camelyon16_project\data\wsi\tumor_091.tif,E:\camelyon16_project\data\annotations\tumor_091.xml,
tumor_096,tumor,val,stratified_slide_level_validation,prefix,yes,no,,no,,E:\camelyon16_project\data\wsi\tumor_096.tif,E:\camelyon16_project\data\annotations\tumor_096.xml,
tumor_097,tumor,train,stratified_slide_level_training,prefix,yes,no,,no,,E:\camelyon16_project\data\wsi\tumor_097.tif,E:\camelyon16_project\data\annotations\tumor_097.xml,
tumor_098,tumor,train,stratified_slide_level_training,prefix,yes,no,,no,,E:\camelyon16_project\data\wsi\tumor_098.tif,E:\camelyon16_project\data\annotations\tumor_098.xml,
tumor_099,tumor,train,stratified_slide_level_training,prefix,yes,no,,no,,E:\camelyon16_project\data\wsi\tumor_099.tif,E:\camelyon16_project\data\annotations\tumor_099.xml,
tumor_100,tumor,train,stratified_slide_level_training,prefix,yes,no,,no,,E:\camelyon16_project\data\wsi\tumor_100.tif,E:\camelyon16_project\data\annotations\tumor_100.xml,
tumor_101,tumor,train,stratified_slide_level_training,prefix,yes,no,,no,,E:\camelyon16_project\data\wsi\tumor_101.tif,E:\camelyon16_project\data\annotations\tumor_101.xml,
tumor_102,tumor,train,stratified_slide_level_training,prefix,yes,no,,no,,E:\camelyon16_project\data\wsi\tumor_102.tif,E:\camelyon16_project\data\annotations\tumor_102.xml,
tumor_103,tumor,train,stratified_slide_level_training,prefix,yes,no,,no,,E:\camelyon16_project\data\wsi\tumor_103.tif,E:\camelyon16_project\data\annotations\tumor_103.xml,
tumor_104,tumor,train,stratified_slide_level_training,prefix,yes,no,,no,,E:\camelyon16_project\data\wsi\tumor_104.tif,E:\camelyon16_project\data\annotations\tumor_104.xml,
tumor_105,tumor,train,stratified_slide_level_training,prefix,yes,no,,no,,E:\camelyon16_project\data\wsi\tumor_105.tif,E:\camelyon16_project\data\annotations\tumor_105.xml,
tumor_106,tumor,train,stratified_slide_level_training,prefix,yes,no,,no,,E:\camelyon16_project\data\wsi\tumor_106.tif,E:\camelyon16_project\data\annotations\tumor_106.xml,
tumor_107,tumor,train,stratified_slide_level_training,prefix,yes,no,,no,,E:\camelyon16_project\data\wsi\tumor_107.tif,E:\camelyon16_project\data\annotations\tumor_107.xml,
tumor_108,tumor,train,stratified_slide_level_training,prefix,yes,no,,no,,E:\camelyon16_project\data\wsi\tumor_108.tif,E:\camelyon16_project\data\annotations\tumor_108.xml,
tumor_109,tumor,train,stratified_slide_level_training,prefix,yes,no,,no,,E:\camelyon16_project\data\wsi\tumor_109.tif,E:\camelyon16_project\data\annotations\tumor_109.xml,
tumor_110,tumor,val,stratified_slide_level_validation,prefix,yes,no,,no,,E:\camelyon16_project\data\wsi\tumor_110.tif,E:\camelyon16_project\data\annotations\tumor_110.xml,
tumor_111,tumor,train,stratified_slide_level_training,prefix,yes,no,,no,,E:\camelyon16_project\data\wsi\tumor_111.tif,E:\camelyon16_project\data\annotations\tumor_111.xml,
