slide_id,label,label_source,wsi_path,wsi_exists,wsi_size_bytes,annotation_path,has_annotation,used_for_hard_mining,hard_mining_role,used_for_prior_wsi_exploration,all_roles,notes
normal_001,normal,prefix,E:\camelyon16_project\data\wsi\normal_001.tif,yes,1255854916,,no,yes,iter4_fp_hard_negative_review,yes,iter4_fp_hard_negative_review;prior_20_wsi_exploration,
normal_002,normal,prefix,E:\camelyon16_project\data\wsi\normal_002.tif,yes,1570273574,,no,yes,iter4_fp_hard_negative_review,yes,iter4_fp_hard_negative_review;prior_20_wsi_exploration,
normal_003,normal,prefix,E:\camelyon16_project\data\wsi\normal_003.tif,yes,2160066168,,no,yes,iter4_fp_hard_negative_review,yes,iter4_fp_hard_negative_review;prior_20_wsi_exploration,
normal_004,normal,prefix,E:\camelyon16_project\data\wsi\normal_004.tif,yes,990100952,,no,yes,micro_fp_hard_negative_review,yes,micro_fp_hard_negative_review;prior_20_wsi_exploration,
normal_005,normal,prefix,E:\camelyon16_project\data\wsi\normal_005.tif,yes,1524383906,,no,yes,micro_fp_hard_negative_review,yes,micro_fp_hard_negative_review;prior_20_wsi_exploration,
normal_006,normal,prefix,E:\camelyon16_project\data\wsi\normal_006.tif,yes,1222978786,,no,yes,micro_fp_hard_negative_review,yes,micro_fp_hard_negative_review;prior_20_wsi_exploration,
normal_007,normal,prefix,E:\camelyon16_project\data\wsi\normal_007.tif,yes,1628059710,,no,yes,micro_fp_hard_negative_review,yes,micro_fp_hard_negative_review;prior_20_wsi_exploration,
normal_008,normal,prefix,E:\camelyon16_project\data\wsi\normal_008.tif,yes,1207311652,,no,yes,iter4_fp_hard_negative_review;micro_fp_hard_negative_review,yes,iter4_fp_hard_negative_review;micro_fp_hard_negative_review;prior_20_wsi_exploration,
normal_009,normal,prefix,E:\camelyon16_project\data\wsi\normal_009.tif,yes,1648453324,,no,yes,iter4_fp_hard_negative_review;micro_fp_hard_negative_review,yes,iter4_fp_hard_negative_review;micro_fp_hard_negative_review;prior_20_wsi_exploration,
normal_010,normal,prefix,E:\camelyon16_project\data\wsi\normal_010.tif,yes,1530664068,,no,yes,iter4_fp_hard_negative_review;micro_fp_hard_negative_review,yes,iter4_fp_hard_negative_review;micro_fp_hard_negative_review;prior_20_wsi_exploration,
normal_011,normal,prefix,E:\camelyon16_project\data\wsi\normal_011.tif,yes,2420958520,,no,no,,no,,
normal_012,normal,prefix,E:\camelyon16_project\data\wsi\normal_012.tif,yes,1369125372,,no,no,,no,,
normal_013,normal,prefix,E:\camelyon16_project\data\wsi\normal_013.tif,yes,1190506730,,no,no,,no,,
normal_014,normal,prefix,E:\camelyon16_project\data\wsi\normal_014.tif,yes,1457577490,,no,no,,no,,
normal_015,normal,prefix,E:\camelyon16_project\data\wsi\normal_015.tif,yes,1688867474,,no,no,,no,,
normal_016,normal,prefix,E:\camelyon16_project\data\wsi\normal_016.tif,yes,1104226426,,no,no,,no,,
normal_017,normal,prefix,E:\camelyon16_project\data\wsi\normal_017.tif,yes,1116625634,,no,no,,no,,
normal_018,normal,prefix,E:\camelyon16_project\data\wsi\normal_018.tif,yes,1458017820,,no,no,,no,,
normal_019,normal,prefix,E:\camelyon16_project\data\wsi\normal_019.tif,yes,958422074,,no,no,,no,,
normal_020,normal,prefix,E:\camelyon16_project\data\wsi\normal_020.tif,yes,1190849842,,no,no,,no,,
normal_021,normal,prefix,E:\camelyon16_project\data\wsi\normal_021.tif,yes,1053563162,,no,no,,no,,
normal_022,normal,prefix,E:\camelyon16_project\data\wsi\normal_022.tif,yes,1915214350,,no,no,,no,,
normal_023,normal,prefix,E:\camelyon16_project\data\wsi\normal_023.tif,yes,1303795006,,no,no,,no,,
normal_024,normal,prefix,E:\camelyon16_project\data\wsi\normal_024.tif,yes,2783098622,,no,no,,no,,
normal_025,normal,prefix,E:\camelyon16_project\data\wsi\normal_025.tif,yes,2115793608,,no,no,,no,,
normal_026,normal,prefix,E:\camelyon16_project\data\wsi\normal_026.tif,yes,2148116378,,no,no,,no,,
normal_027,normal,prefix,E:\camelyon16_project\data\wsi\normal_027.tif,yes,1154987214,,no,no,,no,,
normal_028,normal,prefix,E:\camelyon16_project\data\wsi\normal_028.tif,yes,1689762972,,no,no,,no,,
normal_029,normal,prefix,E:\camelyon16_project\data\wsi\normal_029.tif,yes,1598471568,,no,no,,no,,
normal_030,normal,prefix,E:\camelyon16_project\data\wsi\normal_030.tif,yes,1517847770,,no,no,,no,,
normal_031,normal,prefix,E:\camelyon16_project\data\wsi\normal_031.tif,yes,2138725346,,no,no,,no,,
normal_032,normal,prefix,E:\camelyon16_project\data\wsi\normal_032.tif,yes,1706252706,,no,no,,no,,
normal_033,normal,prefix,E:\camelyon16_project\data\wsi\normal_033.tif,yes,2185695882,,no,no,,no,,
normal_034,normal,prefix,E:\camelyon16_project\data\wsi\normal_034.tif,yes,2619372270,,no,no,,no,,
normal_035,normal,prefix,E:\camelyon16_project\data\wsi\normal_035.tif,yes,1441492022,,no,no,,no,,
normal_036,normal,prefix,E:\camelyon16_project\data\wsi\normal_036.tif,yes,1640940244,,no,no,,no,,
normal_037,normal,prefix,E:\camelyon16_project\data\wsi\normal_037.tif,yes,2146402708,,no,no,,no,,
normal_038,normal,prefix,E:\camelyon16_project\data\wsi\normal_038.tif,yes,1235015924,,no,no,,no,,
normal_039,normal,prefix,E:\camelyon16_project\data\wsi\normal_039.tif,yes,1952556356,,no,no,,no,,
normal_040,normal,prefix,E:\camelyon16_project\data\wsi\normal_040.tif,yes,2650872068,,no,no,,no,,
normal_041,normal,prefix,E:\camelyon16_project\data\wsi\normal_041.tif,yes,1926545504,,no,no,,no,,
normal_042,normal,prefix,E:\camelyon16_project\data\wsi\normal_042.tif,yes,914485186,,no,no,,no,,
normal_043,normal,prefix,E:\camelyon16_project\data\wsi\normal_043.tif,yes,1401539166,,no,no,,no,,
normal_044,normal,prefix,E:\camelyon16_project\data\wsi\normal_044.tif,yes,1914591778,,no,no,,no,,
normal_045,normal,prefix,E:\camelyon16_project\data\wsi\normal_045.tif,yes,1111705898,,no,no,,no,,
normal_046,normal,prefix,E:\camelyon16_project\data\wsi\normal_046.tif,yes,1306009060,,no,no,,no,,
normal_047,normal,prefix,E:\camelyon16_project\data\wsi\normal_047.tif,yes,1562580674,,no,no,,no,,
normal_048,normal,prefix,E:\camelyon16_project\data\wsi\normal_048.tif,yes,1171699274,,no,no,,no,,
normal_049,normal,prefix,E:\camelyon16_project\data\wsi\normal_049.tif,yes,1396581918,,no,no,,no,,
normal_050,normal,prefix,E:\camelyon16_project\data\wsi\normal_050.tif,yes,2473794250,,no,no,,no,,
normal_051,normal,prefix,E:\camelyon16_project\data\wsi\normal_051.tif,yes,1854503216,,no,no,,no,,
normal_052,normal,prefix,E:\camelyon16_project\data\wsi\normal_052.tif,yes,2300974104,,no,no,,no,,
normal_053,normal,prefix,E:\camelyon16_project\data\wsi\normal_053.tif,yes,2493278326,,no,no,,no,,
normal_054,normal,prefix,E:\camelyon16_project\data\wsi\normal_054.tif,yes,1108447178,,no,no,,no,,
normal_055,normal,prefix,E:\camelyon16_project\data\wsi\normal_055.tif,yes,1588077012,,no,no,,no,,
normal_056,normal,prefix,E:\camelyon16_project\data\wsi\normal_056.tif,yes,1748625984,,no,no,,no,,
normal_057,normal,prefix,E:\camelyon16_project\data\wsi\normal_057.tif,yes,1506763024,,no,no,,no,,
normal_058,normal,prefix,E:\camelyon16_project\data\wsi\normal_058.tif,yes,1805717430,,no,no,,no,,
normal_059,normal,prefix,E:\camelyon16_project\data\wsi\normal_059.tif,yes,1674687846,,no,no,,no,,
normal_060,normal,prefix,E:\camelyon16_project\data\wsi\normal_060.tif,yes,1127384118,,no,no,,no,,
normal_061,normal,prefix,E:\camelyon16_project\data\wsi\normal_061.tif,yes,2409392010,,no,no,,no,,
normal_062,normal,prefix,E:\camelyon16_project\data\wsi\normal_062.tif,yes,1203843300,,no,no,,no,,
normal_063,normal,prefix,E:\camelyon16_project\data\wsi\normal_063.tif,yes,1486505796,,no,no,,no,,
normal_064,normal,prefix,E:\camelyon16_project\data\wsi\normal_064.tif,yes,2320974744,,no,no,,no,,
normal_065,normal,prefix,E:\camelyon16_project\data\wsi\normal_065.tif,yes,1451532122,,no,no,,no,,
normal_066,normal,prefix,E:\camelyon16_project\data\wsi\normal_066.tif,yes,3632062616,,no,no,,no,,
normal_067,normal,prefix,E:\camelyon16_project\data\wsi\normal_067.tif,yes,2373542166,,no,no,,no,,
normal_068,normal,prefix,E:\camelyon16_project\data\wsi\normal_068.tif,yes,2335426038,,no,no,,no,,
normal_069,normal,prefix,E:\camelyon16_project\data\wsi\normal_069.tif,yes,1724044172,,no,no,,no,,
normal_070,normal,prefix,E:\camelyon16_project\data\wsi\normal_070.tif,yes,2599391460,,no,no,,no,,
normal_071,normal,prefix,E:\camelyon16_project\data\wsi\normal_071.tif,yes,1435178000,,no,no,,no,,
normal_072,normal,prefix,E:\camelyon16_project\data\wsi\normal_072.tif,yes,2241248734,,no,no,,no,,
normal_073,normal,prefix,E:\camelyon16_project\data\wsi\normal_073.tif,yes,1734175814,,no,no,,no,,
normal_074,normal,prefix,E:\camelyon16_project\data\wsi\normal_074.tif,yes,2548060862,,no,no,,no,,
normal_075,normal,prefix,E:\camelyon16_project\data\wsi\normal_075.tif,yes,1922213978,,no,no,,no,,
normal_076,normal,prefix,E:\camelyon16_project\data\wsi\normal_076.tif,yes,3290210186,,no,no,,no,,
normal_077,normal,prefix,E:\camelyon16_project\data\wsi\normal_077.tif,yes,1605478412,,no,no,,no,,
normal_078,normal,prefix,E:\camelyon16_project\data\wsi\normal_078.tif,yes,1389684682,,no,no,,no,,
normal_079,normal,prefix,E:\camelyon16_project\data\wsi\normal_079.tif,yes,2025670914,,no,no,,no,,
normal_080,normal,prefix,E:\camelyon16_project\data\wsi\normal_080.tif,yes,2699429630,,no,no,,no,,
normal_081,normal,prefix,E:\camelyon16_project\data\wsi\normal_081.tif,yes,2085299098,,no,no,,no,,
normal_082,normal,prefix,E:\camelyon16_project\data\wsi\normal_082.tif,yes,2123318308,,no,no,,no,,
normal_083,normal,prefix,E:\camelyon16_project\data\wsi\normal_083.tif,yes,1373733836,,no,no,,no,,
normal_084,normal,prefix,E:\camelyon16_project\data\wsi\normal_084.tif,yes,1379592198,,no,no,,no,,
normal_085,normal,prefix,E:\camelyon16_project\data\wsi\normal_085.tif,yes,1562943164,,no,no,,no,,
normal_087,normal,prefix,E:\camelyon16_project\data\wsi\normal_087.tif,yes,2204458892,,no,no,,no,,
normal_088,normal,prefix,E:\camelyon16_project\data\wsi\normal_088.tif,yes,2464553942,,no,no,,no,,
normal_089,normal,prefix,E:\camelyon16_project\data\wsi\normal_089.tif,yes,3207012716,,no,no,,no,,
normal_090,normal,prefix,E:\camelyon16_project\data\wsi\normal_090.tif,yes,2434735502,,no,no,,no,,
normal_091,normal,prefix,E:\camelyon16_project\data\wsi\normal_091.tif,yes,3581231786,,no,no,,no,,
normal_092,normal,prefix,E:\camelyon16_project\data\wsi\normal_092.tif,yes,1837843178,,no,no,,no,,
normal_093,normal,prefix,E:\camelyon16_project\data\wsi\normal_093.tif,yes,1915366008,,no,no,,no,,
normal_094,normal,prefix,E:\camelyon16_project\data\wsi\normal_094.tif,yes,2277058658,,no,no,,no,,
normal_095,normal,prefix,E:\camelyon16_project\data\wsi\normal_095.tif,yes,2481345972,,no,no,,no,,
normal_096,normal,prefix,E:\camelyon16_project\data\wsi\normal_096.tif,yes,2081832132,,no,no,,no,,
normal_097,normal,prefix,E:\camelyon16_project\data\wsi\normal_097.tif,yes,2192646528,,no,no,,no,,
normal_098,normal,prefix,E:\camelyon16_project\data\wsi\normal_098.tif,yes,1386825918,,no,no,,no,,
normal_099,normal,prefix,E:\camelyon16_project\data\wsi\normal_099.tif,yes,2548487254,,no,no,,no,,
normal_100,normal,prefix,E:\camelyon16_project\data\wsi\normal_100.tif,yes,1628955326,,no,no,,no,,
normal_101,normal,prefix,E:\camelyon16_project\data\wsi\normal_101.tif,yes,2086707841,,no,no,,no,,
normal_102,normal,prefix,E:\camelyon16_project\data\wsi\normal_102.tif,yes,1263964380,,no,no,,no,,
normal_103,normal,prefix,E:\camelyon16_project\data\wsi\normal_103.tif,yes,1048100028,,no,no,,no,,
normal_104,normal,prefix,E:\camelyon16_project\data\wsi\normal_104.tif,yes,2730679347,,no,no,,no,,
normal_105,normal,prefix,E:\camelyon16_project\data\wsi\normal_105.tif,yes,2422748959,,no,no,,no,,
normal_106,normal,prefix,E:\camelyon16_project\data\wsi\normal_106.tif,yes,2023986454,,no,no,,no,,
normal_107,normal,prefix,E:\camelyon16_project\data\wsi\normal_107.tif,yes,1535224729,,no,no,,no,,
normal_108,normal,prefix,E:\camelyon16_project\data\wsi\normal_108.tif,yes,326607275,,no,no,,no,,
normal_109,normal,prefix,E:\camelyon16_project\data\wsi\normal_109.tif,yes,1230680686,,no,no,,no,,
normal_110,normal,prefix,E:\camelyon16_project\data\wsi\normal_110.tif,yes,1832378794,,no,no,,no,,
normal_111,normal,prefix,E:\camelyon16_project\data\wsi\normal_111.tif,yes,2926237327,,no,no,,no,,
normal_112,normal,prefix,E:\camelyon16_project\data\wsi\normal_112.tif,yes,2767650794,,no,no,,no,,
normal_113,normal,prefix,E:\camelyon16_project\data\wsi\normal_113.tif,yes,1771662667,,no,no,,no,,
normal_114,normal,prefix,E:\camelyon16_project\data\wsi\normal_114.tif,yes,3305342358,,no,no,,no,,
normal_115,normal,prefix,E:\camelyon16_project\data\wsi\normal_115.tif,yes,1473203872,,no,no,,no,,
normal_116,normal,prefix,E:\camelyon16_project\data\wsi\normal_116.tif,yes,1019309008,,no,no,,no,,
normal_117,normal,prefix,E:\camelyon16_project\data\wsi\normal_117.tif,yes,1820733811,,no,no,,no,,
normal_118,normal,prefix,E:\camelyon16_project\data\wsi\normal_118.tif,yes,1892888648,,no,no,,no,,
normal_119,normal,prefix,E:\camelyon16_project\data\wsi\normal_119.tif,yes,1582549182,,no,no,,no,,
normal_120,normal,prefix,E:\camelyon16_project\data\wsi\normal_120.tif,yes,2628801753,,no,no,,no,,
normal_121,normal,prefix,E:\camelyon16_project\data\wsi\normal_121.tif,yes,2591108245,,no,no,,no,,
normal_122,normal,prefix,E:\camelyon16_project\data\wsi\normal_122.tif,yes,2295340620,,no,no,,no,,
normal_123,normal,prefix,E:\camelyon16_project\data\wsi\normal_123.tif,yes,1151665426,,no,no,,no,,
normal_124,normal,prefix,E:\camelyon16_project\data\wsi\normal_124.tif,yes,1761760211,,no,no,,no,,
normal_125,normal,prefix,E:\camelyon16_project\data\wsi\normal_125.tif,yes,2053030906,,no,no,,no,,
normal_126,normal,prefix,E:\camelyon16_project\data\wsi\normal_126.tif,yes,1780400475,,no,no,,no,,
normal_127,normal,prefix,E:\camelyon16_project\data\wsi\normal_127.tif,yes,2409632748,,no,no,,no,,
normal_128,normal,prefix,E:\camelyon16_project\data\wsi\normal_128.tif,yes,1510377955,,no,no,,no,,
normal_129,normal,prefix,E:\camelyon16_project\data\wsi\normal_129.tif,yes,2745241749,,no,no,,no,,
normal_130,normal,prefix,E:\camelyon16_project\data\wsi\normal_130.tif,yes,1678749066,,no,no,,no,,
normal_131,normal,prefix,E:\camelyon16_project\data\wsi\normal_131.tif,yes,1712133020,,no,no,,no,,
normal_132,normal,prefix,E:\camelyon16_project\data\wsi\normal_132.tif,yes,2180217696,,no,no,,no,,
normal_133,normal,prefix,E:\camelyon16_project\data\wsi\normal_133.tif,yes,2150575303,,no,no,,no,,
normal_134,normal,prefix,E:\camelyon16_project\data\wsi\normal_134.tif,yes,1488298047,,no,no,,no,,
normal_135,normal,prefix,E:\camelyon16_project\data\wsi\normal_135.tif,yes,1666118834,,no,no,,no,,
normal_136,normal,prefix,E:\camelyon16_project\data\wsi\normal_136.tif,yes,1636420098,,no,no,,no,,
normal_137,normal,prefix,E:\camelyon16_project\data\wsi\normal_137.tif,yes,2486077985,,no,no,,no,,
normal_138,normal,prefix,E:\camelyon16_project\data\wsi\normal_138.tif,yes,2196880449,,no,no,,no,,
normal_139,normal,prefix,E:\camelyon16_project\data\wsi\normal_139.tif,yes,2192667387,,no,no,,no,,
normal_140,normal,prefix,E:\camelyon16_project\data\wsi\normal_140.tif,yes,2029094748,,no,no,,no,,
normal_141,normal,prefix,E:\camelyon16_project\data\wsi\normal_141.tif,yes,991765162,,no,no,,no,,
normal_142,normal,prefix,E:\camelyon16_project\data\wsi\normal_142.tif,yes,2381671967,,no,no,,no,,
normal_143,normal,prefix,E:\camelyon16_project\data\wsi\normal_143.tif,yes,1971313896,,no,no,,no,,
normal_144,normal,prefix,E:\camelyon16_project\data\wsi\normal_144.tif,yes,3487944755,,no,no,,no,,
normal_145,normal,prefix,E:\camelyon16_project\data\wsi\normal_145.tif,yes,3014234184,,no,no,,no,,
normal_146,normal,prefix,E:\camelyon16_project\data\wsi\normal_146.tif,yes,2049272245,,no,no,,no,,
normal_147,normal,prefix,E:\camelyon16_project\data\wsi\normal_147.tif,yes,2345535649,,no,no,,no,,
normal_148,normal,prefix,E:\camelyon16_project\data\wsi\normal_148.tif,yes,1200997056,,no,no,,no,,
normal_149,normal,prefix,E:\camelyon16_project\data\wsi\normal_149.tif,yes,2912373123,,no,no,,no,,
normal_150,normal,prefix,E:\camelyon16_project\data\wsi\normal_150.tif,yes,752213407,,no,no,,no,,
normal_151,normal,prefix,E:\camelyon16_project\data\wsi\normal_151.tif,yes,2597448807,,no,no,,no,,
normal_152,normal,prefix,E:\camelyon16_project\data\wsi\normal_152.tif,yes,1354653076,,no,no,,no,,
normal_153,normal,prefix,E:\camelyon16_project\data\wsi\normal_153.tif,yes,1564254050,,no,no,,no,,
normal_154,normal,prefix,E:\camelyon16_project\data\wsi\normal_154.tif,yes,1920491837,,no,no,,no,,
normal_155,normal,prefix,E:\camelyon16_project\data\wsi\normal_155.tif,yes,1386889396,,no,no,,no,,
normal_156,normal,prefix,E:\camelyon16_project\data\wsi\normal_156.tif,yes,1206147444,,no,no,,no,,
test_003,normal,test_no_xml_assumed_normal,E:\camelyon16_project\data\wsi\test_003.tif,yes,1824126080,,no,no,,no,,
test_004,tumor,test_xml_present,E:\camelyon16_project\data\wsi\test_004.tif,yes,1624030508,E:\camelyon16_project\data\annotations\test_004.xml,yes,no,,no,,
test_005,normal,test_no_xml_assumed_normal,E:\camelyon16_project\data\wsi\test_005.tif,yes,1510544770,,no,no,,no,,
test_006,normal,test_no_xml_assumed_normal,E:\camelyon16_project\data\wsi\test_006.tif,yes,2321262406,,no,no,,no,,
test_007,normal,test_no_xml_assumed_normal,E:\camelyon16_project\data\wsi\test_007.tif,yes,1705705718,,no,no,,no,,
test_008,tumor,test_xml_present,E:\camelyon16_project\data\wsi\test_008.tif,yes,1564834484,E:\camelyon16_project\data\annotations\test_008.xml,yes,no,,no,,
test_009,normal,test_no_xml_assumed_normal,E:\camelyon16_project\data\wsi\test_009.tif,yes,1775040898,,no,no,,no,,
test_010,tumor,test_xml_present,E:\camelyon16_project\data\wsi\test_010.tif,yes,1920990340,E:\camelyon16_project\data\annotations\test_010.xml,yes,no,,no,,
test_011,tumor,test_xml_present,E:\camelyon16_project\data\wsi\test_011.tif,yes,1515502234,E:\camelyon16_project\data\annotations\test_011.xml,yes,no,,no,,
test_012,normal,test_no_xml_assumed_normal,E:\camelyon16_project\data\wsi\test_012.tif,yes,1481963652,,no,no,,no,,
test_013,tumor,test_xml_present,E:\camelyon16_project\data\wsi\test_013.tif,yes,1212648208,E:\camelyon16_project\data\annotations\test_013.xml,yes,no,,no,,
test_014,normal,test_no_xml_assumed_normal,E:\camelyon16_project\data\wsi\test_014.tif,yes,2157582280,,no,no,,no,,
test_015,normal,test_no_xml_assumed_normal,E:\camelyon16_project\data\wsi\test_015.tif,yes,1323395456,,no,no,,no,,
test_016,tumor,test_xml_present,E:\camelyon16_project\data\wsi\test_016.tif,yes,1810550358,E:\camelyon16_project\data\annotations\test_016.xml,yes,no,,no,,
test_017,normal,test_no_xml_assumed_normal,E:\camelyon16_project\data\wsi\test_017.tif,yes,1651084388,,no,no,,no,,
test_018,normal,test_no_xml_assumed_normal,E:\camelyon16_project\data\wsi\test_018.tif,yes,722332440,,no,no,,no,,
test_019,normal,test_no_xml_assumed_normal,E:\camelyon16_project\data\wsi\test_019.tif,yes,2860440803,,no,no,,no,,
test_020,normal,test_no_xml_assumed_normal,E:\camelyon16_project\data\wsi\test_020.tif,yes,1035471938,,no,no,,no,,
test_021,tumor,test_xml_present,E:\camelyon16_project\data\wsi\test_021.tif,yes,2736705640,E:\camelyon16_project\data\annotations\test_021.xml,yes,no,,no,,
test_022,normal,test_no_xml_assumed_normal,E:\camelyon16_project\data\wsi\test_022.tif,yes,1586434702,,no,no,,no,,
test_023,normal,test_no_xml_assumed_normal,E:\camelyon16_project\data\wsi\test_023.tif,yes,2069022664,,no,no,,no,,
test_024,normal,test_no_xml_assumed_normal,E:\camelyon16_project\data\wsi\test_024.tif,yes,1805314314,,no,no,,no,,
test_025,normal,test_no_xml_assumed_normal,E:\camelyon16_project\data\wsi\test_025.tif,yes,1264267748,,no,no,,no,,
test_026,tumor,test_xml_present,E:\camelyon16_project\data\wsi\test_026.tif,yes,1420600350,E:\camelyon16_project\data\annotations\test_026.xml,yes,no,,no,,
test_027,tumor,test_xml_present,E:\camelyon16_project\data\wsi\test_027.tif,yes,1905308394,E:\camelyon16_project\data\annotations\test_027.xml,yes,no,,no,,
test_028,normal,test_no_xml_assumed_normal,E:\camelyon16_project\data\wsi\test_028.tif,yes,2159285057,,no,no,,no,,
test_029,tumor,test_xml_present,E:\camelyon16_project\data\wsi\test_029.tif,yes,1534506190,E:\camelyon16_project\data\annotations\test_029.xml,yes,no,,no,,
test_030,tumor,test_xml_present,E:\camelyon16_project\data\wsi\test_030.tif,yes,2489698598,E:\camelyon16_project\data\annotations\test_030.xml,yes,no,,no,,
test_031,normal,test_no_xml_assumed_normal,E:\camelyon16_project\data\wsi\test_031.tif,yes,1732748376,,no,no,,no,,
test_032,normal,test_no_xml_assumed_normal,E:\camelyon16_project\data\wsi\test_032.tif,yes,2458673472,,no,no,,no,,
test_033,tumor,test_xml_present,E:\camelyon16_project\data\wsi\test_033.tif,yes,3506725767,E:\camelyon16_project\data\annotations\test_033.xml,yes,no,,no,,
test_034,normal,test_no_xml_assumed_normal,E:\camelyon16_project\data\wsi\test_034.tif,yes,1560735825,,no,no,,no,,
test_035,normal,test_no_xml_assumed_normal,E:\camelyon16_project\data\wsi\test_035.tif,yes,2061041806,,no,no,,no,,
test_036,normal,test_no_xml_assumed_normal,E:\camelyon16_project\data\wsi\test_036.tif,yes,1709459776,,no,no,,no,,
test_037,normal,test_no_xml_assumed_normal,E:\camelyon16_project\data\wsi\test_037.tif,yes,2182564164,,no,no,,no,,
test_038,tumor,test_xml_present,E:\camelyon16_project\data\wsi\test_038.tif,yes,1714993446,E:\camelyon16_project\data\annotations\test_038.xml,yes,no,,no,,
test_039,normal,test_no_xml_assumed_normal,E:\camelyon16_project\data\wsi\test_039.tif,yes,1479387530,,no,no,,no,,
test_040,tumor,test_xml_present,E:\camelyon16_project\data\wsi\test_040.tif,yes,1727632720,E:\camelyon16_project\data\annotations\test_040.xml,yes,no,,no,,
test_041,normal,test_no_xml_assumed_normal,E:\camelyon16_project\data\wsi\test_041.tif,yes,1596747978,,no,no,,no,,
test_042,normal,test_no_xml_assumed_normal,E:\camelyon16_project\data\wsi\test_042.tif,yes,3432105455,,no,no,,no,,
test_043,normal,test_no_xml_assumed_normal,E:\camelyon16_project\data\wsi\test_043.tif,yes,1557268378,,no,no,,no,,
test_044,normal,test_no_xml_assumed_normal,E:\camelyon16_project\data\wsi\test_044.tif,yes,942416626,,no,no,,no,,
test_045,normal,test_no_xml_assumed_normal,E:\camelyon16_project\data\wsi\test_045.tif,yes,1362755712,,no,no,,no,,
test_046,tumor,test_xml_present,E:\camelyon16_project\data\wsi\test_046.tif,yes,596259854,E:\camelyon16_project\data\annotations\test_046.xml,yes,no,,no,,
test_047,normal,test_no_xml_assumed_normal,E:\camelyon16_project\data\wsi\test_047.tif,yes,1060444842,,no,no,,no,,
test_048,tumor,test_xml_present,E:\camelyon16_project\data\wsi\test_048.tif,yes,1734370886,E:\camelyon16_project\data\annotations\test_048.xml,yes,no,,no,,
test_050,normal,test_no_xml_assumed_normal,E:\camelyon16_project\data\wsi\test_050.tif,yes,2424437418,,no,no,,no,,
test_051,tumor,test_xml_present,E:\camelyon16_project\data\wsi\test_051.tif,yes,1380984992,E:\camelyon16_project\data\annotations\test_051.xml,yes,no,,no,,
test_052,tumor,test_xml_present,E:\camelyon16_project\data\wsi\test_052.tif,yes,2045411926,E:\camelyon16_project\data\annotations\test_052.xml,yes,no,,no,,
test_053,normal,test_no_xml_assumed_normal,E:\camelyon16_project\data\wsi\test_053.tif,yes,2608464572,,no,no,,no,,
test_054,normal,test_no_xml_assumed_normal,E:\camelyon16_project\data\wsi\test_054.tif,yes,2195110526,,no,no,,no,,
test_055,normal,test_no_xml_assumed_normal,E:\camelyon16_project\data\wsi\test_055.tif,yes,601196116,,no,no,,no,,
test_056,normal,test_no_xml_assumed_normal,E:\camelyon16_project\data\wsi\test_056.tif,yes,2486009426,,no,no,,no,,
test_057,normal,test_no_xml_assumed_normal,E:\camelyon16_project\data\wsi\test_057.tif,yes,1433138014,,no,no,,no,,
test_058,normal,test_no_xml_assumed_normal,E:\camelyon16_project\data\wsi\test_058.tif,yes,1749793468,,no,no,,no,,
test_059,normal,test_no_xml_assumed_normal,E:\camelyon16_project\data\wsi\test_059.tif,yes,1873071598,,no,no,,no,,
test_060,normal,test_no_xml_assumed_normal,E:\camelyon16_project\data\wsi\test_060.tif,yes,1176396042,,no,no,,no,,
test_061,tumor,test_xml_present,E:\camelyon16_project\data\wsi\test_061.tif,yes,2374622230,E:\camelyon16_project\data\annotations\test_061.xml,yes,no,,no,,
test_062,normal,test_no_xml_assumed_normal,E:\camelyon16_project\data\wsi\test_062.tif,yes,477513231,,no,no,,no,,
test_063,normal,test_no_xml_assumed_normal,E:\camelyon16_project\data\wsi\test_063.tif,yes,1345338084,,no,no,,no,,
test_064,tumor,test_xml_present,E:\camelyon16_project\data\wsi\test_064.tif,yes,1388678306,E:\camelyon16_project\data\annotations\test_064.xml,yes,no,,no,,
test_065,tumor,test_xml_present,E:\camelyon16_project\data\wsi\test_065.tif,yes,448272450,E:\camelyon16_project\data\annotations\test_065.xml,yes,no,,no,,
test_066,tumor,test_xml_present,E:\camelyon16_project\data\wsi\test_066.tif,yes,1880979763,E:\camelyon16_project\data\annotations\test_066.xml,yes,no,,no,,
test_067,normal,test_no_xml_assumed_normal,E:\camelyon16_project\data\wsi\test_067.tif,yes,2415492970,,no,no,,no,,
test_068,tumor,test_xml_present,E:\camelyon16_project\data\wsi\test_068.tif,yes,2530427892,E:\camelyon16_project\data\annotations\test_068.xml,yes,no,,no,,
test_069,tumor,test_xml_present,E:\camelyon16_project\data\wsi\test_069.tif,yes,3665003187,E:\camelyon16_project\data\annotations\test_069.xml,yes,no,,no,,
test_070,normal,test_no_xml_assumed_normal,E:\camelyon16_project\data\wsi\test_070.tif,yes,1855554156,,no,no,,no,,
test_071,tumor,test_xml_present,E:\camelyon16_project\data\wsi\test_071.tif,yes,1759130069,E:\camelyon16_project\data\annotations\test_071.xml,yes,no,,no,,
test_072,normal,test_no_xml_assumed_normal,E:\camelyon16_project\data\wsi\test_072.tif,yes,1676104636,,no,no,,no,,
test_073,tumor,test_xml_present,E:\camelyon16_project\data\wsi\test_073.tif,yes,1554843153,E:\camelyon16_project\data\annotations\test_073.xml,yes,no,,no,,
test_074,tumor,test_xml_present,E:\camelyon16_project\data\wsi\test_074.tif,yes,2117506982,E:\camelyon16_project\data\annotations\test_074.xml,yes,no,,no,,
test_075,tumor,test_xml_present,E:\camelyon16_project\data\wsi\test_075.tif,yes,1803042506,E:\camelyon16_project\data\annotations\test_075.xml,yes,no,,no,,
test_076,normal,test_no_xml_assumed_normal,E:\camelyon16_project\data\wsi\test_076.tif,yes,2178634478,,no,no,,no,,
test_077,normal,test_no_xml_assumed_normal,E:\camelyon16_project\data\wsi\test_077.tif,yes,1693864750,,no,no,,no,,
test_078,normal,test_no_xml_assumed_normal,E:\camelyon16_project\data\wsi\test_078.tif,yes,1406959158,,no,no,,no,,
test_079,tumor,test_xml_present,E:\camelyon16_project\data\wsi\test_079.tif,yes,1025423882,E:\camelyon16_project\data\annotations\test_079.xml,yes,no,,no,,
test_080,normal,test_no_xml_assumed_normal,E:\camelyon16_project\data\wsi\test_080.tif,yes,1671722550,,no,no,,no,,
test_081,normal,test_no_xml_assumed_normal,E:\camelyon16_project\data\wsi\test_081.tif,yes,1275346140,,no,no,,no,,
test_082,tumor,test_xml_present,E:\camelyon16_project\data\wsi\test_082.tif,yes,2022366318,E:\camelyon16_project\data\annotations\test_082.xml,yes,no,,no,,
test_083,normal,test_no_xml_assumed_normal,E:\camelyon16_project\data\wsi\test_083.tif,yes,1314714180,,no,no,,no,,
test_084,tumor,test_xml_present,E:\camelyon16_project\data\wsi\test_084.tif,yes,922275172,E:\camelyon16_project\data\annotations\test_084.xml,yes,no,,no,,
test_085,normal,test_no_xml_assumed_normal,E:\camelyon16_project\data\wsi\test_085.tif,yes,1724003618,,no,no,,no,,
test_086,normal,test_no_xml_assumed_normal,E:\camelyon16_project\data\wsi\test_086.tif,yes,1126999700,,no,no,,no,,
test_087,normal,test_no_xml_assumed_normal,E:\camelyon16_project\data\wsi\test_087.tif,yes,1470267660,,no,no,,no,,
test_088,normal,test_no_xml_assumed_normal,E:\camelyon16_project\data\wsi\test_088.tif,yes,1922288050,,no,no,,no,,
test_089,normal,test_no_xml_assumed_normal,E:\camelyon16_project\data\wsi\test_089.tif,yes,1160554169,,no,no,,no,,
test_090,tumor,test_xml_present,E:\camelyon16_project\data\wsi\test_090.tif,yes,2749405796,E:\camelyon16_project\data\annotations\test_090.xml,yes,no,,no,,
test_091,normal,test_no_xml_assumed_normal,E:\camelyon16_project\data\wsi\test_091.tif,yes,1750304452,,no,no,,no,,
test_092,tumor,test_xml_present,E:\camelyon16_project\data\wsi\test_092.tif,yes,2028466890,E:\camelyon16_project\data\annotations\test_092.xml,yes,no,,no,,
test_093,normal,test_no_xml_assumed_normal,E:\camelyon16_project\data\wsi\test_093.tif,yes,1788558122,,no,no,,no,,
test_094,tumor,test_xml_present,E:\camelyon16_project\data\wsi\test_094.tif,yes,1241519868,E:\camelyon16_project\data\annotations\test_094.xml,yes,no,,no,,
test_095,normal,test_no_xml_assumed_normal,E:\camelyon16_project\data\wsi\test_095.tif,yes,1046055496,,no,no,,no,,
test_096,normal,test_no_xml_assumed_normal,E:\camelyon16_project\data\wsi\test_096.tif,yes,1441880970,,no,no,,no,,
test_097,tumor,test_xml_present,E:\camelyon16_project\data\wsi\test_097.tif,yes,1915602216,E:\camelyon16_project\data\annotations\test_097.xml,yes,no,,no,,
test_098,normal,test_no_xml_assumed_normal,E:\camelyon16_project\data\wsi\test_098.tif,yes,1558512336,,no,no,,no,,
test_099,tumor,test_xml_present,E:\camelyon16_project\data\wsi\test_099.tif,yes,1319590586,E:\camelyon16_project\data\annotations\test_099.xml,yes,no,,no,,
test_100,normal,test_no_xml_assumed_normal,E:\camelyon16_project\data\wsi\test_100.tif,yes,2734530692,,no,no,,no,,
test_101,normal,test_no_xml_assumed_normal,E:\camelyon16_project\data\wsi\test_101.tif,yes,1741063243,,no,no,,no,,
test_102,tumor,test_xml_present,E:\camelyon16_project\data\wsi\test_102.tif,yes,1726020573,E:\camelyon16_project\data\annotations\test_102.xml,yes,no,,no,,
test_103,normal,test_no_xml_assumed_normal,E:\camelyon16_project\data\wsi\test_103.tif,yes,1369992968,,no,no,,no,,
test_105,tumor,test_xml_present,E:\camelyon16_project\data\wsi\test_105.tif,yes,2758996974,E:\camelyon16_project\data\annotations\test_105.xml,yes,no,,no,,
test_106,normal,test_no_xml_assumed_normal,E:\camelyon16_project\data\wsi\test_106.tif,yes,1456275936,,no,no,,no,,
test_108,tumor,test_xml_present,E:\camelyon16_project\data\wsi\test_108.tif,yes,1321974498,E:\camelyon16_project\data\annotations\test_108.xml,yes,no,,no,,
test_109,normal,test_no_xml_assumed_normal,E:\camelyon16_project\data\wsi\test_109.tif,yes,1458096837,,no,no,,no,,
test_110,tumor,test_xml_present,E:\camelyon16_project\data\wsi\test_110.tif,yes,1546991942,E:\camelyon16_project\data\annotations\test_110.xml,yes,no,,no,,
test_111,normal,test_no_xml_assumed_normal,E:\camelyon16_project\data\wsi\test_111.tif,yes,1450647656,,no,no,,no,,
test_112,normal,test_no_xml_assumed_normal,E:\camelyon16_project\data\wsi\test_112.tif,yes,1639710788,,no,no,,no,,
test_113,tumor,test_xml_present,E:\camelyon16_project\data\wsi\test_113.tif,yes,2174630500,E:\camelyon16_project\data\annotations\test_113.xml,yes,no,,no,,
test_114,tumor,test_xml_present,E:\camelyon16_project\data\wsi\test_114.tif,yes,1839758190,E:\camelyon16_project\data\annotations\test_114.xml,yes,no,,no,,
test_115,normal,test_no_xml_assumed_normal,E:\camelyon16_project\data\wsi\test_115.tif,yes,1511252300,,no,no,,no,,
test_116,tumor,test_xml_present,E:\camelyon16_project\data\wsi\test_116.tif,yes,821415436,E:\camelyon16_project\data\annotations\test_116.xml,yes,no,,no,,
test_117,tumor,test_xml_present,E:\camelyon16_project\data\wsi\test_117.tif,yes,1496928706,E:\camelyon16_project\data\annotations\test_117.xml,yes,no,,no,,
test_118,normal,test_no_xml_assumed_normal,E:\camelyon16_project\data\wsi\test_118.tif,yes,1641477312,,no,no,,no,,
test_119,normal,test_no_xml_assumed_normal,E:\camelyon16_project\data\wsi\test_119.tif,yes,1030443218,,no,no,,no,,
test_120,normal,test_no_xml_assumed_normal,E:\camelyon16_project\data\wsi\test_120.tif,yes,2179990227,,no,no,,no,,
test_121,tumor,test_xml_present,E:\camelyon16_project\data\wsi\test_121.tif,yes,1664412750,E:\camelyon16_project\data\annotations\test_121.xml,yes,no,,no,,
test_122,tumor,test_xml_present,E:\camelyon16_project\data\wsi\test_122.tif,yes,1031701778,E:\camelyon16_project\data\annotations\test_122.xml,yes,no,,no,,
test_123,normal,test_no_xml_assumed_normal,E:\camelyon16_project\data\wsi\test_123.tif,yes,1437454606,,no,no,,no,,
test_124,normal,test_no_xml_assumed_normal,E:\camelyon16_project\data\wsi\test_124.tif,yes,1226651032,,no,no,,no,,
test_125,normal,test_no_xml_assumed_normal,E:\camelyon16_project\data\wsi\test_125.tif,yes,1649735192,,no,no,,no,,
test_126,normal,test_no_xml_assumed_normal,E:\camelyon16_project\data\wsi\test_126.tif,yes,2309655112,,no,no,,no,,
test_127,normal,test_no_xml_assumed_normal,E:\camelyon16_project\data\wsi\test_127.tif,yes,2903779575,,no,no,,no,,
test_128,normal,test_no_xml_assumed_normal,E:\camelyon16_project\data\wsi\test_128.tif,yes,494985030,,no,no,,no,,
test_129,normal,test_no_xml_assumed_normal,E:\camelyon16_project\data\wsi\test_129.tif,yes,1208039328,,no,no,,no,,
test_130,normal,test_no_xml_assumed_normal,E:\camelyon16_project\data\wsi\test_130.tif,yes,1748518866,,no,no,,no,,
tumor_001,tumor,prefix,E:\camelyon16_project\data\wsi\tumor_001.tif,yes,3264779514,E:\camelyon16_project\data\annotations\tumor_001.xml,yes,yes,iter2_hard_positive_review,yes,iter2_hard_positive_review;prior_20_wsi_exploration,
tumor_002,tumor,prefix,E:\camelyon16_project\data\wsi\tumor_002.tif,yes,1680307170,E:\camelyon16_project\data\annotations\tumor_002.xml,yes,yes,iter2_hard_positive_review,yes,iter2_hard_positive_review;prior_20_wsi_exploration,
tumor_003,tumor,prefix,E:\camelyon16_project\data\wsi\tumor_003.tif,yes,2352386364,E:\camelyon16_project\data\annotations\tumor_003.xml,yes,yes,iter2_hard_positive_review,yes,iter2_hard_positive_review;prior_20_wsi_exploration,
tumor_004,tumor,prefix,E:\camelyon16_project\data\wsi\tumor_004.tif,yes,2648896840,E:\camelyon16_project\data\annotations\tumor_004.xml,yes,yes,iter2_hard_positive_review,yes,iter2_hard_positive_review;prior_20_wsi_exploration,
tumor_005,tumor,prefix,E:\camelyon16_project\data\wsi\tumor_005.tif,yes,1467903916,E:\camelyon16_project\data\annotations\tumor_005.xml,yes,yes,iter2_hard_positive_review,yes,iter2_hard_positive_review;prior_20_wsi_exploration,
tumor_006,tumor,prefix,E:\camelyon16_project\data\wsi\tumor_006.tif,yes,2982752610,E:\camelyon16_project\data\annotations\tumor_006.xml,yes,yes,iter2_hard_positive_review,yes,iter2_hard_positive_review;prior_20_wsi_exploration,
tumor_007,tumor,prefix,E:\camelyon16_project\data\wsi\tumor_007.tif,yes,2361049492,E:\camelyon16_project\data\annotations\tumor_007.xml,yes,yes,iter2_hard_positive_review,yes,iter2_hard_positive_review;prior_20_wsi_exploration,
tumor_008,tumor,prefix,E:\camelyon16_project\data\wsi\tumor_008.tif,yes,2766996664,E:\camelyon16_project\data\annotations\tumor_008.xml,yes,yes,iter2_hard_positive_review,yes,iter2_hard_positive_review;prior_20_wsi_exploration,
tumor_009,tumor,prefix,E:\camelyon16_project\data\wsi\tumor_009.tif,yes,2466318858,E:\camelyon16_project\data\annotations\tumor_009.xml,yes,yes,iter2_hard_positive_review,yes,iter2_hard_positive_review;prior_20_wsi_exploration,
tumor_010,tumor,prefix,E:\camelyon16_project\data\wsi\tumor_010.tif,yes,2127394906,E:\camelyon16_project\data\annotations\tumor_010.xml,yes,yes,iter2_hard_positive_review,yes,iter2_hard_positive_review;prior_20_wsi_exploration,
tumor_011,tumor,prefix,E:\camelyon16_project\data\wsi\tumor_011.tif,yes,1965315332,E:\camelyon16_project\data\annotations\tumor_011.xml,yes,no,,no,,
tumor_012,tumor,prefix,E:\camelyon16_project\data\wsi\tumor_012.tif,yes,1626791654,E:\camelyon16_project\data\annotations\tumor_012.xml,yes,no,,no,,
tumor_013,tumor,prefix,E:\camelyon16_project\data\wsi\tumor_013.tif,yes,1988576902,E:\camelyon16_project\data\annotations\tumor_013.xml,yes,no,,no,,
tumor_014,tumor,prefix,E:\camelyon16_project\data\wsi\tumor_014.tif,yes,2253898518,E:\camelyon16_project\data\annotations\tumor_014.xml,yes,no,,no,,
tumor_015,tumor,prefix,E:\camelyon16_project\data\wsi\tumor_015.tif,yes,3534071834,E:\camelyon16_project\data\annotations\tumor_015.xml,yes,no,,no,,
tumor_016,tumor,prefix,E:\camelyon16_project\data\wsi\tumor_016.tif,yes,1524584022,E:\camelyon16_project\data\annotations\tumor_016.xml,yes,no,,no,,
tumor_017,tumor,prefix,E:\camelyon16_project\data\wsi\tumor_017.tif,yes,2341022060,E:\camelyon16_project\data\annotations\tumor_017.xml,yes,no,,no,,
tumor_018,tumor,prefix,E:\camelyon16_project\data\wsi\tumor_018.tif,yes,2404387928,E:\camelyon16_project\data\annotations\tumor_018.xml,yes,no,,no,,
tumor_019,tumor,prefix,E:\camelyon16_project\data\wsi\tumor_019.tif,yes,1536279242,E:\camelyon16_project\data\annotations\tumor_019.xml,yes,no,,no,,
tumor_020,tumor,prefix,E:\camelyon16_project\data\wsi\tumor_020.tif,yes,2501920708,E:\camelyon16_project\data\annotations\tumor_020.xml,yes,no,,no,,
tumor_021,tumor,prefix,E:\camelyon16_project\data\wsi\tumor_021.tif,yes,2883511080,E:\camelyon16_project\data\annotations\tumor_021.xml,yes,no,,no,,
tumor_022,tumor,prefix,E:\camelyon16_project\data\wsi\tumor_022.tif,yes,1983686468,E:\camelyon16_project\data\annotations\tumor_022.xml,yes,no,,no,,
tumor_023,tumor,prefix,E:\camelyon16_project\data\wsi\tumor_023.tif,yes,1687969860,E:\camelyon16_project\data\annotations\tumor_023.xml,yes,no,,no,,
tumor_024,tumor,prefix,E:\camelyon16_project\data\wsi\tumor_024.tif,yes,2592990104,E:\camelyon16_project\data\annotations\tumor_024.xml,yes,no,,no,,
tumor_025,tumor,prefix,E:\camelyon16_project\data\wsi\tumor_025.tif,yes,2047923160,E:\camelyon16_project\data\annotations\tumor_025.xml,yes,no,,no,,
tumor_026,tumor,prefix,E:\camelyon16_project\data\wsi\tumor_026.tif,yes,2722872422,E:\camelyon16_project\data\annotations\tumor_026.xml,yes,no,,no,,
tumor_027,tumor,prefix,E:\camelyon16_project\data\wsi\tumor_027.tif,yes,2431961806,E:\camelyon16_project\data\annotations\tumor_027.xml,yes,no,,no,,
tumor_028,tumor,prefix,E:\camelyon16_project\data\wsi\tumor_028.tif,yes,2707306402,E:\camelyon16_project\data\annotations\tumor_028.xml,yes,no,,no,,
tumor_029,tumor,prefix,E:\camelyon16_project\data\wsi\tumor_029.tif,yes,2372662124,E:\camelyon16_project\data\annotations\tumor_029.xml,yes,no,,no,,
tumor_030,tumor,prefix,E:\camelyon16_project\data\wsi\tumor_030.tif,yes,2269671216,E:\camelyon16_project\data\annotations\tumor_030.xml,yes,no,,no,,
tumor_031,tumor,prefix,E:\camelyon16_project\data\wsi\tumor_031.tif,yes,1487082070,E:\camelyon16_project\data\annotations\tumor_031.xml,yes,no,,no,,
tumor_032,tumor,prefix,E:\camelyon16_project\data\wsi\tumor_032.tif,yes,2732745848,E:\camelyon16_project\data\annotations\tumor_032.xml,yes,no,,no,,
tumor_033,tumor,prefix,E:\camelyon16_project\data\wsi\tumor_033.tif,yes,2287792722,E:\camelyon16_project\data\annotations\tumor_033.xml,yes,no,,no,,
tumor_034,tumor,prefix,E:\camelyon16_project\data\wsi\tumor_034.tif,yes,1582417680,E:\camelyon16_project\data\annotations\tumor_034.xml,yes,no,,no,,
tumor_035,tumor,prefix,E:\camelyon16_project\data\wsi\tumor_035.tif,yes,1605582132,E:\camelyon16_project\data\annotations\tumor_035.xml,yes,no,,no,,
tumor_036,tumor,prefix,E:\camelyon16_project\data\wsi\tumor_036.tif,yes,2899596454,E:\camelyon16_project\data\annotations\tumor_036.xml,yes,no,,no,,
tumor_037,tumor,prefix,E:\camelyon16_project\data\wsi\tumor_037.tif,yes,2636760950,E:\camelyon16_project\data\annotations\tumor_037.xml,yes,no,,no,,
tumor_038,tumor,prefix,E:\camelyon16_project\data\wsi\tumor_038.tif,yes,1460355394,E:\camelyon16_project\data\annotations\tumor_038.xml,yes,no,,no,,
tumor_039,tumor,prefix,E:\camelyon16_project\data\wsi\tumor_039.tif,yes,2378989710,E:\camelyon16_project\data\annotations\tumor_039.xml,yes,no,,no,,
tumor_040,tumor,prefix,E:\camelyon16_project\data\wsi\tumor_040.tif,yes,2464972516,E:\camelyon16_project\data\annotations\tumor_040.xml,yes,no,,no,,
tumor_041,tumor,prefix,E:\camelyon16_project\data\wsi\tumor_041.tif,yes,2121344578,E:\camelyon16_project\data\annotations\tumor_041.xml,yes,no,,no,,
tumor_042,tumor,prefix,E:\camelyon16_project\data\wsi\tumor_042.tif,yes,2162695754,E:\camelyon16_project\data\annotations\tumor_042.xml,yes,no,,no,,
tumor_043,tumor,prefix,E:\camelyon16_project\data\wsi\tumor_043.tif,yes,2550954276,E:\camelyon16_project\data\annotations\tumor_043.xml,yes,no,,no,,
tumor_044,tumor,prefix,E:\camelyon16_project\data\wsi\tumor_044.tif,yes,2242825120,E:\camelyon16_project\data\annotations\tumor_044.xml,yes,no,,no,,
tumor_045,tumor,prefix,E:\camelyon16_project\data\wsi\tumor_045.tif,yes,2247886038,E:\camelyon16_project\data\annotations\tumor_045.xml,yes,no,,no,,
tumor_046,tumor,prefix,E:\camelyon16_project\data\wsi\tumor_046.tif,yes,3144548740,E:\camelyon16_project\data\annotations\tumor_046.xml,yes,no,,no,,
tumor_047,tumor,prefix,E:\camelyon16_project\data\wsi\tumor_047.tif,yes,2584015710,E:\camelyon16_project\data\annotations\tumor_047.xml,yes,no,,no,,
tumor_048,tumor,prefix,E:\camelyon16_project\data\wsi\tumor_048.tif,yes,2425267700,E:\camelyon16_project\data\annotations\tumor_048.xml,yes,no,,no,,
tumor_049,tumor,prefix,E:\camelyon16_project\data\wsi\tumor_049.tif,yes,1731519758,E:\camelyon16_project\data\annotations\tumor_049.xml,yes,no,,no,,
tumor_050,tumor,prefix,E:\camelyon16_project\data\wsi\tumor_050.tif,yes,2482061248,E:\camelyon16_project\data\annotations\tumor_050.xml,yes,no,,no,,
tumor_051,tumor,prefix,E:\camelyon16_project\data\wsi\tumor_051.tif,yes,3475865558,E:\camelyon16_project\data\annotations\tumor_051.xml,yes,no,,no,,
tumor_052,tumor,prefix,E:\camelyon16_project\data\wsi\tumor_052.tif,yes,2352153660,E:\camelyon16_project\data\annotations\tumor_052.xml,yes,no,,no,,
tumor_053,tumor,prefix,E:\camelyon16_project\data\wsi\tumor_053.tif,yes,2083856940,E:\camelyon16_project\data\annotations\tumor_053.xml,yes,no,,no,,
tumor_054,tumor,prefix,E:\camelyon16_project\data\wsi\tumor_054.tif,yes,2865426792,E:\camelyon16_project\data\annotations\tumor_054.xml,yes,no,,no,,
tumor_055,tumor,prefix,E:\camelyon16_project\data\wsi\tumor_055.tif,yes,1950719628,E:\camelyon16_project\data\annotations\tumor_055.xml,yes,no,,no,,
tumor_056,tumor,prefix,E:\camelyon16_project\data\wsi\tumor_056.tif,yes,2152198418,E:\camelyon16_project\data\annotations\tumor_056.xml,yes,no,,no,,
tumor_057,tumor,prefix,E:\camelyon16_project\data\wsi\tumor_057.tif,yes,1459755832,E:\camelyon16_project\data\annotations\tumor_057.xml,yes,no,,no,,
tumor_058,tumor,prefix,E:\camelyon16_project\data\wsi\tumor_058.tif,yes,1364483562,E:\camelyon16_project\data\annotations\tumor_058.xml,yes,no,,no,,
tumor_059,tumor,prefix,E:\camelyon16_project\data\wsi\tumor_059.tif,yes,1480993338,E:\camelyon16_project\data\annotations\tumor_059.xml,yes,no,,no,,
tumor_060,tumor,prefix,E:\camelyon16_project\data\wsi\tumor_060.tif,yes,1907543320,E:\camelyon16_project\data\annotations\tumor_060.xml,yes,no,,no,,
tumor_061,tumor,prefix,E:\camelyon16_project\data\wsi\tumor_061.tif,yes,2222719282,E:\camelyon16_project\data\annotations\tumor_061.xml,yes,no,,no,,
tumor_062,tumor,prefix,E:\camelyon16_project\data\wsi\tumor_062.tif,yes,2176492874,E:\camelyon16_project\data\annotations\tumor_062.xml,yes,no,,no,,
tumor_063,tumor,prefix,E:\camelyon16_project\data\wsi\tumor_063.tif,yes,3598729974,E:\camelyon16_project\data\annotations\tumor_063.xml,yes,no,,no,,
tumor_064,tumor,prefix,E:\camelyon16_project\data\wsi\tumor_064.tif,yes,1645432562,E:\camelyon16_project\data\annotations\tumor_064.xml,yes,no,,no,,
tumor_065,tumor,prefix,E:\camelyon16_project\data\wsi\tumor_065.tif,yes,1404497198,E:\camelyon16_project\data\annotations\tumor_065.xml,yes,no,,no,,
tumor_066,tumor,prefix,E:\camelyon16_project\data\wsi\tumor_066.tif,yes,2854701014,E:\camelyon16_project\data\annotations\tumor_066.xml,yes,no,,no,,
tumor_067,tumor,prefix,E:\camelyon16_project\data\wsi\tumor_067.tif,yes,1454854440,E:\camelyon16_project\data\annotations\tumor_067.xml,yes,no,,no,,
tumor_068,tumor,prefix,E:\camelyon16_project\data\wsi\tumor_068.tif,yes,2336668784,E:\camelyon16_project\data\annotations\tumor_068.xml,yes,no,,no,,
tumor_069,tumor,prefix,E:\camelyon16_project\data\wsi\tumor_069.tif,yes,1785211848,E:\camelyon16_project\data\annotations\tumor_069.xml,yes,no,,no,,
tumor_070,tumor,prefix,E:\camelyon16_project\data\wsi\tumor_070.tif,yes,1907517700,E:\camelyon16_project\data\annotations\tumor_070.xml,yes,no,,no,,
tumor_071,tumor,prefix,E:\camelyon16_project\data\wsi\tumor_071.tif,yes,2505110039,E:\camelyon16_project\data\annotations\tumor_071.xml,yes,no,,no,,
tumor_072,tumor,prefix,E:\camelyon16_project\data\wsi\tumor_072.tif,yes,2167037383,E:\camelyon16_project\data\annotations\tumor_072.xml,yes,no,,no,,
tumor_073,tumor,prefix,E:\camelyon16_project\data\wsi\tumor_073.tif,yes,1763977406,E:\camelyon16_project\data\annotations\tumor_073.xml,yes,no,,no,,
tumor_074,tumor,prefix,E:\camelyon16_project\data\wsi\tumor_074.tif,yes,2083402321,E:\camelyon16_project\data\annotations\tumor_074.xml,yes,no,,no,,
tumor_075,tumor,prefix,E:\camelyon16_project\data\wsi\tumor_075.tif,yes,936998852,E:\camelyon16_project\data\annotations\tumor_075.xml,yes,no,,no,,
tumor_076,tumor,prefix,E:\camelyon16_project\data\wsi\tumor_076.tif,yes,2407473430,E:\camelyon16_project\data\annotations\tumor_076.xml,yes,no,,no,,
tumor_077,tumor,prefix,E:\camelyon16_project\data\wsi\tumor_077.tif,yes,2028783935,E:\camelyon16_project\data\annotations\tumor_077.xml,yes,no,,no,,
tumor_078,tumor,prefix,E:\camelyon16_project\data\wsi\tumor_078.tif,yes,1705985748,E:\camelyon16_project\data\annotations\tumor_078.xml,yes,no,,no,,
tumor_079,tumor,prefix,E:\camelyon16_project\data\wsi\tumor_079.tif,yes,1930897665,E:\camelyon16_project\data\annotations\tumor_079.xml,yes,no,,no,,
tumor_080,tumor,prefix,E:\camelyon16_project\data\wsi\tumor_080.tif,yes,1856071561,E:\camelyon16_project\data\annotations\tumor_080.xml,yes,no,,no,,
tumor_081,tumor,prefix,E:\camelyon16_project\data\wsi\tumor_081.tif,yes,1173305836,E:\camelyon16_project\data\annotations\tumor_081.xml,yes,no,,no,,
tumor_082,tumor,prefix,E:\camelyon16_project\data\wsi\tumor_082.tif,yes,1132287017,E:\camelyon16_project\data\annotations\tumor_082.xml,yes,no,,no,,
tumor_083,tumor,prefix,E:\camelyon16_project\data\wsi\tumor_083.tif,yes,2036560743,E:\camelyon16_project\data\annotations\tumor_083.xml,yes,no,,no,,
tumor_084,tumor,prefix,E:\camelyon16_project\data\wsi\tumor_084.tif,yes,838426602,E:\camelyon16_project\data\annotations\tumor_084.xml,yes,no,,no,,
tumor_085,tumor,prefix,E:\camelyon16_project\data\wsi\tumor_085.tif,yes,1737300972,E:\camelyon16_project\data\annotations\tumor_085.xml,yes,no,,no,,
tumor_086,tumor,prefix,E:\camelyon16_project\data\wsi\tumor_086.tif,yes,2619352497,E:\camelyon16_project\data\annotations\tumor_086.xml,yes,no,,no,,
tumor_087,tumor,prefix,E:\camelyon16_project\data\wsi\tumor_087.tif,yes,1261833404,E:\camelyon16_project\data\annotations\tumor_087.xml,yes,no,,no,,
tumor_088,tumor,prefix,E:\camelyon16_project\data\wsi\tumor_088.tif,yes,2309318659,E:\camelyon16_project\data\annotations\tumor_088.xml,yes,no,,no,,
tumor_091,tumor,prefix,E:\camelyon16_project\data\wsi\tumor_091.tif,yes,546437217,E:\camelyon16_project\data\annotations\tumor_091.xml,yes,no,,no,,
tumor_096,tumor,prefix,E:\camelyon16_project\data\wsi\tumor_096.tif,yes,1322041176,E:\camelyon16_project\data\annotations\tumor_096.xml,yes,no,,no,,
tumor_097,tumor,prefix,E:\camelyon16_project\data\wsi\tumor_097.tif,yes,1597105904,E:\camelyon16_project\data\annotations\tumor_097.xml,yes,no,,no,,
tumor_098,tumor,prefix,E:\camelyon16_project\data\wsi\tumor_098.tif,yes,1465919506,E:\camelyon16_project\data\annotations\tumor_098.xml,yes,no,,no,,
tumor_099,tumor,prefix,E:\camelyon16_project\data\wsi\tumor_099.tif,yes,1580612380,E:\camelyon16_project\data\annotations\tumor_099.xml,yes,no,,no,,
tumor_100,tumor,prefix,E:\camelyon16_project\data\wsi\tumor_100.tif,yes,1726208090,E:\camelyon16_project\data\annotations\tumor_100.xml,yes,no,,no,,
tumor_101,tumor,prefix,E:\camelyon16_project\data\wsi\tumor_101.tif,yes,1460112585,E:\camelyon16_project\data\annotations\tumor_101.xml,yes,no,,no,,
tumor_102,tumor,prefix,E:\camelyon16_project\data\wsi\tumor_102.tif,yes,3972871389,E:\camelyon16_project\data\annotations\tumor_102.xml,yes,no,,no,,
tumor_103,tumor,prefix,E:\camelyon16_project\data\wsi\tumor_103.tif,yes,2276115969,E:\camelyon16_project\data\annotations\tumor_103.xml,yes,no,,no,,
tumor_104,tumor,prefix,E:\camelyon16_project\data\wsi\tumor_104.tif,yes,2238566450,E:\camelyon16_project\data\annotations\tumor_104.xml,yes,no,,no,,
tumor_105,tumor,prefix,E:\camelyon16_project\data\wsi\tumor_105.tif,yes,1347343550,E:\camelyon16_project\data\annotations\tumor_105.xml,yes,no,,no,,
tumor_106,tumor,prefix,E:\camelyon16_project\data\wsi\tumor_106.tif,yes,2493145929,E:\camelyon16_project\data\annotations\tumor_106.xml,yes,no,,no,,
tumor_107,tumor,prefix,E:\camelyon16_project\data\wsi\tumor_107.tif,yes,1132948542,E:\camelyon16_project\data\annotations\tumor_107.xml,yes,no,,no,,
tumor_108,tumor,prefix,E:\camelyon16_project\data\wsi\tumor_108.tif,yes,2149030366,E:\camelyon16_project\data\annotations\tumor_108.xml,yes,no,,no,,
tumor_109,tumor,prefix,E:\camelyon16_project\data\wsi\tumor_109.tif,yes,1419727468,E:\camelyon16_project\data\annotations\tumor_109.xml,yes,no,,no,,
tumor_110,tumor,prefix,E:\camelyon16_project\data\wsi\tumor_110.tif,yes,1485042280,E:\camelyon16_project\data\annotations\tumor_110.xml,yes,no,,no,,
tumor_111,tumor,prefix,E:\camelyon16_project\data\wsi\tumor_111.tif,yes,1960492360,E:\camelyon16_project\data\annotations\tumor_111.xml,yes,no,,no,,
