slide_id,component_id,n_patches,max_prob,mean_prob,top_x,top_y,min_x,min_y,max_x,max_y,patch_dir,contact_sheet,overview
normal_004,1,2,0.9989631175994873,0.9973160624504089,25088,74368,25088,74368,25216,74368,/Volumes/TX/camelyon16_project/data/review/micro_fp_iter2/normal_004/component_01,/Volumes/TX/camelyon16_project/data/review/micro_fp_iter2/normal_004/component_01/normal_004_component_01_contact_sheet.png,/Volumes/TX/camelyon16_project/data/review/micro_fp_iter2/normal_004/normal_004_overview.png
normal_005,1,2,0.9997621178627014,0.9983440041542053,74624,159232,74624,159232,74752,159232,/Volumes/TX/camelyon16_project/data/review/micro_fp_iter2/normal_005/component_01,/Volumes/TX/camelyon16_project/data/review/micro_fp_iter2/normal_005/component_01/normal_005_component_01_contact_sheet.png,/Volumes/TX/camelyon16_project/data/review/micro_fp_iter2/normal_005/normal_005_overview.png
normal_006,1,4,0.9999808073043823,0.9996602088212967,60032,30080,60032,29952,60160,30080,/Volumes/TX/camelyon16_project/data/review/micro_fp_iter2/normal_006/component_01,/Volumes/TX/camelyon16_project/data/review/micro_fp_iter2/normal_006/component_01/normal_006_component_01_contact_sheet.png,/Volumes/TX/camelyon16_project/data/review/micro_fp_iter2/normal_006/normal_006_overview.png
normal_007,1,7,0.9999586343765259,0.9977702668734959,55168,129280,55040,129152,55296,129536,/Volumes/TX/camelyon16_project/data/review/micro_fp_iter2/normal_007/component_01,/Volumes/TX/camelyon16_project/data/review/micro_fp_iter2/normal_007/component_01/normal_007_component_01_contact_sheet.png,/Volumes/TX/camelyon16_project/data/review/micro_fp_iter2/normal_007/normal_007_overview.png
normal_008,1,6,0.9998903274536133,0.9979759951432546,27136,126720,26752,126592,27392,126848,/Volumes/TX/camelyon16_project/data/review/micro_fp_iter2/normal_008/component_01,/Volumes/TX/camelyon16_project/data/review/micro_fp_iter2/normal_008/component_01/normal_008_component_01_contact_sheet.png,/Volumes/TX/camelyon16_project/data/review/micro_fp_iter2/normal_008/normal_008_overview.png
normal_009,1,3,0.9964274764060974,0.9943277438481649,78208,129664,78208,129664,78336,129792,/Volumes/TX/camelyon16_project/data/review/micro_fp_iter2/normal_009/component_01,/Volumes/TX/camelyon16_project/data/review/micro_fp_iter2/normal_009/component_01/normal_009_component_01_contact_sheet.png,/Volumes/TX/camelyon16_project/data/review/micro_fp_iter2/normal_009/normal_009_overview.png
normal_009,2,2,0.99674391746521,0.9946184456348419,70400,121216,70272,121216,70400,121216,/Volumes/TX/camelyon16_project/data/review/micro_fp_iter2/normal_009/component_02,/Volumes/TX/camelyon16_project/data/review/micro_fp_iter2/normal_009/component_02/normal_009_component_02_contact_sheet.png,/Volumes/TX/camelyon16_project/data/review/micro_fp_iter2/normal_009/normal_009_overview.png
normal_010,1,4,0.9978070855140686,0.9940382540225983,71552,151040,71424,150912,71680,151040,/Volumes/TX/camelyon16_project/data/review/micro_fp_iter2/normal_010/component_01,/Volumes/TX/camelyon16_project/data/review/micro_fp_iter2/normal_010/component_01/normal_010_component_01_contact_sheet.png,/Volumes/TX/camelyon16_project/data/review/micro_fp_iter2/normal_010/normal_010_overview.png
normal_010,2,3,0.9954752326011658,0.9921613534291586,71552,147968,71424,147968,71552,148096,/Volumes/TX/camelyon16_project/data/review/micro_fp_iter2/normal_010/component_02,/Volumes/TX/camelyon16_project/data/review/micro_fp_iter2/normal_010/component_02/normal_010_component_02_contact_sheet.png,/Volumes/TX/camelyon16_project/data/review/micro_fp_iter2/normal_010/normal_010_overview.png
normal_010,3,2,0.9999960660934448,0.9996971487998962,71168,152704,71168,152704,71296,152704,/Volumes/TX/camelyon16_project/data/review/micro_fp_iter2/normal_010/component_03,/Volumes/TX/camelyon16_project/data/review/micro_fp_iter2/normal_010/component_03/normal_010_component_03_contact_sheet.png,/Volumes/TX/camelyon16_project/data/review/micro_fp_iter2/normal_010/normal_010_overview.png
normal_010,4,2,0.9911523461341858,0.9906371235847473,68992,139904,68992,139904,68992,140032,/Volumes/TX/camelyon16_project/data/review/micro_fp_iter2/normal_010/component_04,/Volumes/TX/camelyon16_project/data/review/micro_fp_iter2/normal_010/component_04/normal_010_component_04_contact_sheet.png,/Volumes/TX/camelyon16_project/data/review/micro_fp_iter2/normal_010/normal_010_overview.png
