slide_id,component_id,n_patches,max_prob,top_x,top_y,contact_sheet,overview,review_category,include_as_hard_negative,notes
normal_004,1,2,0.9989631175994873,25088,74368,/Volumes/TX/camelyon16_project/data/review/micro_fp_iter2/normal_004/component_01/normal_004_component_01_contact_sheet.png,/Volumes/TX/camelyon16_project/data/review/micro_fp_iter2/normal_004/normal_004_overview.png,benign_lumen_or_detached_fragment,no,"Zone avec lumiere possible vaisseau ou fragment detache; aspect normal sans doute."
normal_005,1,2,0.9997621178627014,74624,159232,/Volumes/TX/camelyon16_project/data/review/micro_fp_iter2/normal_005/component_01/normal_005_component_01_contact_sheet.png,/Volumes/TX/camelyon16_project/data/review/micro_fp_iter2/normal_005/normal_005_overview.png,benign_macrophage_crush,no,"Grand macrophage et quelques lymphocytes probablement ecrases; pas de doute."
normal_006,1,4,0.9999808073043823,60032,30080,/Volumes/TX/camelyon16_project/data/review/micro_fp_iter2/normal_006/component_01/normal_006_component_01_contact_sheet.png,/Volumes/TX/camelyon16_project/data/review/micro_fp_iter2/normal_006/normal_006_overview.png,suspicious_single_cell_artifact,yes,"Cellule dans cytoplasme clarifie ou cavite artefactuelle; suspect mais une seule cellule; interessant comme hard negative."
normal_007,1,7,0.9999586343765259,55168,129280,/Volumes/TX/camelyon16_project/data/review/micro_fp_iter2/normal_007/component_01/normal_007_component_01_contact_sheet.png,/Volumes/TX/camelyon16_project/data/review/micro_fp_iter2/normal_007/normal_007_overview.png,benign_fibrous_extraganglionic,no,"Zone fibreuse hors ganglion probablement travee de tissu adipeux a distance; peu interessant."
normal_008,1,6,0.9998903274536133,27136,126720,/Volumes/TX/camelyon16_project/data/review/micro_fp_iter2/normal_008/component_01/normal_008_component_01_contact_sheet.png,/Volumes/TX/camelyon16_project/data/review/micro_fp_iter2/normal_008/normal_008_overview.png,benign_lymphocytes_macrophages,no,"Lymphocytes et macrophages sans probleme particulier."
normal_009,1,3,0.9964274764060974,78208,129664,/Volumes/TX/camelyon16_project/data/review/micro_fp_iter2/normal_009/component_01/normal_009_component_01_contact_sheet.png,/Volumes/TX/camelyon16_project/data/review/micro_fp_iter2/normal_009/normal_009_overview.png,benign_unusual_fibrous_macrophages,maybe,"Tissu fibreux avec macrophages tout a fait benin; representation un peu inhabituelle."
normal_009,2,2,0.99674391746521,70400,121216,/Volumes/TX/camelyon16_project/data/review/micro_fp_iter2/normal_009/component_02/normal_009_component_02_contact_sheet.png,/Volumes/TX/camelyon16_project/data/review/micro_fp_iter2/normal_009/normal_009_overview.png,suspicious_probably_macrophagic,yes,"Amas de cellules un peu suspect mais vraisemblablement macrophagique; interessant comme hard negative."
normal_010,1,4,0.9978070855140686,71552,151040,/Volumes/TX/camelyon16_project/data/review/micro_fp_iter2/normal_010/component_01/normal_010_component_01_contact_sheet.png,/Volumes/TX/camelyon16_project/data/review/micro_fp_iter2/normal_010/normal_010_overview.png,benign_fibrous_or_coagulative_necrosis,maybe,"Plage un peu fibreuse ou necrose de coagulation non classique mais benigne."
normal_010,2,3,0.9954752326011658,71552,147968,/Volumes/TX/camelyon16_project/data/review/micro_fp_iter2/normal_010/component_02/normal_010_component_02_contact_sheet.png,/Volumes/TX/camelyon16_project/data/review/micro_fp_iter2/normal_010/normal_010_overview.png,benign_fibrous_or_coagulative_necrosis,maybe,"Plage un peu fibreuse ou necrose de coagulation non classique mais benigne."
normal_010,3,2,0.9999960660934448,71168,152704,/Volumes/TX/camelyon16_project/data/review/micro_fp_iter2/normal_010/component_03/normal_010_component_03_contact_sheet.png,/Volumes/TX/camelyon16_project/data/review/micro_fp_iter2/normal_010/normal_010_overview.png,benign_fibrous_or_coagulative_necrosis,maybe,"Plage un peu fibreuse ou necrose de coagulation non classique mais benigne."
normal_010,4,2,0.9911523461341858,68992,139904,/Volumes/TX/camelyon16_project/data/review/micro_fp_iter2/normal_010/component_04/normal_010_component_04_contact_sheet.png,/Volumes/TX/camelyon16_project/data/review/micro_fp_iter2/normal_010/normal_010_overview.png,benign_fibrous_or_coagulative_necrosis,maybe,"Plage un peu fibreuse ou necrose de coagulation non classique mais benigne."
