slide_id,candidate_id,category,prob,x,y,patch_path,contact_sheet,overview,review_category,include_as_hard_positive,notes
tumor_001,1,low_prob_edge,0.0424996092915535,72064,132864,/Volumes/TX/camelyon16_project/data/review/hard_positive_iter2/tumor_001/tumor_001_hp01_low_prob_edge_prob0.042_x72064_y132864.png,/Volumes/TX/camelyon16_project/data/review/hard_positive_iter2/tumor_001/tumor_001_hard_positive_contact_sheet.png,/Volumes/TX/camelyon16_project/data/review/hard_positive_iter2/tumor_001/tumor_001_overview.png,,,
tumor_001,2,low_prob_edge,0.07689610123634338,70784,134400,/Volumes/TX/camelyon16_project/data/review/hard_positive_iter2/tumor_001/tumor_001_hp02_low_prob_edge_prob0.077_x70784_y134400.png,/Volumes/TX/camelyon16_project/data/review/hard_positive_iter2/tumor_001/tumor_001_hard_positive_contact_sheet.png,/Volumes/TX/camelyon16_project/data/review/hard_positive_iter2/tumor_001/tumor_001_overview.png,,,
tumor_001,3,low_prob_edge,0.1993657946586609,71680,133376,/Volumes/TX/camelyon16_project/data/review/hard_positive_iter2/tumor_001/tumor_001_hp03_low_prob_edge_prob0.199_x71680_y133376.png,/Volumes/TX/camelyon16_project/data/review/hard_positive_iter2/tumor_001/tumor_001_hard_positive_contact_sheet.png,/Volumes/TX/camelyon16_project/data/review/hard_positive_iter2/tumor_001/tumor_001_overview.png,,,
tumor_001,4,low_prob_edge,0.20279672741889954,73088,124416,/Volumes/TX/camelyon16_project/data/review/hard_positive_iter2/tumor_001/tumor_001_hp04_low_prob_edge_prob0.203_x73088_y124416.png,/Volumes/TX/camelyon16_project/data/review/hard_positive_iter2/tumor_001/tumor_001_hard_positive_contact_sheet.png,/Volumes/TX/camelyon16_project/data/review/hard_positive_iter2/tumor_001/tumor_001_overview.png,,,
tumor_001,5,low_prob_edge,0.38129210472106934,70016,134528,/Volumes/TX/camelyon16_project/data/review/hard_positive_iter2/tumor_001/tumor_001_hp05_low_prob_edge_prob0.381_x70016_y134528.png,/Volumes/TX/camelyon16_project/data/review/hard_positive_iter2/tumor_001/tumor_001_hard_positive_contact_sheet.png,/Volumes/TX/camelyon16_project/data/review/hard_positive_iter2/tumor_001/tumor_001_overview.png,,,
tumor_001,6,low_prob_edge,0.4328588843345642,73088,123392,/Volumes/TX/camelyon16_project/data/review/hard_positive_iter2/tumor_001/tumor_001_hp06_low_prob_edge_prob0.433_x73088_y123392.png,/Volumes/TX/camelyon16_project/data/review/hard_positive_iter2/tumor_001/tumor_001_hard_positive_contact_sheet.png,/Volumes/TX/camelyon16_project/data/review/hard_positive_iter2/tumor_001/tumor_001_overview.png,,,
tumor_001,7,mid_prob_edge,0.6051306128501892,70144,125568,/Volumes/TX/camelyon16_project/data/review/hard_positive_iter2/tumor_001/tumor_001_hp07_mid_prob_edge_prob0.605_x70144_y125568.png,/Volumes/TX/camelyon16_project/data/review/hard_positive_iter2/tumor_001/tumor_001_hard_positive_contact_sheet.png,/Volumes/TX/camelyon16_project/data/review/hard_positive_iter2/tumor_001/tumor_001_overview.png,,,
tumor_001,8,mid_prob_edge,0.6254260540008545,72192,131840,/Volumes/TX/camelyon16_project/data/review/hard_positive_iter2/tumor_001/tumor_001_hp08_mid_prob_edge_prob0.625_x72192_y131840.png,/Volumes/TX/camelyon16_project/data/review/hard_positive_iter2/tumor_001/tumor_001_hard_positive_contact_sheet.png,/Volumes/TX/camelyon16_project/data/review/hard_positive_iter2/tumor_001/tumor_001_overview.png,,,
tumor_001,9,mid_prob_edge,0.7172855138778687,73088,123776,/Volumes/TX/camelyon16_project/data/review/hard_positive_iter2/tumor_001/tumor_001_hp09_mid_prob_edge_prob0.717_x73088_y123776.png,/Volumes/TX/camelyon16_project/data/review/hard_positive_iter2/tumor_001/tumor_001_hard_positive_contact_sheet.png,/Volumes/TX/camelyon16_project/data/review/hard_positive_iter2/tumor_001/tumor_001_overview.png,,,
tumor_001,10,mid_prob_edge,0.7253552675247192,73216,123520,/Volumes/TX/camelyon16_project/data/review/hard_positive_iter2/tumor_001/tumor_001_hp10_mid_prob_edge_prob0.725_x73216_y123520.png,/Volumes/TX/camelyon16_project/data/review/hard_positive_iter2/tumor_001/tumor_001_hard_positive_contact_sheet.png,/Volumes/TX/camelyon16_project/data/review/hard_positive_iter2/tumor_001/tumor_001_overview.png,,,
tumor_001,11,mid_prob_edge,0.7506301403045654,70912,126976,/Volumes/TX/camelyon16_project/data/review/hard_positive_iter2/tumor_001/tumor_001_hp11_mid_prob_edge_prob0.751_x70912_y126976.png,/Volumes/TX/camelyon16_project/data/review/hard_positive_iter2/tumor_001/tumor_001_hard_positive_contact_sheet.png,/Volumes/TX/camelyon16_project/data/review/hard_positive_iter2/tumor_001/tumor_001_overview.png,,,
tumor_001,12,edge_high_prob,0.8091253042221069,72192,132608,/Volumes/TX/camelyon16_project/data/review/hard_positive_iter2/tumor_001/tumor_001_hp12_edge_high_prob_prob0.809_x72192_y132608.png,/Volumes/TX/camelyon16_project/data/review/hard_positive_iter2/tumor_001/tumor_001_hard_positive_contact_sheet.png,/Volumes/TX/camelyon16_project/data/review/hard_positive_iter2/tumor_001/tumor_001_overview.png,,,
tumor_001,13,edge_high_prob,0.8105628490447998,70784,127488,/Volumes/TX/camelyon16_project/data/review/hard_positive_iter2/tumor_001/tumor_001_hp13_edge_high_prob_prob0.811_x70784_y127488.png,/Volumes/TX/camelyon16_project/data/review/hard_positive_iter2/tumor_001/tumor_001_hard_positive_contact_sheet.png,/Volumes/TX/camelyon16_project/data/review/hard_positive_iter2/tumor_001/tumor_001_overview.png,,,
tumor_001,14,edge_high_prob,0.8156757354736328,71040,126976,/Volumes/TX/camelyon16_project/data/review/hard_positive_iter2/tumor_001/tumor_001_hp14_edge_high_prob_prob0.816_x71040_y126976.png,/Volumes/TX/camelyon16_project/data/review/hard_positive_iter2/tumor_001/tumor_001_hard_positive_contact_sheet.png,/Volumes/TX/camelyon16_project/data/review/hard_positive_iter2/tumor_001/tumor_001_overview.png,,,
tumor_001,15,edge_high_prob,0.8161138892173767,73088,124672,/Volumes/TX/camelyon16_project/data/review/hard_positive_iter2/tumor_001/tumor_001_hp15_edge_high_prob_prob0.816_x73088_y124672.png,/Volumes/TX/camelyon16_project/data/review/hard_positive_iter2/tumor_001/tumor_001_hard_positive_contact_sheet.png,/Volumes/TX/camelyon16_project/data/review/hard_positive_iter2/tumor_001/tumor_001_overview.png,,,
tumor_001,16,edge_high_prob,0.8222377896308899,70912,124672,/Volumes/TX/camelyon16_project/data/review/hard_positive_iter2/tumor_001/tumor_001_hp16_edge_high_prob_prob0.822_x70912_y124672.png,/Volumes/TX/camelyon16_project/data/review/hard_positive_iter2/tumor_001/tumor_001_hard_positive_contact_sheet.png,/Volumes/TX/camelyon16_project/data/review/hard_positive_iter2/tumor_001/tumor_001_overview.png,,,
tumor_001,17,edge_high_prob,0.8264045715332031,71040,124672,/Volumes/TX/camelyon16_project/data/review/hard_positive_iter2/tumor_001/tumor_001_hp17_edge_high_prob_prob0.826_x71040_y124672.png,/Volumes/TX/camelyon16_project/data/review/hard_positive_iter2/tumor_001/tumor_001_hard_positive_contact_sheet.png,/Volumes/TX/camelyon16_project/data/review/hard_positive_iter2/tumor_001/tumor_001_overview.png,,,
tumor_001,18,edge_high_prob,0.8362623453140259,73216,123648,/Volumes/TX/camelyon16_project/data/review/hard_positive_iter2/tumor_001/tumor_001_hp18_edge_high_prob_prob0.836_x73216_y123648.png,/Volumes/TX/camelyon16_project/data/review/hard_positive_iter2/tumor_001/tumor_001_hard_positive_contact_sheet.png,/Volumes/TX/camelyon16_project/data/review/hard_positive_iter2/tumor_001/tumor_001_overview.png,,,
tumor_001,19,edge_high_prob,0.8463848829269409,71680,133248,/Volumes/TX/camelyon16_project/data/review/hard_positive_iter2/tumor_001/tumor_001_hp19_edge_high_prob_prob0.846_x71680_y133248.png,/Volumes/TX/camelyon16_project/data/review/hard_positive_iter2/tumor_001/tumor_001_hard_positive_contact_sheet.png,/Volumes/TX/camelyon16_project/data/review/hard_positive_iter2/tumor_001/tumor_001_overview.png,,,
tumor_001,20,edge_high_prob,0.8620107173919678,70656,124416,/Volumes/TX/camelyon16_project/data/review/hard_positive_iter2/tumor_001/tumor_001_hp20_edge_high_prob_prob0.862_x70656_y124416.png,/Volumes/TX/camelyon16_project/data/review/hard_positive_iter2/tumor_001/tumor_001_hard_positive_contact_sheet.png,/Volumes/TX/camelyon16_project/data/review/hard_positive_iter2/tumor_001/tumor_001_overview.png,,,
tumor_001,21,edge_high_prob,0.8716801404953003,73088,124544,/Volumes/TX/camelyon16_project/data/review/hard_positive_iter2/tumor_001/tumor_001_hp21_edge_high_prob_prob0.872_x73088_y124544.png,/Volumes/TX/camelyon16_project/data/review/hard_positive_iter2/tumor_001/tumor_001_hard_positive_contact_sheet.png,/Volumes/TX/camelyon16_project/data/review/hard_positive_iter2/tumor_001/tumor_001_overview.png,,,
tumor_001,22,edge_high_prob,0.8771926164627075,73088,124288,/Volumes/TX/camelyon16_project/data/review/hard_positive_iter2/tumor_001/tumor_001_hp22_edge_high_prob_prob0.877_x73088_y124288.png,/Volumes/TX/camelyon16_project/data/review/hard_positive_iter2/tumor_001/tumor_001_hard_positive_contact_sheet.png,/Volumes/TX/camelyon16_project/data/review/hard_positive_iter2/tumor_001/tumor_001_overview.png,,,
tumor_001,23,edge_high_prob,0.8881661891937256,70016,134400,/Volumes/TX/camelyon16_project/data/review/hard_positive_iter2/tumor_001/tumor_001_hp23_edge_high_prob_prob0.888_x70016_y134400.png,/Volumes/TX/camelyon16_project/data/review/hard_positive_iter2/tumor_001/tumor_001_hard_positive_contact_sheet.png,/Volumes/TX/camelyon16_project/data/review/hard_positive_iter2/tumor_001/tumor_001_overview.png,,,
tumor_001,24,edge_high_prob,0.9209420680999756,72192,124288,/Volumes/TX/camelyon16_project/data/review/hard_positive_iter2/tumor_001/tumor_001_hp24_edge_high_prob_prob0.921_x72192_y124288.png,/Volumes/TX/camelyon16_project/data/review/hard_positive_iter2/tumor_001/tumor_001_hard_positive_contact_sheet.png,/Volumes/TX/camelyon16_project/data/review/hard_positive_iter2/tumor_001/tumor_001_overview.png,,,
tumor_002,1,low_prob_edge,0.026015518233180046,47232,104448,/Volumes/TX/camelyon16_project/data/review/hard_positive_iter2/tumor_002/tumor_002_hp01_low_prob_edge_prob0.026_x47232_y104448.png,/Volumes/TX/camelyon16_project/data/review/hard_positive_iter2/tumor_002/tumor_002_hard_positive_contact_sheet.png,/Volumes/TX/camelyon16_project/data/review/hard_positive_iter2/tumor_002/tumor_002_overview.png,,,
tumor_002,2,low_prob_edge,0.07355770468711853,46976,102784,/Volumes/TX/camelyon16_project/data/review/hard_positive_iter2/tumor_002/tumor_002_hp02_low_prob_edge_prob0.074_x46976_y102784.png,/Volumes/TX/camelyon16_project/data/review/hard_positive_iter2/tumor_002/tumor_002_hard_positive_contact_sheet.png,/Volumes/TX/camelyon16_project/data/review/hard_positive_iter2/tumor_002/tumor_002_overview.png,,,
tumor_002,3,low_prob_edge,0.0736188292503357,47104,102784,/Volumes/TX/camelyon16_project/data/review/hard_positive_iter2/tumor_002/tumor_002_hp03_low_prob_edge_prob0.074_x47104_y102784.png,/Volumes/TX/camelyon16_project/data/review/hard_positive_iter2/tumor_002/tumor_002_hard_positive_contact_sheet.png,/Volumes/TX/camelyon16_project/data/review/hard_positive_iter2/tumor_002/tumor_002_overview.png,,,
tumor_002,4,low_prob_edge,0.09283031523227692,47232,104576,/Volumes/TX/camelyon16_project/data/review/hard_positive_iter2/tumor_002/tumor_002_hp04_low_prob_edge_prob0.093_x47232_y104576.png,/Volumes/TX/camelyon16_project/data/review/hard_positive_iter2/tumor_002/tumor_002_hard_positive_contact_sheet.png,/Volumes/TX/camelyon16_project/data/review/hard_positive_iter2/tumor_002/tumor_002_overview.png,,,
tumor_002,5,low_prob_edge,0.1296895146369934,46848,102656,/Volumes/TX/camelyon16_project/data/review/hard_positive_iter2/tumor_002/tumor_002_hp05_low_prob_edge_prob0.130_x46848_y102656.png,/Volumes/TX/camelyon16_project/data/review/hard_positive_iter2/tumor_002/tumor_002_hard_positive_contact_sheet.png,/Volumes/TX/camelyon16_project/data/review/hard_positive_iter2/tumor_002/tumor_002_overview.png,,,
tumor_002,6,low_prob_edge,0.15892040729522705,46976,103808,/Volumes/TX/camelyon16_project/data/review/hard_positive_iter2/tumor_002/tumor_002_hp06_low_prob_edge_prob0.159_x46976_y103808.png,/Volumes/TX/camelyon16_project/data/review/hard_positive_iter2/tumor_002/tumor_002_hard_positive_contact_sheet.png,/Volumes/TX/camelyon16_project/data/review/hard_positive_iter2/tumor_002/tumor_002_overview.png,,,
tumor_002,7,low_prob_edge,0.45222359895706177,47232,103168,/Volumes/TX/camelyon16_project/data/review/hard_positive_iter2/tumor_002/tumor_002_hp07_low_prob_edge_prob0.452_x47232_y103168.png,/Volumes/TX/camelyon16_project/data/review/hard_positive_iter2/tumor_002/tumor_002_hard_positive_contact_sheet.png,/Volumes/TX/camelyon16_project/data/review/hard_positive_iter2/tumor_002/tumor_002_overview.png,,,
tumor_002,8,low_prob_edge,0.47008854150772095,46464,102784,/Volumes/TX/camelyon16_project/data/review/hard_positive_iter2/tumor_002/tumor_002_hp08_low_prob_edge_prob0.470_x46464_y102784.png,/Volumes/TX/camelyon16_project/data/review/hard_positive_iter2/tumor_002/tumor_002_hard_positive_contact_sheet.png,/Volumes/TX/camelyon16_project/data/review/hard_positive_iter2/tumor_002/tumor_002_overview.png,,,
tumor_002,9,mid_prob_edge,0.5537838339805603,46720,102528,/Volumes/TX/camelyon16_project/data/review/hard_positive_iter2/tumor_002/tumor_002_hp09_mid_prob_edge_prob0.554_x46720_y102528.png,/Volumes/TX/camelyon16_project/data/review/hard_positive_iter2/tumor_002/tumor_002_hard_positive_contact_sheet.png,/Volumes/TX/camelyon16_project/data/review/hard_positive_iter2/tumor_002/tumor_002_overview.png,,,
tumor_002,10,mid_prob_edge,0.5616230368614197,47104,103168,/Volumes/TX/camelyon16_project/data/review/hard_positive_iter2/tumor_002/tumor_002_hp10_mid_prob_edge_prob0.562_x47104_y103168.png,/Volumes/TX/camelyon16_project/data/review/hard_positive_iter2/tumor_002/tumor_002_hard_positive_contact_sheet.png,/Volumes/TX/camelyon16_project/data/review/hard_positive_iter2/tumor_002/tumor_002_overview.png,,,
tumor_002,11,mid_prob_edge,0.5886438488960266,46592,102528,/Volumes/TX/camelyon16_project/data/review/hard_positive_iter2/tumor_002/tumor_002_hp11_mid_prob_edge_prob0.589_x46592_y102528.png,/Volumes/TX/camelyon16_project/data/review/hard_positive_iter2/tumor_002/tumor_002_hard_positive_contact_sheet.png,/Volumes/TX/camelyon16_project/data/review/hard_positive_iter2/tumor_002/tumor_002_overview.png,,,
tumor_002,12,mid_prob_edge,0.6149526238441467,46976,102912,/Volumes/TX/camelyon16_project/data/review/hard_positive_iter2/tumor_002/tumor_002_hp12_mid_prob_edge_prob0.615_x46976_y102912.png,/Volumes/TX/camelyon16_project/data/review/hard_positive_iter2/tumor_002/tumor_002_hard_positive_contact_sheet.png,/Volumes/TX/camelyon16_project/data/review/hard_positive_iter2/tumor_002/tumor_002_overview.png,,,
tumor_002,13,mid_prob_edge,0.6720887422561646,47232,103424,/Volumes/TX/camelyon16_project/data/review/hard_positive_iter2/tumor_002/tumor_002_hp13_mid_prob_edge_prob0.672_x47232_y103424.png,/Volumes/TX/camelyon16_project/data/review/hard_positive_iter2/tumor_002/tumor_002_hard_positive_contact_sheet.png,/Volumes/TX/camelyon16_project/data/review/hard_positive_iter2/tumor_002/tumor_002_overview.png,,,
tumor_002,14,mid_prob_edge,0.7734878063201904,46848,103424,/Volumes/TX/camelyon16_project/data/review/hard_positive_iter2/tumor_002/tumor_002_hp14_mid_prob_edge_prob0.773_x46848_y103424.png,/Volumes/TX/camelyon16_project/data/review/hard_positive_iter2/tumor_002/tumor_002_hard_positive_contact_sheet.png,/Volumes/TX/camelyon16_project/data/review/hard_positive_iter2/tumor_002/tumor_002_overview.png,,,
tumor_002,15,edge_high_prob,0.8131723403930664,46848,103296,/Volumes/TX/camelyon16_project/data/review/hard_positive_iter2/tumor_002/tumor_002_hp15_edge_high_prob_prob0.813_x46848_y103296.png,/Volumes/TX/camelyon16_project/data/review/hard_positive_iter2/tumor_002/tumor_002_hard_positive_contact_sheet.png,/Volumes/TX/camelyon16_project/data/review/hard_positive_iter2/tumor_002/tumor_002_overview.png,,,
tumor_002,16,edge_high_prob,0.8405517935752869,47232,103552,/Volumes/TX/camelyon16_project/data/review/hard_positive_iter2/tumor_002/tumor_002_hp16_edge_high_prob_prob0.841_x47232_y103552.png,/Volumes/TX/camelyon16_project/data/review/hard_positive_iter2/tumor_002/tumor_002_hard_positive_contact_sheet.png,/Volumes/TX/camelyon16_project/data/review/hard_positive_iter2/tumor_002/tumor_002_overview.png,,,
tumor_002,17,edge_high_prob,0.8445462584495544,47360,103552,/Volumes/TX/camelyon16_project/data/review/hard_positive_iter2/tumor_002/tumor_002_hp17_edge_high_prob_prob0.845_x47360_y103552.png,/Volumes/TX/camelyon16_project/data/review/hard_positive_iter2/tumor_002/tumor_002_hard_positive_contact_sheet.png,/Volumes/TX/camelyon16_project/data/review/hard_positive_iter2/tumor_002/tumor_002_overview.png,,,
tumor_002,18,edge_high_prob,0.8635034561157227,47360,103424,/Volumes/TX/camelyon16_project/data/review/hard_positive_iter2/tumor_002/tumor_002_hp18_edge_high_prob_prob0.864_x47360_y103424.png,/Volumes/TX/camelyon16_project/data/review/hard_positive_iter2/tumor_002/tumor_002_hard_positive_contact_sheet.png,/Volumes/TX/camelyon16_project/data/review/hard_positive_iter2/tumor_002/tumor_002_overview.png,,,
tumor_002,19,edge_high_prob,0.8654527068138123,46848,102784,/Volumes/TX/camelyon16_project/data/review/hard_positive_iter2/tumor_002/tumor_002_hp19_edge_high_prob_prob0.865_x46848_y102784.png,/Volumes/TX/camelyon16_project/data/review/hard_positive_iter2/tumor_002/tumor_002_hard_positive_contact_sheet.png,/Volumes/TX/camelyon16_project/data/review/hard_positive_iter2/tumor_002/tumor_002_overview.png,,,
tumor_002,20,edge_high_prob,0.9296132922172546,46720,102912,/Volumes/TX/camelyon16_project/data/review/hard_positive_iter2/tumor_002/tumor_002_hp20_edge_high_prob_prob0.930_x46720_y102912.png,/Volumes/TX/camelyon16_project/data/review/hard_positive_iter2/tumor_002/tumor_002_hard_positive_contact_sheet.png,/Volumes/TX/camelyon16_project/data/review/hard_positive_iter2/tumor_002/tumor_002_overview.png,,,
tumor_002,21,edge_high_prob,0.9546673893928528,46720,102656,/Volumes/TX/camelyon16_project/data/review/hard_positive_iter2/tumor_002/tumor_002_hp21_edge_high_prob_prob0.955_x46720_y102656.png,/Volumes/TX/camelyon16_project/data/review/hard_positive_iter2/tumor_002/tumor_002_hard_positive_contact_sheet.png,/Volumes/TX/camelyon16_project/data/review/hard_positive_iter2/tumor_002/tumor_002_overview.png,,,
tumor_002,22,edge_high_prob,0.9666897654533386,47232,103680,/Volumes/TX/camelyon16_project/data/review/hard_positive_iter2/tumor_002/tumor_002_hp22_edge_high_prob_prob0.967_x47232_y103680.png,/Volumes/TX/camelyon16_project/data/review/hard_positive_iter2/tumor_002/tumor_002_hard_positive_contact_sheet.png,/Volumes/TX/camelyon16_project/data/review/hard_positive_iter2/tumor_002/tumor_002_overview.png,,,
tumor_002,23,edge_high_prob,0.9727722406387329,46976,103040,/Volumes/TX/camelyon16_project/data/review/hard_positive_iter2/tumor_002/tumor_002_hp23_edge_high_prob_prob0.973_x46976_y103040.png,/Volumes/TX/camelyon16_project/data/review/hard_positive_iter2/tumor_002/tumor_002_hard_positive_contact_sheet.png,/Volumes/TX/camelyon16_project/data/review/hard_positive_iter2/tumor_002/tumor_002_overview.png,,,
tumor_002,24,edge_high_prob,0.9825300574302673,46720,102784,/Volumes/TX/camelyon16_project/data/review/hard_positive_iter2/tumor_002/tumor_002_hp24_edge_high_prob_prob0.983_x46720_y102784.png,/Volumes/TX/camelyon16_project/data/review/hard_positive_iter2/tumor_002/tumor_002_hard_positive_contact_sheet.png,/Volumes/TX/camelyon16_project/data/review/hard_positive_iter2/tumor_002/tumor_002_overview.png,,,
tumor_003,1,low_prob_edge,0.010313521139323711,74112,149504,/Volumes/TX/camelyon16_project/data/review/hard_positive_iter2/tumor_003/tumor_003_hp01_low_prob_edge_prob0.010_x74112_y149504.png,/Volumes/TX/camelyon16_project/data/review/hard_positive_iter2/tumor_003/tumor_003_hard_positive_contact_sheet.png,/Volumes/TX/camelyon16_project/data/review/hard_positive_iter2/tumor_003/tumor_003_overview.png,,,
tumor_003,2,low_prob_edge,0.07451505213975906,74112,149632,/Volumes/TX/camelyon16_project/data/review/hard_positive_iter2/tumor_003/tumor_003_hp02_low_prob_edge_prob0.075_x74112_y149632.png,/Volumes/TX/camelyon16_project/data/review/hard_positive_iter2/tumor_003/tumor_003_hard_positive_contact_sheet.png,/Volumes/TX/camelyon16_project/data/review/hard_positive_iter2/tumor_003/tumor_003_overview.png,,,
tumor_003,3,low_prob_edge,0.14358238875865936,80896,153856,/Volumes/TX/camelyon16_project/data/review/hard_positive_iter2/tumor_003/tumor_003_hp03_low_prob_edge_prob0.144_x80896_y153856.png,/Volumes/TX/camelyon16_project/data/review/hard_positive_iter2/tumor_003/tumor_003_hard_positive_contact_sheet.png,/Volumes/TX/camelyon16_project/data/review/hard_positive_iter2/tumor_003/tumor_003_overview.png,,,
tumor_003,4,low_prob_edge,0.15431073307991028,75264,148352,/Volumes/TX/camelyon16_project/data/review/hard_positive_iter2/tumor_003/tumor_003_hp04_low_prob_edge_prob0.154_x75264_y148352.png,/Volumes/TX/camelyon16_project/data/review/hard_positive_iter2/tumor_003/tumor_003_hard_positive_contact_sheet.png,/Volumes/TX/camelyon16_project/data/review/hard_positive_iter2/tumor_003/tumor_003_overview.png,,,
tumor_003,5,low_prob_edge,0.3454413115978241,80384,153856,/Volumes/TX/camelyon16_project/data/review/hard_positive_iter2/tumor_003/tumor_003_hp05_low_prob_edge_prob0.345_x80384_y153856.png,/Volumes/TX/camelyon16_project/data/review/hard_positive_iter2/tumor_003/tumor_003_hard_positive_contact_sheet.png,/Volumes/TX/camelyon16_project/data/review/hard_positive_iter2/tumor_003/tumor_003_overview.png,,,
tumor_003,6,low_prob_edge,0.4734458327293396,78848,153472,/Volumes/TX/camelyon16_project/data/review/hard_positive_iter2/tumor_003/tumor_003_hp06_low_prob_edge_prob0.473_x78848_y153472.png,/Volumes/TX/camelyon16_project/data/review/hard_positive_iter2/tumor_003/tumor_003_hard_positive_contact_sheet.png,/Volumes/TX/camelyon16_project/data/review/hard_positive_iter2/tumor_003/tumor_003_overview.png,,,
tumor_003,7,mid_prob_edge,0.5686672925949097,80512,153856,/Volumes/TX/camelyon16_project/data/review/hard_positive_iter2/tumor_003/tumor_003_hp07_mid_prob_edge_prob0.569_x80512_y153856.png,/Volumes/TX/camelyon16_project/data/review/hard_positive_iter2/tumor_003/tumor_003_hard_positive_contact_sheet.png,/Volumes/TX/camelyon16_project/data/review/hard_positive_iter2/tumor_003/tumor_003_overview.png,,,
tumor_003,8,mid_prob_edge,0.621134877204895,74624,147584,/Volumes/TX/camelyon16_project/data/review/hard_positive_iter2/tumor_003/tumor_003_hp08_mid_prob_edge_prob0.621_x74624_y147584.png,/Volumes/TX/camelyon16_project/data/review/hard_positive_iter2/tumor_003/tumor_003_hard_positive_contact_sheet.png,/Volumes/TX/camelyon16_project/data/review/hard_positive_iter2/tumor_003/tumor_003_overview.png,,,
tumor_003,9,mid_prob_edge,0.6730058789253235,80896,153728,/Volumes/TX/camelyon16_project/data/review/hard_positive_iter2/tumor_003/tumor_003_hp09_mid_prob_edge_prob0.673_x80896_y153728.png,/Volumes/TX/camelyon16_project/data/review/hard_positive_iter2/tumor_003/tumor_003_hard_positive_contact_sheet.png,/Volumes/TX/camelyon16_project/data/review/hard_positive_iter2/tumor_003/tumor_003_overview.png,,,
tumor_003,10,mid_prob_edge,0.7309165596961975,75264,148224,/Volumes/TX/camelyon16_project/data/review/hard_positive_iter2/tumor_003/tumor_003_hp10_mid_prob_edge_prob0.731_x75264_y148224.png,/Volumes/TX/camelyon16_project/data/review/hard_positive_iter2/tumor_003/tumor_003_hard_positive_contact_sheet.png,/Volumes/TX/camelyon16_project/data/review/hard_positive_iter2/tumor_003/tumor_003_overview.png,,,
tumor_003,11,mid_prob_edge,0.7313499450683594,74752,147456,/Volumes/TX/camelyon16_project/data/review/hard_positive_iter2/tumor_003/tumor_003_hp11_mid_prob_edge_prob0.731_x74752_y147456.png,/Volumes/TX/camelyon16_project/data/review/hard_positive_iter2/tumor_003/tumor_003_hard_positive_contact_sheet.png,/Volumes/TX/camelyon16_project/data/review/hard_positive_iter2/tumor_003/tumor_003_overview.png,,,
tumor_003,12,mid_prob_edge,0.7864753007888794,78208,153472,/Volumes/TX/camelyon16_project/data/review/hard_positive_iter2/tumor_003/tumor_003_hp12_mid_prob_edge_prob0.786_x78208_y153472.png,/Volumes/TX/camelyon16_project/data/review/hard_positive_iter2/tumor_003/tumor_003_hard_positive_contact_sheet.png,/Volumes/TX/camelyon16_project/data/review/hard_positive_iter2/tumor_003/tumor_003_overview.png,,,
tumor_003,13,edge_high_prob,0.8053527474403381,73984,149504,/Volumes/TX/camelyon16_project/data/review/hard_positive_iter2/tumor_003/tumor_003_hp13_edge_high_prob_prob0.805_x73984_y149504.png,/Volumes/TX/camelyon16_project/data/review/hard_positive_iter2/tumor_003/tumor_003_hard_positive_contact_sheet.png,/Volumes/TX/camelyon16_project/data/review/hard_positive_iter2/tumor_003/tumor_003_overview.png,,,
tumor_003,14,edge_high_prob,0.8224204778671265,73984,149632,/Volumes/TX/camelyon16_project/data/review/hard_positive_iter2/tumor_003/tumor_003_hp14_edge_high_prob_prob0.822_x73984_y149632.png,/Volumes/TX/camelyon16_project/data/review/hard_positive_iter2/tumor_003/tumor_003_hard_positive_contact_sheet.png,/Volumes/TX/camelyon16_project/data/review/hard_positive_iter2/tumor_003/tumor_003_overview.png,,,
tumor_003,15,edge_high_prob,0.8386402130126953,75648,149504,/Volumes/TX/camelyon16_project/data/review/hard_positive_iter2/tumor_003/tumor_003_hp15_edge_high_prob_prob0.839_x75648_y149504.png,/Volumes/TX/camelyon16_project/data/review/hard_positive_iter2/tumor_003/tumor_003_hard_positive_contact_sheet.png,/Volumes/TX/camelyon16_project/data/review/hard_positive_iter2/tumor_003/tumor_003_overview.png,,,
tumor_003,16,edge_high_prob,0.8638388514518738,80512,152832,/Volumes/TX/camelyon16_project/data/review/hard_positive_iter2/tumor_003/tumor_003_hp16_edge_high_prob_prob0.864_x80512_y152832.png,/Volumes/TX/camelyon16_project/data/review/hard_positive_iter2/tumor_003/tumor_003_hard_positive_contact_sheet.png,/Volumes/TX/camelyon16_project/data/review/hard_positive_iter2/tumor_003/tumor_003_overview.png,,,
tumor_003,17,edge_high_prob,0.8716416954994202,77824,152320,/Volumes/TX/camelyon16_project/data/review/hard_positive_iter2/tumor_003/tumor_003_hp17_edge_high_prob_prob0.872_x77824_y152320.png,/Volumes/TX/camelyon16_project/data/review/hard_positive_iter2/tumor_003/tumor_003_hard_positive_contact_sheet.png,/Volumes/TX/camelyon16_project/data/review/hard_positive_iter2/tumor_003/tumor_003_overview.png,,,
tumor_003,18,edge_high_prob,0.8785345554351807,75520,149632,/Volumes/TX/camelyon16_project/data/review/hard_positive_iter2/tumor_003/tumor_003_hp18_edge_high_prob_prob0.879_x75520_y149632.png,/Volumes/TX/camelyon16_project/data/review/hard_positive_iter2/tumor_003/tumor_003_hard_positive_contact_sheet.png,/Volumes/TX/camelyon16_project/data/review/hard_positive_iter2/tumor_003/tumor_003_overview.png,,,
tumor_003,19,edge_high_prob,0.8955129981040955,80768,153856,/Volumes/TX/camelyon16_project/data/review/hard_positive_iter2/tumor_003/tumor_003_hp19_edge_high_prob_prob0.896_x80768_y153856.png,/Volumes/TX/camelyon16_project/data/review/hard_positive_iter2/tumor_003/tumor_003_hard_positive_contact_sheet.png,/Volumes/TX/camelyon16_project/data/review/hard_positive_iter2/tumor_003/tumor_003_overview.png,,,
tumor_003,20,edge_high_prob,0.896696150302887,80384,152448,/Volumes/TX/camelyon16_project/data/review/hard_positive_iter2/tumor_003/tumor_003_hp20_edge_high_prob_prob0.897_x80384_y152448.png,/Volumes/TX/camelyon16_project/data/review/hard_positive_iter2/tumor_003/tumor_003_hard_positive_contact_sheet.png,/Volumes/TX/camelyon16_project/data/review/hard_positive_iter2/tumor_003/tumor_003_overview.png,,,
tumor_003,21,edge_high_prob,0.906295120716095,74624,147456,/Volumes/TX/camelyon16_project/data/review/hard_positive_iter2/tumor_003/tumor_003_hp21_edge_high_prob_prob0.906_x74624_y147456.png,/Volumes/TX/camelyon16_project/data/review/hard_positive_iter2/tumor_003/tumor_003_hard_positive_contact_sheet.png,/Volumes/TX/camelyon16_project/data/review/hard_positive_iter2/tumor_003/tumor_003_overview.png,,,
tumor_003,22,edge_high_prob,0.9070103764533997,80256,152576,/Volumes/TX/camelyon16_project/data/review/hard_positive_iter2/tumor_003/tumor_003_hp22_edge_high_prob_prob0.907_x80256_y152576.png,/Volumes/TX/camelyon16_project/data/review/hard_positive_iter2/tumor_003/tumor_003_hard_positive_contact_sheet.png,/Volumes/TX/camelyon16_project/data/review/hard_positive_iter2/tumor_003/tumor_003_overview.png,,,
tumor_003,23,edge_high_prob,0.9135580658912659,80640,153600,/Volumes/TX/camelyon16_project/data/review/hard_positive_iter2/tumor_003/tumor_003_hp23_edge_high_prob_prob0.914_x80640_y153600.png,/Volumes/TX/camelyon16_project/data/review/hard_positive_iter2/tumor_003/tumor_003_hard_positive_contact_sheet.png,/Volumes/TX/camelyon16_project/data/review/hard_positive_iter2/tumor_003/tumor_003_overview.png,,,
tumor_003,24,edge_high_prob,0.9240114092826843,75776,149632,/Volumes/TX/camelyon16_project/data/review/hard_positive_iter2/tumor_003/tumor_003_hp24_edge_high_prob_prob0.924_x75776_y149632.png,/Volumes/TX/camelyon16_project/data/review/hard_positive_iter2/tumor_003/tumor_003_hard_positive_contact_sheet.png,/Volumes/TX/camelyon16_project/data/review/hard_positive_iter2/tumor_003/tumor_003_overview.png,,,
tumor_004,1,low_prob_edge,0.00010899020708166063,71936,99840,/Volumes/TX/camelyon16_project/data/review/hard_positive_iter2/tumor_004/tumor_004_hp01_low_prob_edge_prob0.000_x71936_y99840.png,/Volumes/TX/camelyon16_project/data/review/hard_positive_iter2/tumor_004/tumor_004_hard_positive_contact_sheet.png,/Volumes/TX/camelyon16_project/data/review/hard_positive_iter2/tumor_004/tumor_004_overview.png,,,
tumor_004,2,low_prob_edge,0.0016727516194805503,70784,98688,/Volumes/TX/camelyon16_project/data/review/hard_positive_iter2/tumor_004/tumor_004_hp02_low_prob_edge_prob0.002_x70784_y98688.png,/Volumes/TX/camelyon16_project/data/review/hard_positive_iter2/tumor_004/tumor_004_hard_positive_contact_sheet.png,/Volumes/TX/camelyon16_project/data/review/hard_positive_iter2/tumor_004/tumor_004_overview.png,,,
tumor_004,3,low_prob_edge,0.004094728268682957,71936,99712,/Volumes/TX/camelyon16_project/data/review/hard_positive_iter2/tumor_004/tumor_004_hp03_low_prob_edge_prob0.004_x71936_y99712.png,/Volumes/TX/camelyon16_project/data/review/hard_positive_iter2/tumor_004/tumor_004_hard_positive_contact_sheet.png,/Volumes/TX/camelyon16_project/data/review/hard_positive_iter2/tumor_004/tumor_004_overview.png,,,
tumor_004,4,low_prob_edge,0.005566700827330351,70912,98816,/Volumes/TX/camelyon16_project/data/review/hard_positive_iter2/tumor_004/tumor_004_hp04_low_prob_edge_prob0.006_x70912_y98816.png,/Volumes/TX/camelyon16_project/data/review/hard_positive_iter2/tumor_004/tumor_004_hard_positive_contact_sheet.png,/Volumes/TX/camelyon16_project/data/review/hard_positive_iter2/tumor_004/tumor_004_overview.png,,,
tumor_004,5,low_prob_edge,0.012659302912652493,70912,98688,/Volumes/TX/camelyon16_project/data/review/hard_positive_iter2/tumor_004/tumor_004_hp05_low_prob_edge_prob0.013_x70912_y98688.png,/Volumes/TX/camelyon16_project/data/review/hard_positive_iter2/tumor_004/tumor_004_hard_positive_contact_sheet.png,/Volumes/TX/camelyon16_project/data/review/hard_positive_iter2/tumor_004/tumor_004_overview.png,,,
tumor_004,6,low_prob_edge,0.01435901504009962,73344,100352,/Volumes/TX/camelyon16_project/data/review/hard_positive_iter2/tumor_004/tumor_004_hp06_low_prob_edge_prob0.014_x73344_y100352.png,/Volumes/TX/camelyon16_project/data/review/hard_positive_iter2/tumor_004/tumor_004_hard_positive_contact_sheet.png,/Volumes/TX/camelyon16_project/data/review/hard_positive_iter2/tumor_004/tumor_004_overview.png,,,
tumor_004,7,low_prob_edge,0.015130870044231415,73344,100480,/Volumes/TX/camelyon16_project/data/review/hard_positive_iter2/tumor_004/tumor_004_hp07_low_prob_edge_prob0.015_x73344_y100480.png,/Volumes/TX/camelyon16_project/data/review/hard_positive_iter2/tumor_004/tumor_004_hard_positive_contact_sheet.png,/Volumes/TX/camelyon16_project/data/review/hard_positive_iter2/tumor_004/tumor_004_overview.png,,,
tumor_004,8,low_prob_edge,0.02074798196554184,70272,98816,/Volumes/TX/camelyon16_project/data/review/hard_positive_iter2/tumor_004/tumor_004_hp08_low_prob_edge_prob0.021_x70272_y98816.png,/Volumes/TX/camelyon16_project/data/review/hard_positive_iter2/tumor_004/tumor_004_hard_positive_contact_sheet.png,/Volumes/TX/camelyon16_project/data/review/hard_positive_iter2/tumor_004/tumor_004_overview.png,,,
tumor_004,9,low_prob_edge,0.028332356363534927,72576,100224,/Volumes/TX/camelyon16_project/data/review/hard_positive_iter2/tumor_004/tumor_004_hp09_low_prob_edge_prob0.028_x72576_y100224.png,/Volumes/TX/camelyon16_project/data/review/hard_positive_iter2/tumor_004/tumor_004_hard_positive_contact_sheet.png,/Volumes/TX/camelyon16_project/data/review/hard_positive_iter2/tumor_004/tumor_004_overview.png,,,
tumor_004,10,low_prob_edge,0.0340968556702137,70784,98816,/Volumes/TX/camelyon16_project/data/review/hard_positive_iter2/tumor_004/tumor_004_hp10_low_prob_edge_prob0.034_x70784_y98816.png,/Volumes/TX/camelyon16_project/data/review/hard_positive_iter2/tumor_004/tumor_004_hard_positive_contact_sheet.png,/Volumes/TX/camelyon16_project/data/review/hard_positive_iter2/tumor_004/tumor_004_overview.png,,,
tumor_004,11,low_prob_edge,0.042366333305835724,71808,99712,/Volumes/TX/camelyon16_project/data/review/hard_positive_iter2/tumor_004/tumor_004_hp11_low_prob_edge_prob0.042_x71808_y99712.png,/Volumes/TX/camelyon16_project/data/review/hard_positive_iter2/tumor_004/tumor_004_hard_positive_contact_sheet.png,/Volumes/TX/camelyon16_project/data/review/hard_positive_iter2/tumor_004/tumor_004_overview.png,,,
tumor_004,12,low_prob_edge,0.044763099402189255,73472,100480,/Volumes/TX/camelyon16_project/data/review/hard_positive_iter2/tumor_004/tumor_004_hp12_low_prob_edge_prob0.045_x73472_y100480.png,/Volumes/TX/camelyon16_project/data/review/hard_positive_iter2/tumor_004/tumor_004_hard_positive_contact_sheet.png,/Volumes/TX/camelyon16_project/data/review/hard_positive_iter2/tumor_004/tumor_004_overview.png,,,
tumor_004,13,low_prob_edge,0.04535692557692528,71808,99968,/Volumes/TX/camelyon16_project/data/review/hard_positive_iter2/tumor_004/tumor_004_hp13_low_prob_edge_prob0.045_x71808_y99968.png,/Volumes/TX/camelyon16_project/data/review/hard_positive_iter2/tumor_004/tumor_004_hard_positive_contact_sheet.png,/Volumes/TX/camelyon16_project/data/review/hard_positive_iter2/tumor_004/tumor_004_overview.png,,,
tumor_004,14,low_prob_edge,0.04711335524916649,71808,99840,/Volumes/TX/camelyon16_project/data/review/hard_positive_iter2/tumor_004/tumor_004_hp14_low_prob_edge_prob0.047_x71808_y99840.png,/Volumes/TX/camelyon16_project/data/review/hard_positive_iter2/tumor_004/tumor_004_hard_positive_contact_sheet.png,/Volumes/TX/camelyon16_project/data/review/hard_positive_iter2/tumor_004/tumor_004_overview.png,,,
tumor_004,15,low_prob_edge,0.04867270588874817,70656,98688,/Volumes/TX/camelyon16_project/data/review/hard_positive_iter2/tumor_004/tumor_004_hp15_low_prob_edge_prob0.049_x70656_y98688.png,/Volumes/TX/camelyon16_project/data/review/hard_positive_iter2/tumor_004/tumor_004_hard_positive_contact_sheet.png,/Volumes/TX/camelyon16_project/data/review/hard_positive_iter2/tumor_004/tumor_004_overview.png,,,
tumor_004,16,low_prob_edge,0.04979244992136955,69760,98688,/Volumes/TX/camelyon16_project/data/review/hard_positive_iter2/tumor_004/tumor_004_hp16_low_prob_edge_prob0.050_x69760_y98688.png,/Volumes/TX/camelyon16_project/data/review/hard_positive_iter2/tumor_004/tumor_004_hard_positive_contact_sheet.png,/Volumes/TX/camelyon16_project/data/review/hard_positive_iter2/tumor_004/tumor_004_overview.png,,,
tumor_004,17,low_prob_edge,0.06403247267007828,70656,98816,/Volumes/TX/camelyon16_project/data/review/hard_positive_iter2/tumor_004/tumor_004_hp17_low_prob_edge_prob0.064_x70656_y98816.png,/Volumes/TX/camelyon16_project/data/review/hard_positive_iter2/tumor_004/tumor_004_hard_positive_contact_sheet.png,/Volumes/TX/camelyon16_project/data/review/hard_positive_iter2/tumor_004/tumor_004_overview.png,,,
tumor_004,18,low_prob_edge,0.0664682537317276,74752,100224,/Volumes/TX/camelyon16_project/data/review/hard_positive_iter2/tumor_004/tumor_004_hp18_low_prob_edge_prob0.066_x74752_y100224.png,/Volumes/TX/camelyon16_project/data/review/hard_positive_iter2/tumor_004/tumor_004_hard_positive_contact_sheet.png,/Volumes/TX/camelyon16_project/data/review/hard_positive_iter2/tumor_004/tumor_004_overview.png,,,
tumor_004,19,low_prob_edge,0.0743914246559143,69632,98688,/Volumes/TX/camelyon16_project/data/review/hard_positive_iter2/tumor_004/tumor_004_hp19_low_prob_edge_prob0.074_x69632_y98688.png,/Volumes/TX/camelyon16_project/data/review/hard_positive_iter2/tumor_004/tumor_004_hard_positive_contact_sheet.png,/Volumes/TX/camelyon16_project/data/review/hard_positive_iter2/tumor_004/tumor_004_overview.png,,,
tumor_004,20,low_prob_edge,0.08722559362649918,74752,100096,/Volumes/TX/camelyon16_project/data/review/hard_positive_iter2/tumor_004/tumor_004_hp20_low_prob_edge_prob0.087_x74752_y100096.png,/Volumes/TX/camelyon16_project/data/review/hard_positive_iter2/tumor_004/tumor_004_hard_positive_contact_sheet.png,/Volumes/TX/camelyon16_project/data/review/hard_positive_iter2/tumor_004/tumor_004_overview.png,,,
tumor_004,21,low_prob_edge,0.09834495931863785,73088,100224,/Volumes/TX/camelyon16_project/data/review/hard_positive_iter2/tumor_004/tumor_004_hp21_low_prob_edge_prob0.098_x73088_y100224.png,/Volumes/TX/camelyon16_project/data/review/hard_positive_iter2/tumor_004/tumor_004_hard_positive_contact_sheet.png,/Volumes/TX/camelyon16_project/data/review/hard_positive_iter2/tumor_004/tumor_004_overview.png,,,
tumor_004,22,low_prob_edge,0.10191182792186737,74880,100096,/Volumes/TX/camelyon16_project/data/review/hard_positive_iter2/tumor_004/tumor_004_hp22_low_prob_edge_prob0.102_x74880_y100096.png,/Volumes/TX/camelyon16_project/data/review/hard_positive_iter2/tumor_004/tumor_004_hard_positive_contact_sheet.png,/Volumes/TX/camelyon16_project/data/review/hard_positive_iter2/tumor_004/tumor_004_overview.png,,,
tumor_004,23,low_prob_edge,0.11604178696870804,71040,98816,/Volumes/TX/camelyon16_project/data/review/hard_positive_iter2/tumor_004/tumor_004_hp23_low_prob_edge_prob0.116_x71040_y98816.png,/Volumes/TX/camelyon16_project/data/review/hard_positive_iter2/tumor_004/tumor_004_hard_positive_contact_sheet.png,/Volumes/TX/camelyon16_project/data/review/hard_positive_iter2/tumor_004/tumor_004_overview.png,,,
tumor_004,24,low_prob_edge,0.12937983870506287,69120,98560,/Volumes/TX/camelyon16_project/data/review/hard_positive_iter2/tumor_004/tumor_004_hp24_low_prob_edge_prob0.129_x69120_y98560.png,/Volumes/TX/camelyon16_project/data/review/hard_positive_iter2/tumor_004/tumor_004_hard_positive_contact_sheet.png,/Volumes/TX/camelyon16_project/data/review/hard_positive_iter2/tumor_004/tumor_004_overview.png,,,
tumor_005,1,low_prob_edge,0.016679659485816956,59008,139136,/Volumes/TX/camelyon16_project/data/review/hard_positive_iter2/tumor_005/tumor_005_hp01_low_prob_edge_prob0.017_x59008_y139136.png,/Volumes/TX/camelyon16_project/data/review/hard_positive_iter2/tumor_005/tumor_005_hard_positive_contact_sheet.png,/Volumes/TX/camelyon16_project/data/review/hard_positive_iter2/tumor_005/tumor_005_overview.png,,,
tumor_005,2,low_prob_edge,0.039647262543439865,58880,139008,/Volumes/TX/camelyon16_project/data/review/hard_positive_iter2/tumor_005/tumor_005_hp02_low_prob_edge_prob0.040_x58880_y139008.png,/Volumes/TX/camelyon16_project/data/review/hard_positive_iter2/tumor_005/tumor_005_hard_positive_contact_sheet.png,/Volumes/TX/camelyon16_project/data/review/hard_positive_iter2/tumor_005/tumor_005_overview.png,,,
tumor_005,3,low_prob_edge,0.07080738991498947,59264,138880,/Volumes/TX/camelyon16_project/data/review/hard_positive_iter2/tumor_005/tumor_005_hp03_low_prob_edge_prob0.071_x59264_y138880.png,/Volumes/TX/camelyon16_project/data/review/hard_positive_iter2/tumor_005/tumor_005_hard_positive_contact_sheet.png,/Volumes/TX/camelyon16_project/data/review/hard_positive_iter2/tumor_005/tumor_005_overview.png,,,
tumor_005,4,low_prob_edge,0.0716974139213562,59008,139264,/Volumes/TX/camelyon16_project/data/review/hard_positive_iter2/tumor_005/tumor_005_hp04_low_prob_edge_prob0.072_x59008_y139264.png,/Volumes/TX/camelyon16_project/data/review/hard_positive_iter2/tumor_005/tumor_005_hard_positive_contact_sheet.png,/Volumes/TX/camelyon16_project/data/review/hard_positive_iter2/tumor_005/tumor_005_overview.png,,,
tumor_005,5,low_prob_edge,0.07265955954790115,58624,139264,/Volumes/TX/camelyon16_project/data/review/hard_positive_iter2/tumor_005/tumor_005_hp05_low_prob_edge_prob0.073_x58624_y139264.png,/Volumes/TX/camelyon16_project/data/review/hard_positive_iter2/tumor_005/tumor_005_hard_positive_contact_sheet.png,/Volumes/TX/camelyon16_project/data/review/hard_positive_iter2/tumor_005/tumor_005_overview.png,,,
tumor_005,6,low_prob_edge,0.07919752597808838,58368,138496,/Volumes/TX/camelyon16_project/data/review/hard_positive_iter2/tumor_005/tumor_005_hp06_low_prob_edge_prob0.079_x58368_y138496.png,/Volumes/TX/camelyon16_project/data/review/hard_positive_iter2/tumor_005/tumor_005_hard_positive_contact_sheet.png,/Volumes/TX/camelyon16_project/data/review/hard_positive_iter2/tumor_005/tumor_005_overview.png,,,
tumor_005,7,low_prob_edge,0.09619644284248352,58752,136704,/Volumes/TX/camelyon16_project/data/review/hard_positive_iter2/tumor_005/tumor_005_hp07_low_prob_edge_prob0.096_x58752_y136704.png,/Volumes/TX/camelyon16_project/data/review/hard_positive_iter2/tumor_005/tumor_005_hard_positive_contact_sheet.png,/Volumes/TX/camelyon16_project/data/review/hard_positive_iter2/tumor_005/tumor_005_overview.png,,,
tumor_005,8,low_prob_edge,0.13818952441215515,59392,137984,/Volumes/TX/camelyon16_project/data/review/hard_positive_iter2/tumor_005/tumor_005_hp08_low_prob_edge_prob0.138_x59392_y137984.png,/Volumes/TX/camelyon16_project/data/review/hard_positive_iter2/tumor_005/tumor_005_hard_positive_contact_sheet.png,/Volumes/TX/camelyon16_project/data/review/hard_positive_iter2/tumor_005/tumor_005_overview.png,,,
tumor_005,9,low_prob_edge,0.19908581674098969,58752,138496,/Volumes/TX/camelyon16_project/data/review/hard_positive_iter2/tumor_005/tumor_005_hp09_low_prob_edge_prob0.199_x58752_y138496.png,/Volumes/TX/camelyon16_project/data/review/hard_positive_iter2/tumor_005/tumor_005_hard_positive_contact_sheet.png,/Volumes/TX/camelyon16_project/data/review/hard_positive_iter2/tumor_005/tumor_005_overview.png,,,
tumor_005,10,low_prob_edge,0.21262937784194946,59008,139392,/Volumes/TX/camelyon16_project/data/review/hard_positive_iter2/tumor_005/tumor_005_hp10_low_prob_edge_prob0.213_x59008_y139392.png,/Volumes/TX/camelyon16_project/data/review/hard_positive_iter2/tumor_005/tumor_005_hard_positive_contact_sheet.png,/Volumes/TX/camelyon16_project/data/review/hard_positive_iter2/tumor_005/tumor_005_overview.png,,,
tumor_005,11,low_prob_edge,0.21852047741413116,58624,139392,/Volumes/TX/camelyon16_project/data/review/hard_positive_iter2/tumor_005/tumor_005_hp11_low_prob_edge_prob0.219_x58624_y139392.png,/Volumes/TX/camelyon16_project/data/review/hard_positive_iter2/tumor_005/tumor_005_hard_positive_contact_sheet.png,/Volumes/TX/camelyon16_project/data/review/hard_positive_iter2/tumor_005/tumor_005_overview.png,,,
tumor_005,12,low_prob_edge,0.23567384481430054,59392,138880,/Volumes/TX/camelyon16_project/data/review/hard_positive_iter2/tumor_005/tumor_005_hp12_low_prob_edge_prob0.236_x59392_y138880.png,/Volumes/TX/camelyon16_project/data/review/hard_positive_iter2/tumor_005/tumor_005_hard_positive_contact_sheet.png,/Volumes/TX/camelyon16_project/data/review/hard_positive_iter2/tumor_005/tumor_005_overview.png,,,
tumor_005,13,low_prob_edge,0.48004913330078125,57856,138112,/Volumes/TX/camelyon16_project/data/review/hard_positive_iter2/tumor_005/tumor_005_hp13_low_prob_edge_prob0.480_x57856_y138112.png,/Volumes/TX/camelyon16_project/data/review/hard_positive_iter2/tumor_005/tumor_005_hard_positive_contact_sheet.png,/Volumes/TX/camelyon16_project/data/review/hard_positive_iter2/tumor_005/tumor_005_overview.png,,,
tumor_005,14,mid_prob_edge,0.5346490740776062,58368,139648,/Volumes/TX/camelyon16_project/data/review/hard_positive_iter2/tumor_005/tumor_005_hp14_mid_prob_edge_prob0.535_x58368_y139648.png,/Volumes/TX/camelyon16_project/data/review/hard_positive_iter2/tumor_005/tumor_005_hard_positive_contact_sheet.png,/Volumes/TX/camelyon16_project/data/review/hard_positive_iter2/tumor_005/tumor_005_overview.png,,,
tumor_005,15,mid_prob_edge,0.5598999261856079,58880,138112,/Volumes/TX/camelyon16_project/data/review/hard_positive_iter2/tumor_005/tumor_005_hp15_mid_prob_edge_prob0.560_x58880_y138112.png,/Volumes/TX/camelyon16_project/data/review/hard_positive_iter2/tumor_005/tumor_005_hard_positive_contact_sheet.png,/Volumes/TX/camelyon16_project/data/review/hard_positive_iter2/tumor_005/tumor_005_overview.png,,,
tumor_005,16,mid_prob_edge,0.5651677250862122,58752,139008,/Volumes/TX/camelyon16_project/data/review/hard_positive_iter2/tumor_005/tumor_005_hp16_mid_prob_edge_prob0.565_x58752_y139008.png,/Volumes/TX/camelyon16_project/data/review/hard_positive_iter2/tumor_005/tumor_005_hard_positive_contact_sheet.png,/Volumes/TX/camelyon16_project/data/review/hard_positive_iter2/tumor_005/tumor_005_overview.png,,,
tumor_005,17,mid_prob_edge,0.7059809565544128,58880,138880,/Volumes/TX/camelyon16_project/data/review/hard_positive_iter2/tumor_005/tumor_005_hp17_mid_prob_edge_prob0.706_x58880_y138880.png,/Volumes/TX/camelyon16_project/data/review/hard_positive_iter2/tumor_005/tumor_005_hard_positive_contact_sheet.png,/Volumes/TX/camelyon16_project/data/review/hard_positive_iter2/tumor_005/tumor_005_overview.png,,,
tumor_005,18,mid_prob_edge,0.7384124398231506,59392,138752,/Volumes/TX/camelyon16_project/data/review/hard_positive_iter2/tumor_005/tumor_005_hp18_mid_prob_edge_prob0.738_x59392_y138752.png,/Volumes/TX/camelyon16_project/data/review/hard_positive_iter2/tumor_005/tumor_005_hard_positive_contact_sheet.png,/Volumes/TX/camelyon16_project/data/review/hard_positive_iter2/tumor_005/tumor_005_overview.png,,,
tumor_005,19,mid_prob_edge,0.7396623492240906,58112,137344,/Volumes/TX/camelyon16_project/data/review/hard_positive_iter2/tumor_005/tumor_005_hp19_mid_prob_edge_prob0.740_x58112_y137344.png,/Volumes/TX/camelyon16_project/data/review/hard_positive_iter2/tumor_005/tumor_005_hard_positive_contact_sheet.png,/Volumes/TX/camelyon16_project/data/review/hard_positive_iter2/tumor_005/tumor_005_overview.png,,,
tumor_005,20,mid_prob_edge,0.7442690134048462,58752,139520,/Volumes/TX/camelyon16_project/data/review/hard_positive_iter2/tumor_005/tumor_005_hp20_mid_prob_edge_prob0.744_x58752_y139520.png,/Volumes/TX/camelyon16_project/data/review/hard_positive_iter2/tumor_005/tumor_005_hard_positive_contact_sheet.png,/Volumes/TX/camelyon16_project/data/review/hard_positive_iter2/tumor_005/tumor_005_overview.png,,,
tumor_005,21,edge_high_prob,0.870808482170105,59136,139776,/Volumes/TX/camelyon16_project/data/review/hard_positive_iter2/tumor_005/tumor_005_hp21_edge_high_prob_prob0.871_x59136_y139776.png,/Volumes/TX/camelyon16_project/data/review/hard_positive_iter2/tumor_005/tumor_005_hard_positive_contact_sheet.png,/Volumes/TX/camelyon16_project/data/review/hard_positive_iter2/tumor_005/tumor_005_overview.png,,,
tumor_005,22,edge_high_prob,0.8849591016769409,58880,139520,/Volumes/TX/camelyon16_project/data/review/hard_positive_iter2/tumor_005/tumor_005_hp22_edge_high_prob_prob0.885_x58880_y139520.png,/Volumes/TX/camelyon16_project/data/review/hard_positive_iter2/tumor_005/tumor_005_hard_positive_contact_sheet.png,/Volumes/TX/camelyon16_project/data/review/hard_positive_iter2/tumor_005/tumor_005_overview.png,,,
tumor_005,23,edge_high_prob,0.9028346538543701,58112,138368,/Volumes/TX/camelyon16_project/data/review/hard_positive_iter2/tumor_005/tumor_005_hp23_edge_high_prob_prob0.903_x58112_y138368.png,/Volumes/TX/camelyon16_project/data/review/hard_positive_iter2/tumor_005/tumor_005_hard_positive_contact_sheet.png,/Volumes/TX/camelyon16_project/data/review/hard_positive_iter2/tumor_005/tumor_005_overview.png,,,
tumor_005,24,edge_high_prob,0.9096295237541199,58624,136576,/Volumes/TX/camelyon16_project/data/review/hard_positive_iter2/tumor_005/tumor_005_hp24_edge_high_prob_prob0.910_x58624_y136576.png,/Volumes/TX/camelyon16_project/data/review/hard_positive_iter2/tumor_005/tumor_005_hard_positive_contact_sheet.png,/Volumes/TX/camelyon16_project/data/review/hard_positive_iter2/tumor_005/tumor_005_overview.png,,,
tumor_006,1,low_prob_edge,0.0767214223742485,60928,176000,/Volumes/TX/camelyon16_project/data/review/hard_positive_iter2/tumor_006/tumor_006_hp01_low_prob_edge_prob0.077_x60928_y176000.png,/Volumes/TX/camelyon16_project/data/review/hard_positive_iter2/tumor_006/tumor_006_hard_positive_contact_sheet.png,/Volumes/TX/camelyon16_project/data/review/hard_positive_iter2/tumor_006/tumor_006_overview.png,,,
tumor_006,2,low_prob_edge,0.12386618554592133,60928,176128,/Volumes/TX/camelyon16_project/data/review/hard_positive_iter2/tumor_006/tumor_006_hp02_low_prob_edge_prob0.124_x60928_y176128.png,/Volumes/TX/camelyon16_project/data/review/hard_positive_iter2/tumor_006/tumor_006_hard_positive_contact_sheet.png,/Volumes/TX/camelyon16_project/data/review/hard_positive_iter2/tumor_006/tumor_006_overview.png,,,
tumor_006,3,low_prob_edge,0.2056805044412613,59392,173440,/Volumes/TX/camelyon16_project/data/review/hard_positive_iter2/tumor_006/tumor_006_hp03_low_prob_edge_prob0.206_x59392_y173440.png,/Volumes/TX/camelyon16_project/data/review/hard_positive_iter2/tumor_006/tumor_006_hard_positive_contact_sheet.png,/Volumes/TX/camelyon16_project/data/review/hard_positive_iter2/tumor_006/tumor_006_overview.png,,,
tumor_006,4,low_prob_edge,0.3639425039291382,58368,172288,/Volumes/TX/camelyon16_project/data/review/hard_positive_iter2/tumor_006/tumor_006_hp04_low_prob_edge_prob0.364_x58368_y172288.png,/Volumes/TX/camelyon16_project/data/review/hard_positive_iter2/tumor_006/tumor_006_hard_positive_contact_sheet.png,/Volumes/TX/camelyon16_project/data/review/hard_positive_iter2/tumor_006/tumor_006_overview.png,,,
tumor_006,5,low_prob_edge,0.41027116775512695,61056,176256,/Volumes/TX/camelyon16_project/data/review/hard_positive_iter2/tumor_006/tumor_006_hp05_low_prob_edge_prob0.410_x61056_y176256.png,/Volumes/TX/camelyon16_project/data/review/hard_positive_iter2/tumor_006/tumor_006_hard_positive_contact_sheet.png,/Volumes/TX/camelyon16_project/data/review/hard_positive_iter2/tumor_006/tumor_006_overview.png,,,
tumor_006,6,mid_prob_edge,0.6002174615859985,55680,169728,/Volumes/TX/camelyon16_project/data/review/hard_positive_iter2/tumor_006/tumor_006_hp06_mid_prob_edge_prob0.600_x55680_y169728.png,/Volumes/TX/camelyon16_project/data/review/hard_positive_iter2/tumor_006/tumor_006_hard_positive_contact_sheet.png,/Volumes/TX/camelyon16_project/data/review/hard_positive_iter2/tumor_006/tumor_006_overview.png,,,
tumor_006,7,mid_prob_edge,0.6415150761604309,55680,168960,/Volumes/TX/camelyon16_project/data/review/hard_positive_iter2/tumor_006/tumor_006_hp07_mid_prob_edge_prob0.642_x55680_y168960.png,/Volumes/TX/camelyon16_project/data/review/hard_positive_iter2/tumor_006/tumor_006_hard_positive_contact_sheet.png,/Volumes/TX/camelyon16_project/data/review/hard_positive_iter2/tumor_006/tumor_006_overview.png,,,
tumor_006,8,mid_prob_edge,0.6605930328369141,56448,169600,/Volumes/TX/camelyon16_project/data/review/hard_positive_iter2/tumor_006/tumor_006_hp08_mid_prob_edge_prob0.661_x56448_y169600.png,/Volumes/TX/camelyon16_project/data/review/hard_positive_iter2/tumor_006/tumor_006_hard_positive_contact_sheet.png,/Volumes/TX/camelyon16_project/data/review/hard_positive_iter2/tumor_006/tumor_006_overview.png,,,
tumor_006,9,mid_prob_edge,0.6790427565574646,60800,176128,/Volumes/TX/camelyon16_project/data/review/hard_positive_iter2/tumor_006/tumor_006_hp09_mid_prob_edge_prob0.679_x60800_y176128.png,/Volumes/TX/camelyon16_project/data/review/hard_positive_iter2/tumor_006/tumor_006_hard_positive_contact_sheet.png,/Volumes/TX/camelyon16_project/data/review/hard_positive_iter2/tumor_006/tumor_006_overview.png,,,
tumor_006,10,mid_prob_edge,0.7436176538467407,59264,173568,/Volumes/TX/camelyon16_project/data/review/hard_positive_iter2/tumor_006/tumor_006_hp10_mid_prob_edge_prob0.744_x59264_y173568.png,/Volumes/TX/camelyon16_project/data/review/hard_positive_iter2/tumor_006/tumor_006_hard_positive_contact_sheet.png,/Volumes/TX/camelyon16_project/data/review/hard_positive_iter2/tumor_006/tumor_006_overview.png,,,
tumor_006,11,mid_prob_edge,0.748216986656189,60672,175872,/Volumes/TX/camelyon16_project/data/review/hard_positive_iter2/tumor_006/tumor_006_hp11_mid_prob_edge_prob0.748_x60672_y175872.png,/Volumes/TX/camelyon16_project/data/review/hard_positive_iter2/tumor_006/tumor_006_hard_positive_contact_sheet.png,/Volumes/TX/camelyon16_project/data/review/hard_positive_iter2/tumor_006/tumor_006_overview.png,,,
tumor_006,12,edge_high_prob,0.827955961227417,60800,175872,/Volumes/TX/camelyon16_project/data/review/hard_positive_iter2/tumor_006/tumor_006_hp12_edge_high_prob_prob0.828_x60800_y175872.png,/Volumes/TX/camelyon16_project/data/review/hard_positive_iter2/tumor_006/tumor_006_hard_positive_contact_sheet.png,/Volumes/TX/camelyon16_project/data/review/hard_positive_iter2/tumor_006/tumor_006_overview.png,,,
tumor_006,13,edge_high_prob,0.8427323698997498,61056,176384,/Volumes/TX/camelyon16_project/data/review/hard_positive_iter2/tumor_006/tumor_006_hp13_edge_high_prob_prob0.843_x61056_y176384.png,/Volumes/TX/camelyon16_project/data/review/hard_positive_iter2/tumor_006/tumor_006_hard_positive_contact_sheet.png,/Volumes/TX/camelyon16_project/data/review/hard_positive_iter2/tumor_006/tumor_006_overview.png,,,
tumor_006,14,edge_high_prob,0.843070924282074,55552,169088,/Volumes/TX/camelyon16_project/data/review/hard_positive_iter2/tumor_006/tumor_006_hp14_edge_high_prob_prob0.843_x55552_y169088.png,/Volumes/TX/camelyon16_project/data/review/hard_positive_iter2/tumor_006/tumor_006_hard_positive_contact_sheet.png,/Volumes/TX/camelyon16_project/data/review/hard_positive_iter2/tumor_006/tumor_006_overview.png,,,
tumor_006,15,edge_high_prob,0.8504278063774109,56064,169216,/Volumes/TX/camelyon16_project/data/review/hard_positive_iter2/tumor_006/tumor_006_hp15_edge_high_prob_prob0.850_x56064_y169216.png,/Volumes/TX/camelyon16_project/data/review/hard_positive_iter2/tumor_006/tumor_006_hard_positive_contact_sheet.png,/Volumes/TX/camelyon16_project/data/review/hard_positive_iter2/tumor_006/tumor_006_overview.png,,,
tumor_006,16,edge_high_prob,0.8909829258918762,59008,173056,/Volumes/TX/camelyon16_project/data/review/hard_positive_iter2/tumor_006/tumor_006_hp16_edge_high_prob_prob0.891_x59008_y173056.png,/Volumes/TX/camelyon16_project/data/review/hard_positive_iter2/tumor_006/tumor_006_hard_positive_contact_sheet.png,/Volumes/TX/camelyon16_project/data/review/hard_positive_iter2/tumor_006/tumor_006_overview.png,,,
tumor_006,17,edge_high_prob,0.924881100654602,59264,173440,/Volumes/TX/camelyon16_project/data/review/hard_positive_iter2/tumor_006/tumor_006_hp17_edge_high_prob_prob0.925_x59264_y173440.png,/Volumes/TX/camelyon16_project/data/review/hard_positive_iter2/tumor_006/tumor_006_hard_positive_contact_sheet.png,/Volumes/TX/camelyon16_project/data/review/hard_positive_iter2/tumor_006/tumor_006_overview.png,,,
tumor_006,18,edge_high_prob,0.9502376914024353,55936,169088,/Volumes/TX/camelyon16_project/data/review/hard_positive_iter2/tumor_006/tumor_006_hp18_edge_high_prob_prob0.950_x55936_y169088.png,/Volumes/TX/camelyon16_project/data/review/hard_positive_iter2/tumor_006/tumor_006_hard_positive_contact_sheet.png,/Volumes/TX/camelyon16_project/data/review/hard_positive_iter2/tumor_006/tumor_006_overview.png,,,
tumor_006,19,edge_high_prob,0.9660137891769409,60672,176000,/Volumes/TX/camelyon16_project/data/review/hard_positive_iter2/tumor_006/tumor_006_hp19_edge_high_prob_prob0.966_x60672_y176000.png,/Volumes/TX/camelyon16_project/data/review/hard_positive_iter2/tumor_006/tumor_006_hard_positive_contact_sheet.png,/Volumes/TX/camelyon16_project/data/review/hard_positive_iter2/tumor_006/tumor_006_overview.png,,,
tumor_006,20,edge_high_prob,0.9687002301216125,60800,176000,/Volumes/TX/camelyon16_project/data/review/hard_positive_iter2/tumor_006/tumor_006_hp20_edge_high_prob_prob0.969_x60800_y176000.png,/Volumes/TX/camelyon16_project/data/review/hard_positive_iter2/tumor_006/tumor_006_hard_positive_contact_sheet.png,/Volumes/TX/camelyon16_project/data/review/hard_positive_iter2/tumor_006/tumor_006_overview.png,,,
tumor_006,21,edge_high_prob,0.9690510630607605,56192,168960,/Volumes/TX/camelyon16_project/data/review/hard_positive_iter2/tumor_006/tumor_006_hp21_edge_high_prob_prob0.969_x56192_y168960.png,/Volumes/TX/camelyon16_project/data/review/hard_positive_iter2/tumor_006/tumor_006_hard_positive_contact_sheet.png,/Volumes/TX/camelyon16_project/data/review/hard_positive_iter2/tumor_006/tumor_006_overview.png,,,
tumor_006,22,edge_high_prob,0.9759460687637329,59264,173312,/Volumes/TX/camelyon16_project/data/review/hard_positive_iter2/tumor_006/tumor_006_hp22_edge_high_prob_prob0.976_x59264_y173312.png,/Volumes/TX/camelyon16_project/data/review/hard_positive_iter2/tumor_006/tumor_006_hard_positive_contact_sheet.png,/Volumes/TX/camelyon16_project/data/review/hard_positive_iter2/tumor_006/tumor_006_overview.png,,,
tumor_006,23,edge_high_prob,0.9762201309204102,55680,169472,/Volumes/TX/camelyon16_project/data/review/hard_positive_iter2/tumor_006/tumor_006_hp23_edge_high_prob_prob0.976_x55680_y169472.png,/Volumes/TX/camelyon16_project/data/review/hard_positive_iter2/tumor_006/tumor_006_hard_positive_contact_sheet.png,/Volumes/TX/camelyon16_project/data/review/hard_positive_iter2/tumor_006/tumor_006_overview.png,,,
tumor_006,24,edge_high_prob,0.9783132076263428,59392,173568,/Volumes/TX/camelyon16_project/data/review/hard_positive_iter2/tumor_006/tumor_006_hp24_edge_high_prob_prob0.978_x59392_y173568.png,/Volumes/TX/camelyon16_project/data/review/hard_positive_iter2/tumor_006/tumor_006_hard_positive_contact_sheet.png,/Volumes/TX/camelyon16_project/data/review/hard_positive_iter2/tumor_006/tumor_006_overview.png,,,
tumor_007,1,low_prob_edge,0.3209707736968994,13568,151808,/Volumes/TX/camelyon16_project/data/review/hard_positive_iter2/tumor_007/tumor_007_hp01_low_prob_edge_prob0.321_x13568_y151808.png,/Volumes/TX/camelyon16_project/data/review/hard_positive_iter2/tumor_007/tumor_007_hard_positive_contact_sheet.png,/Volumes/TX/camelyon16_project/data/review/hard_positive_iter2/tumor_007/tumor_007_overview.png,,,
tumor_007,2,mid_prob_edge,0.5538402795791626,13568,151680,/Volumes/TX/camelyon16_project/data/review/hard_positive_iter2/tumor_007/tumor_007_hp02_mid_prob_edge_prob0.554_x13568_y151680.png,/Volumes/TX/camelyon16_project/data/review/hard_positive_iter2/tumor_007/tumor_007_hard_positive_contact_sheet.png,/Volumes/TX/camelyon16_project/data/review/hard_positive_iter2/tumor_007/tumor_007_overview.png,,,
tumor_007,3,mid_prob_edge,0.5615634322166443,13568,151936,/Volumes/TX/camelyon16_project/data/review/hard_positive_iter2/tumor_007/tumor_007_hp03_mid_prob_edge_prob0.562_x13568_y151936.png,/Volumes/TX/camelyon16_project/data/review/hard_positive_iter2/tumor_007/tumor_007_hard_positive_contact_sheet.png,/Volumes/TX/camelyon16_project/data/review/hard_positive_iter2/tumor_007/tumor_007_overview.png,,,
tumor_007,4,mid_prob_edge,0.5864334106445312,13184,152832,/Volumes/TX/camelyon16_project/data/review/hard_positive_iter2/tumor_007/tumor_007_hp04_mid_prob_edge_prob0.586_x13184_y152832.png,/Volumes/TX/camelyon16_project/data/review/hard_positive_iter2/tumor_007/tumor_007_hard_positive_contact_sheet.png,/Volumes/TX/camelyon16_project/data/review/hard_positive_iter2/tumor_007/tumor_007_overview.png,,,
tumor_007,5,mid_prob_edge,0.5893304347991943,13312,152064,/Volumes/TX/camelyon16_project/data/review/hard_positive_iter2/tumor_007/tumor_007_hp05_mid_prob_edge_prob0.589_x13312_y152064.png,/Volumes/TX/camelyon16_project/data/review/hard_positive_iter2/tumor_007/tumor_007_hard_positive_contact_sheet.png,/Volumes/TX/camelyon16_project/data/review/hard_positive_iter2/tumor_007/tumor_007_overview.png,,,
tumor_007,6,mid_prob_edge,0.6028684377670288,13824,151680,/Volumes/TX/camelyon16_project/data/review/hard_positive_iter2/tumor_007/tumor_007_hp06_mid_prob_edge_prob0.603_x13824_y151680.png,/Volumes/TX/camelyon16_project/data/review/hard_positive_iter2/tumor_007/tumor_007_hard_positive_contact_sheet.png,/Volumes/TX/camelyon16_project/data/review/hard_positive_iter2/tumor_007/tumor_007_overview.png,,,
tumor_007,7,mid_prob_edge,0.6757001876831055,13696,151552,/Volumes/TX/camelyon16_project/data/review/hard_positive_iter2/tumor_007/tumor_007_hp07_mid_prob_edge_prob0.676_x13696_y151552.png,/Volumes/TX/camelyon16_project/data/review/hard_positive_iter2/tumor_007/tumor_007_hard_positive_contact_sheet.png,/Volumes/TX/camelyon16_project/data/review/hard_positive_iter2/tumor_007/tumor_007_overview.png,,,
tumor_007,8,mid_prob_edge,0.7576887607574463,13696,151680,/Volumes/TX/camelyon16_project/data/review/hard_positive_iter2/tumor_007/tumor_007_hp08_mid_prob_edge_prob0.758_x13696_y151680.png,/Volumes/TX/camelyon16_project/data/review/hard_positive_iter2/tumor_007/tumor_007_hard_positive_contact_sheet.png,/Volumes/TX/camelyon16_project/data/review/hard_positive_iter2/tumor_007/tumor_007_overview.png,,,
tumor_007,9,edge_high_prob,0.8030663728713989,13568,151552,/Volumes/TX/camelyon16_project/data/review/hard_positive_iter2/tumor_007/tumor_007_hp09_edge_high_prob_prob0.803_x13568_y151552.png,/Volumes/TX/camelyon16_project/data/review/hard_positive_iter2/tumor_007/tumor_007_hard_positive_contact_sheet.png,/Volumes/TX/camelyon16_project/data/review/hard_positive_iter2/tumor_007/tumor_007_overview.png,,,
tumor_007,10,edge_high_prob,0.8209007978439331,31872,104960,/Volumes/TX/camelyon16_project/data/review/hard_positive_iter2/tumor_007/tumor_007_hp10_edge_high_prob_prob0.821_x31872_y104960.png,/Volumes/TX/camelyon16_project/data/review/hard_positive_iter2/tumor_007/tumor_007_hard_positive_contact_sheet.png,/Volumes/TX/camelyon16_project/data/review/hard_positive_iter2/tumor_007/tumor_007_overview.png,,,
tumor_007,11,edge_high_prob,0.853754460811615,32000,104960,/Volumes/TX/camelyon16_project/data/review/hard_positive_iter2/tumor_007/tumor_007_hp11_edge_high_prob_prob0.854_x32000_y104960.png,/Volumes/TX/camelyon16_project/data/review/hard_positive_iter2/tumor_007/tumor_007_hard_positive_contact_sheet.png,/Volumes/TX/camelyon16_project/data/review/hard_positive_iter2/tumor_007/tumor_007_overview.png,,,
tumor_007,12,edge_high_prob,0.8693339824676514,13440,151552,/Volumes/TX/camelyon16_project/data/review/hard_positive_iter2/tumor_007/tumor_007_hp12_edge_high_prob_prob0.869_x13440_y151552.png,/Volumes/TX/camelyon16_project/data/review/hard_positive_iter2/tumor_007/tumor_007_hard_positive_contact_sheet.png,/Volumes/TX/camelyon16_project/data/review/hard_positive_iter2/tumor_007/tumor_007_overview.png,,,
tumor_007,13,edge_high_prob,0.877612829208374,30464,104448,/Volumes/TX/camelyon16_project/data/review/hard_positive_iter2/tumor_007/tumor_007_hp13_edge_high_prob_prob0.878_x30464_y104448.png,/Volumes/TX/camelyon16_project/data/review/hard_positive_iter2/tumor_007/tumor_007_hard_positive_contact_sheet.png,/Volumes/TX/camelyon16_project/data/review/hard_positive_iter2/tumor_007/tumor_007_overview.png,,,
tumor_007,14,edge_high_prob,0.8853451609611511,13184,152064,/Volumes/TX/camelyon16_project/data/review/hard_positive_iter2/tumor_007/tumor_007_hp14_edge_high_prob_prob0.885_x13184_y152064.png,/Volumes/TX/camelyon16_project/data/review/hard_positive_iter2/tumor_007/tumor_007_hard_positive_contact_sheet.png,/Volumes/TX/camelyon16_project/data/review/hard_positive_iter2/tumor_007/tumor_007_overview.png,,,
tumor_007,15,edge_high_prob,0.8961871266365051,30464,104320,/Volumes/TX/camelyon16_project/data/review/hard_positive_iter2/tumor_007/tumor_007_hp15_edge_high_prob_prob0.896_x30464_y104320.png,/Volumes/TX/camelyon16_project/data/review/hard_positive_iter2/tumor_007/tumor_007_hard_positive_contact_sheet.png,/Volumes/TX/camelyon16_project/data/review/hard_positive_iter2/tumor_007/tumor_007_overview.png,,,
tumor_007,16,edge_high_prob,0.9424552917480469,13184,151296,/Volumes/TX/camelyon16_project/data/review/hard_positive_iter2/tumor_007/tumor_007_hp16_edge_high_prob_prob0.942_x13184_y151296.png,/Volumes/TX/camelyon16_project/data/review/hard_positive_iter2/tumor_007/tumor_007_hard_positive_contact_sheet.png,/Volumes/TX/camelyon16_project/data/review/hard_positive_iter2/tumor_007/tumor_007_overview.png,,,
tumor_007,17,edge_high_prob,0.9643628001213074,12416,152576,/Volumes/TX/camelyon16_project/data/review/hard_positive_iter2/tumor_007/tumor_007_hp17_edge_high_prob_prob0.964_x12416_y152576.png,/Volumes/TX/camelyon16_project/data/review/hard_positive_iter2/tumor_007/tumor_007_hard_positive_contact_sheet.png,/Volumes/TX/camelyon16_project/data/review/hard_positive_iter2/tumor_007/tumor_007_overview.png,,,
tumor_007,18,edge_high_prob,0.9679214954376221,13056,152960,/Volumes/TX/camelyon16_project/data/review/hard_positive_iter2/tumor_007/tumor_007_hp18_edge_high_prob_prob0.968_x13056_y152960.png,/Volumes/TX/camelyon16_project/data/review/hard_positive_iter2/tumor_007/tumor_007_hard_positive_contact_sheet.png,/Volumes/TX/camelyon16_project/data/review/hard_positive_iter2/tumor_007/tumor_007_overview.png,,,
tumor_007,19,edge_high_prob,0.9728423953056335,13056,150784,/Volumes/TX/camelyon16_project/data/review/hard_positive_iter2/tumor_007/tumor_007_hp19_edge_high_prob_prob0.973_x13056_y150784.png,/Volumes/TX/camelyon16_project/data/review/hard_positive_iter2/tumor_007/tumor_007_hard_positive_contact_sheet.png,/Volumes/TX/camelyon16_project/data/review/hard_positive_iter2/tumor_007/tumor_007_overview.png,,,
tumor_007,20,edge_high_prob,0.9746939539909363,30720,104576,/Volumes/TX/camelyon16_project/data/review/hard_positive_iter2/tumor_007/tumor_007_hp20_edge_high_prob_prob0.975_x30720_y104576.png,/Volumes/TX/camelyon16_project/data/review/hard_positive_iter2/tumor_007/tumor_007_hard_positive_contact_sheet.png,/Volumes/TX/camelyon16_project/data/review/hard_positive_iter2/tumor_007/tumor_007_overview.png,,,
tumor_007,21,edge_high_prob,0.9797557592391968,13440,151424,/Volumes/TX/camelyon16_project/data/review/hard_positive_iter2/tumor_007/tumor_007_hp21_edge_high_prob_prob0.980_x13440_y151424.png,/Volumes/TX/camelyon16_project/data/review/hard_positive_iter2/tumor_007/tumor_007_hard_positive_contact_sheet.png,/Volumes/TX/camelyon16_project/data/review/hard_positive_iter2/tumor_007/tumor_007_overview.png,,,
tumor_007,22,edge_high_prob,0.9809163212776184,30592,104576,/Volumes/TX/camelyon16_project/data/review/hard_positive_iter2/tumor_007/tumor_007_hp22_edge_high_prob_prob0.981_x30592_y104576.png,/Volumes/TX/camelyon16_project/data/review/hard_positive_iter2/tumor_007/tumor_007_hard_positive_contact_sheet.png,/Volumes/TX/camelyon16_project/data/review/hard_positive_iter2/tumor_007/tumor_007_overview.png,,,
tumor_007,23,edge_high_prob,0.9868901968002319,13312,152192,/Volumes/TX/camelyon16_project/data/review/hard_positive_iter2/tumor_007/tumor_007_hp23_edge_high_prob_prob0.987_x13312_y152192.png,/Volumes/TX/camelyon16_project/data/review/hard_positive_iter2/tumor_007/tumor_007_hard_positive_contact_sheet.png,/Volumes/TX/camelyon16_project/data/review/hard_positive_iter2/tumor_007/tumor_007_overview.png,,,
tumor_007,24,edge_high_prob,0.9909720420837402,32384,105728,/Volumes/TX/camelyon16_project/data/review/hard_positive_iter2/tumor_007/tumor_007_hp24_edge_high_prob_prob0.991_x32384_y105728.png,/Volumes/TX/camelyon16_project/data/review/hard_positive_iter2/tumor_007/tumor_007_hard_positive_contact_sheet.png,/Volumes/TX/camelyon16_project/data/review/hard_positive_iter2/tumor_007/tumor_007_overview.png,,,
tumor_008,1,low_prob_edge,0.002292434684932232,5888,130048,/Volumes/TX/camelyon16_project/data/review/hard_positive_iter2/tumor_008/tumor_008_hp01_low_prob_edge_prob0.002_x5888_y130048.png,/Volumes/TX/camelyon16_project/data/review/hard_positive_iter2/tumor_008/tumor_008_hard_positive_contact_sheet.png,/Volumes/TX/camelyon16_project/data/review/hard_positive_iter2/tumor_008/tumor_008_overview.png,,,
tumor_008,2,low_prob_edge,0.04559829831123352,6144,130048,/Volumes/TX/camelyon16_project/data/review/hard_positive_iter2/tumor_008/tumor_008_hp02_low_prob_edge_prob0.046_x6144_y130048.png,/Volumes/TX/camelyon16_project/data/review/hard_positive_iter2/tumor_008/tumor_008_hard_positive_contact_sheet.png,/Volumes/TX/camelyon16_project/data/review/hard_positive_iter2/tumor_008/tumor_008_overview.png,,,
tumor_008,3,low_prob_edge,0.2916819751262665,6016,130048,/Volumes/TX/camelyon16_project/data/review/hard_positive_iter2/tumor_008/tumor_008_hp03_low_prob_edge_prob0.292_x6016_y130048.png,/Volumes/TX/camelyon16_project/data/review/hard_positive_iter2/tumor_008/tumor_008_hard_positive_contact_sheet.png,/Volumes/TX/camelyon16_project/data/review/hard_positive_iter2/tumor_008/tumor_008_overview.png,,,
tumor_008,4,low_prob_edge,0.35883453488349915,6144,129792,/Volumes/TX/camelyon16_project/data/review/hard_positive_iter2/tumor_008/tumor_008_hp04_low_prob_edge_prob0.359_x6144_y129792.png,/Volumes/TX/camelyon16_project/data/review/hard_positive_iter2/tumor_008/tumor_008_hard_positive_contact_sheet.png,/Volumes/TX/camelyon16_project/data/review/hard_positive_iter2/tumor_008/tumor_008_overview.png,,,
tumor_008,5,edge_high_prob,0.9351601004600525,4736,130560,/Volumes/TX/camelyon16_project/data/review/hard_positive_iter2/tumor_008/tumor_008_hp05_edge_high_prob_prob0.935_x4736_y130560.png,/Volumes/TX/camelyon16_project/data/review/hard_positive_iter2/tumor_008/tumor_008_hard_positive_contact_sheet.png,/Volumes/TX/camelyon16_project/data/review/hard_positive_iter2/tumor_008/tumor_008_overview.png,,,
tumor_008,6,edge_high_prob,0.939039945602417,4608,131456,/Volumes/TX/camelyon16_project/data/review/hard_positive_iter2/tumor_008/tumor_008_hp06_edge_high_prob_prob0.939_x4608_y131456.png,/Volumes/TX/camelyon16_project/data/review/hard_positive_iter2/tumor_008/tumor_008_hard_positive_contact_sheet.png,/Volumes/TX/camelyon16_project/data/review/hard_positive_iter2/tumor_008/tumor_008_overview.png,,,
tumor_008,7,edge_high_prob,0.9779663681983948,4608,130432,/Volumes/TX/camelyon16_project/data/review/hard_positive_iter2/tumor_008/tumor_008_hp07_edge_high_prob_prob0.978_x4608_y130432.png,/Volumes/TX/camelyon16_project/data/review/hard_positive_iter2/tumor_008/tumor_008_hard_positive_contact_sheet.png,/Volumes/TX/camelyon16_project/data/review/hard_positive_iter2/tumor_008/tumor_008_overview.png,,,
tumor_008,8,edge_high_prob,0.9854314923286438,4736,130304,/Volumes/TX/camelyon16_project/data/review/hard_positive_iter2/tumor_008/tumor_008_hp08_edge_high_prob_prob0.985_x4736_y130304.png,/Volumes/TX/camelyon16_project/data/review/hard_positive_iter2/tumor_008/tumor_008_hard_positive_contact_sheet.png,/Volumes/TX/camelyon16_project/data/review/hard_positive_iter2/tumor_008/tumor_008_overview.png,,,
tumor_008,9,edge_high_prob,0.993389368057251,4864,131072,/Volumes/TX/camelyon16_project/data/review/hard_positive_iter2/tumor_008/tumor_008_hp09_edge_high_prob_prob0.993_x4864_y131072.png,/Volumes/TX/camelyon16_project/data/review/hard_positive_iter2/tumor_008/tumor_008_hard_positive_contact_sheet.png,/Volumes/TX/camelyon16_project/data/review/hard_positive_iter2/tumor_008/tumor_008_overview.png,,,
tumor_008,10,edge_high_prob,0.9984148740768433,4864,130560,/Volumes/TX/camelyon16_project/data/review/hard_positive_iter2/tumor_008/tumor_008_hp10_edge_high_prob_prob0.998_x4864_y130560.png,/Volumes/TX/camelyon16_project/data/review/hard_positive_iter2/tumor_008/tumor_008_hard_positive_contact_sheet.png,/Volumes/TX/camelyon16_project/data/review/hard_positive_iter2/tumor_008/tumor_008_overview.png,,,
tumor_008,11,edge_high_prob,0.9988216757774353,4608,130944,/Volumes/TX/camelyon16_project/data/review/hard_positive_iter2/tumor_008/tumor_008_hp11_edge_high_prob_prob0.999_x4608_y130944.png,/Volumes/TX/camelyon16_project/data/review/hard_positive_iter2/tumor_008/tumor_008_hard_positive_contact_sheet.png,/Volumes/TX/camelyon16_project/data/review/hard_positive_iter2/tumor_008/tumor_008_overview.png,,,
tumor_008,12,edge_high_prob,0.9990286827087402,4608,130304,/Volumes/TX/camelyon16_project/data/review/hard_positive_iter2/tumor_008/tumor_008_hp12_edge_high_prob_prob0.999_x4608_y130304.png,/Volumes/TX/camelyon16_project/data/review/hard_positive_iter2/tumor_008/tumor_008_hard_positive_contact_sheet.png,/Volumes/TX/camelyon16_project/data/review/hard_positive_iter2/tumor_008/tumor_008_overview.png,,,
tumor_008,13,edge_high_prob,0.9990615248680115,6016,130560,/Volumes/TX/camelyon16_project/data/review/hard_positive_iter2/tumor_008/tumor_008_hp13_edge_high_prob_prob0.999_x6016_y130560.png,/Volumes/TX/camelyon16_project/data/review/hard_positive_iter2/tumor_008/tumor_008_hard_positive_contact_sheet.png,/Volumes/TX/camelyon16_project/data/review/hard_positive_iter2/tumor_008/tumor_008_overview.png,,,
tumor_008,14,edge_high_prob,0.9992555975914001,4992,130432,/Volumes/TX/camelyon16_project/data/review/hard_positive_iter2/tumor_008/tumor_008_hp14_edge_high_prob_prob0.999_x4992_y130432.png,/Volumes/TX/camelyon16_project/data/review/hard_positive_iter2/tumor_008/tumor_008_hard_positive_contact_sheet.png,/Volumes/TX/camelyon16_project/data/review/hard_positive_iter2/tumor_008/tumor_008_overview.png,,,
tumor_008,15,edge_high_prob,0.9993674159049988,6144,130560,/Volumes/TX/camelyon16_project/data/review/hard_positive_iter2/tumor_008/tumor_008_hp15_edge_high_prob_prob0.999_x6144_y130560.png,/Volumes/TX/camelyon16_project/data/review/hard_positive_iter2/tumor_008/tumor_008_hard_positive_contact_sheet.png,/Volumes/TX/camelyon16_project/data/review/hard_positive_iter2/tumor_008/tumor_008_overview.png,,,
tumor_008,16,edge_high_prob,0.9997532963752747,4736,130944,/Volumes/TX/camelyon16_project/data/review/hard_positive_iter2/tumor_008/tumor_008_hp16_edge_high_prob_prob1.000_x4736_y130944.png,/Volumes/TX/camelyon16_project/data/review/hard_positive_iter2/tumor_008/tumor_008_hard_positive_contact_sheet.png,/Volumes/TX/camelyon16_project/data/review/hard_positive_iter2/tumor_008/tumor_008_overview.png,,,
tumor_008,17,edge_high_prob,0.9998399019241333,4736,130816,/Volumes/TX/camelyon16_project/data/review/hard_positive_iter2/tumor_008/tumor_008_hp17_edge_high_prob_prob1.000_x4736_y130816.png,/Volumes/TX/camelyon16_project/data/review/hard_positive_iter2/tumor_008/tumor_008_hard_positive_contact_sheet.png,/Volumes/TX/camelyon16_project/data/review/hard_positive_iter2/tumor_008/tumor_008_overview.png,,,
tumor_008,18,edge_high_prob,0.9998970031738281,4608,131200,/Volumes/TX/camelyon16_project/data/review/hard_positive_iter2/tumor_008/tumor_008_hp18_edge_high_prob_prob1.000_x4608_y131200.png,/Volumes/TX/camelyon16_project/data/review/hard_positive_iter2/tumor_008/tumor_008_hard_positive_contact_sheet.png,/Volumes/TX/camelyon16_project/data/review/hard_positive_iter2/tumor_008/tumor_008_overview.png,,,
tumor_008,19,edge_high_prob,0.9999619722366333,4864,130432,/Volumes/TX/camelyon16_project/data/review/hard_positive_iter2/tumor_008/tumor_008_hp19_edge_high_prob_prob1.000_x4864_y130432.png,/Volumes/TX/camelyon16_project/data/review/hard_positive_iter2/tumor_008/tumor_008_hard_positive_contact_sheet.png,/Volumes/TX/camelyon16_project/data/review/hard_positive_iter2/tumor_008/tumor_008_overview.png,,,
tumor_008,20,edge_high_prob,0.9999673366546631,4864,130944,/Volumes/TX/camelyon16_project/data/review/hard_positive_iter2/tumor_008/tumor_008_hp20_edge_high_prob_prob1.000_x4864_y130944.png,/Volumes/TX/camelyon16_project/data/review/hard_positive_iter2/tumor_008/tumor_008_hard_positive_contact_sheet.png,/Volumes/TX/camelyon16_project/data/review/hard_positive_iter2/tumor_008/tumor_008_overview.png,,,
tumor_008,21,edge_high_prob,0.999982476234436,4864,130304,/Volumes/TX/camelyon16_project/data/review/hard_positive_iter2/tumor_008/tumor_008_hp21_edge_high_prob_prob1.000_x4864_y130304.png,/Volumes/TX/camelyon16_project/data/review/hard_positive_iter2/tumor_008/tumor_008_hard_positive_contact_sheet.png,/Volumes/TX/camelyon16_project/data/review/hard_positive_iter2/tumor_008/tumor_008_overview.png,,,
tumor_008,22,edge_high_prob,0.999985933303833,4608,131328,/Volumes/TX/camelyon16_project/data/review/hard_positive_iter2/tumor_008/tumor_008_hp22_edge_high_prob_prob1.000_x4608_y131328.png,/Volumes/TX/camelyon16_project/data/review/hard_positive_iter2/tumor_008/tumor_008_hard_positive_contact_sheet.png,/Volumes/TX/camelyon16_project/data/review/hard_positive_iter2/tumor_008/tumor_008_overview.png,,,
tumor_009,1,low_prob_edge,1.5214542145258747e-05,29696,175616,/Volumes/TX/camelyon16_project/data/review/hard_positive_iter2/tumor_009/tumor_009_hp01_low_prob_edge_prob0.000_x29696_y175616.png,/Volumes/TX/camelyon16_project/data/review/hard_positive_iter2/tumor_009/tumor_009_hard_positive_contact_sheet.png,/Volumes/TX/camelyon16_project/data/review/hard_positive_iter2/tumor_009/tumor_009_overview.png,,,
tumor_009,2,low_prob_edge,1.639008041820489e-05,32128,164992,/Volumes/TX/camelyon16_project/data/review/hard_positive_iter2/tumor_009/tumor_009_hp02_low_prob_edge_prob0.000_x32128_y164992.png,/Volumes/TX/camelyon16_project/data/review/hard_positive_iter2/tumor_009/tumor_009_hard_positive_contact_sheet.png,/Volumes/TX/camelyon16_project/data/review/hard_positive_iter2/tumor_009/tumor_009_overview.png,,,
tumor_009,3,low_prob_edge,1.676521969784517e-05,33792,171648,/Volumes/TX/camelyon16_project/data/review/hard_positive_iter2/tumor_009/tumor_009_hp03_low_prob_edge_prob0.000_x33792_y171648.png,/Volumes/TX/camelyon16_project/data/review/hard_positive_iter2/tumor_009/tumor_009_hard_positive_contact_sheet.png,/Volumes/TX/camelyon16_project/data/review/hard_positive_iter2/tumor_009/tumor_009_overview.png,,,
tumor_009,4,low_prob_edge,1.789019188436214e-05,32256,164992,/Volumes/TX/camelyon16_project/data/review/hard_positive_iter2/tumor_009/tumor_009_hp04_low_prob_edge_prob0.000_x32256_y164992.png,/Volumes/TX/camelyon16_project/data/review/hard_positive_iter2/tumor_009/tumor_009_hard_positive_contact_sheet.png,/Volumes/TX/camelyon16_project/data/review/hard_positive_iter2/tumor_009/tumor_009_overview.png,,,
tumor_009,5,low_prob_edge,3.052789543289691e-05,26752,177024,/Volumes/TX/camelyon16_project/data/review/hard_positive_iter2/tumor_009/tumor_009_hp05_low_prob_edge_prob0.000_x26752_y177024.png,/Volumes/TX/camelyon16_project/data/review/hard_positive_iter2/tumor_009/tumor_009_hard_positive_contact_sheet.png,/Volumes/TX/camelyon16_project/data/review/hard_positive_iter2/tumor_009/tumor_009_overview.png,,,
tumor_009,6,low_prob_edge,4.2109732021344826e-05,31616,174208,/Volumes/TX/camelyon16_project/data/review/hard_positive_iter2/tumor_009/tumor_009_hp06_low_prob_edge_prob0.000_x31616_y174208.png,/Volumes/TX/camelyon16_project/data/review/hard_positive_iter2/tumor_009/tumor_009_hard_positive_contact_sheet.png,/Volumes/TX/camelyon16_project/data/review/hard_positive_iter2/tumor_009/tumor_009_overview.png,,,
tumor_009,7,low_prob_edge,4.4420510675990954e-05,31488,174208,/Volumes/TX/camelyon16_project/data/review/hard_positive_iter2/tumor_009/tumor_009_hp07_low_prob_edge_prob0.000_x31488_y174208.png,/Volumes/TX/camelyon16_project/data/review/hard_positive_iter2/tumor_009/tumor_009_hard_positive_contact_sheet.png,/Volumes/TX/camelyon16_project/data/review/hard_positive_iter2/tumor_009/tumor_009_overview.png,,,
tumor_009,8,low_prob_edge,4.4670461647911e-05,31744,165120,/Volumes/TX/camelyon16_project/data/review/hard_positive_iter2/tumor_009/tumor_009_hp08_low_prob_edge_prob0.000_x31744_y165120.png,/Volumes/TX/camelyon16_project/data/review/hard_positive_iter2/tumor_009/tumor_009_hard_positive_contact_sheet.png,/Volumes/TX/camelyon16_project/data/review/hard_positive_iter2/tumor_009/tumor_009_overview.png,,,
tumor_009,9,low_prob_edge,5.5542343034176156e-05,32896,164864,/Volumes/TX/camelyon16_project/data/review/hard_positive_iter2/tumor_009/tumor_009_hp09_low_prob_edge_prob0.000_x32896_y164864.png,/Volumes/TX/camelyon16_project/data/review/hard_positive_iter2/tumor_009/tumor_009_hard_positive_contact_sheet.png,/Volumes/TX/camelyon16_project/data/review/hard_positive_iter2/tumor_009/tumor_009_overview.png,,,
tumor_009,10,low_prob_edge,5.5910935770953074e-05,30720,175232,/Volumes/TX/camelyon16_project/data/review/hard_positive_iter2/tumor_009/tumor_009_hp10_low_prob_edge_prob0.000_x30720_y175232.png,/Volumes/TX/camelyon16_project/data/review/hard_positive_iter2/tumor_009/tumor_009_hard_positive_contact_sheet.png,/Volumes/TX/camelyon16_project/data/review/hard_positive_iter2/tumor_009/tumor_009_overview.png,,,
tumor_009,11,low_prob_edge,5.612279346678406e-05,31872,164992,/Volumes/TX/camelyon16_project/data/review/hard_positive_iter2/tumor_009/tumor_009_hp11_low_prob_edge_prob0.000_x31872_y164992.png,/Volumes/TX/camelyon16_project/data/review/hard_positive_iter2/tumor_009/tumor_009_hard_positive_contact_sheet.png,/Volumes/TX/camelyon16_project/data/review/hard_positive_iter2/tumor_009/tumor_009_overview.png,,,
tumor_009,12,low_prob_edge,5.6362430768786e-05,31232,174592,/Volumes/TX/camelyon16_project/data/review/hard_positive_iter2/tumor_009/tumor_009_hp12_low_prob_edge_prob0.000_x31232_y174592.png,/Volumes/TX/camelyon16_project/data/review/hard_positive_iter2/tumor_009/tumor_009_hard_positive_contact_sheet.png,/Volumes/TX/camelyon16_project/data/review/hard_positive_iter2/tumor_009/tumor_009_overview.png,,,
tumor_009,13,low_prob_edge,5.765615787822753e-05,31616,174336,/Volumes/TX/camelyon16_project/data/review/hard_positive_iter2/tumor_009/tumor_009_hp13_low_prob_edge_prob0.000_x31616_y174336.png,/Volumes/TX/camelyon16_project/data/review/hard_positive_iter2/tumor_009/tumor_009_hard_positive_contact_sheet.png,/Volumes/TX/camelyon16_project/data/review/hard_positive_iter2/tumor_009/tumor_009_overview.png,,,
tumor_009,14,low_prob_edge,5.928770042373799e-05,61440,137216,/Volumes/TX/camelyon16_project/data/review/hard_positive_iter2/tumor_009/tumor_009_hp14_low_prob_edge_prob0.000_x61440_y137216.png,/Volumes/TX/camelyon16_project/data/review/hard_positive_iter2/tumor_009/tumor_009_hard_positive_contact_sheet.png,/Volumes/TX/camelyon16_project/data/review/hard_positive_iter2/tumor_009/tumor_009_overview.png,,,
tumor_009,15,low_prob_edge,7.807141810189933e-05,29952,175360,/Volumes/TX/camelyon16_project/data/review/hard_positive_iter2/tumor_009/tumor_009_hp15_low_prob_edge_prob0.000_x29952_y175360.png,/Volumes/TX/camelyon16_project/data/review/hard_positive_iter2/tumor_009/tumor_009_hard_positive_contact_sheet.png,/Volumes/TX/camelyon16_project/data/review/hard_positive_iter2/tumor_009/tumor_009_overview.png,,,
tumor_009,16,low_prob_edge,8.843547402648255e-05,31232,174464,/Volumes/TX/camelyon16_project/data/review/hard_positive_iter2/tumor_009/tumor_009_hp16_low_prob_edge_prob0.000_x31232_y174464.png,/Volumes/TX/camelyon16_project/data/review/hard_positive_iter2/tumor_009/tumor_009_hard_positive_contact_sheet.png,/Volumes/TX/camelyon16_project/data/review/hard_positive_iter2/tumor_009/tumor_009_overview.png,,,
tumor_009,17,low_prob_edge,8.949131006374955e-05,61312,125184,/Volumes/TX/camelyon16_project/data/review/hard_positive_iter2/tumor_009/tumor_009_hp17_low_prob_edge_prob0.000_x61312_y125184.png,/Volumes/TX/camelyon16_project/data/review/hard_positive_iter2/tumor_009/tumor_009_hard_positive_contact_sheet.png,/Volumes/TX/camelyon16_project/data/review/hard_positive_iter2/tumor_009/tumor_009_overview.png,,,
tumor_009,18,low_prob_edge,9.17405413929373e-05,34176,170496,/Volumes/TX/camelyon16_project/data/review/hard_positive_iter2/tumor_009/tumor_009_hp18_low_prob_edge_prob0.000_x34176_y170496.png,/Volumes/TX/camelyon16_project/data/review/hard_positive_iter2/tumor_009/tumor_009_hard_positive_contact_sheet.png,/Volumes/TX/camelyon16_project/data/review/hard_positive_iter2/tumor_009/tumor_009_overview.png,,,
tumor_009,19,low_prob_edge,9.891739318845794e-05,32000,164992,/Volumes/TX/camelyon16_project/data/review/hard_positive_iter2/tumor_009/tumor_009_hp19_low_prob_edge_prob0.000_x32000_y164992.png,/Volumes/TX/camelyon16_project/data/review/hard_positive_iter2/tumor_009/tumor_009_hard_positive_contact_sheet.png,/Volumes/TX/camelyon16_project/data/review/hard_positive_iter2/tumor_009/tumor_009_overview.png,,,
tumor_009,20,low_prob_edge,0.00010206317529082298,34048,170496,/Volumes/TX/camelyon16_project/data/review/hard_positive_iter2/tumor_009/tumor_009_hp20_low_prob_edge_prob0.000_x34048_y170496.png,/Volumes/TX/camelyon16_project/data/review/hard_positive_iter2/tumor_009/tumor_009_hard_positive_contact_sheet.png,/Volumes/TX/camelyon16_project/data/review/hard_positive_iter2/tumor_009/tumor_009_overview.png,,,
tumor_009,21,low_prob_edge,0.00010212324559688568,32384,164992,/Volumes/TX/camelyon16_project/data/review/hard_positive_iter2/tumor_009/tumor_009_hp21_low_prob_edge_prob0.000_x32384_y164992.png,/Volumes/TX/camelyon16_project/data/review/hard_positive_iter2/tumor_009/tumor_009_hard_positive_contact_sheet.png,/Volumes/TX/camelyon16_project/data/review/hard_positive_iter2/tumor_009/tumor_009_overview.png,,,
tumor_009,22,low_prob_edge,0.00010538102651480585,31360,174464,/Volumes/TX/camelyon16_project/data/review/hard_positive_iter2/tumor_009/tumor_009_hp22_low_prob_edge_prob0.000_x31360_y174464.png,/Volumes/TX/camelyon16_project/data/review/hard_positive_iter2/tumor_009/tumor_009_hard_positive_contact_sheet.png,/Volumes/TX/camelyon16_project/data/review/hard_positive_iter2/tumor_009/tumor_009_overview.png,,,
tumor_009,23,low_prob_edge,0.00011026954598492011,61312,125312,/Volumes/TX/camelyon16_project/data/review/hard_positive_iter2/tumor_009/tumor_009_hp23_low_prob_edge_prob0.000_x61312_y125312.png,/Volumes/TX/camelyon16_project/data/review/hard_positive_iter2/tumor_009/tumor_009_hard_positive_contact_sheet.png,/Volumes/TX/camelyon16_project/data/review/hard_positive_iter2/tumor_009/tumor_009_overview.png,,,
tumor_009,24,low_prob_edge,0.00011316659220028669,33792,171520,/Volumes/TX/camelyon16_project/data/review/hard_positive_iter2/tumor_009/tumor_009_hp24_low_prob_edge_prob0.000_x33792_y171520.png,/Volumes/TX/camelyon16_project/data/review/hard_positive_iter2/tumor_009/tumor_009_hard_positive_contact_sheet.png,/Volumes/TX/camelyon16_project/data/review/hard_positive_iter2/tumor_009/tumor_009_overview.png,,,
tumor_010,1,edge_high_prob,0.9527472257614136,72448,110592,/Volumes/TX/camelyon16_project/data/review/hard_positive_iter2/tumor_010/tumor_010_hp01_edge_high_prob_prob0.953_x72448_y110592.png,/Volumes/TX/camelyon16_project/data/review/hard_positive_iter2/tumor_010/tumor_010_hard_positive_contact_sheet.png,/Volumes/TX/camelyon16_project/data/review/hard_positive_iter2/tumor_010/tumor_010_overview.png,,,
tumor_010,2,edge_high_prob,0.9954811334609985,42496,170240,/Volumes/TX/camelyon16_project/data/review/hard_positive_iter2/tumor_010/tumor_010_hp02_edge_high_prob_prob0.995_x42496_y170240.png,/Volumes/TX/camelyon16_project/data/review/hard_positive_iter2/tumor_010/tumor_010_hard_positive_contact_sheet.png,/Volumes/TX/camelyon16_project/data/review/hard_positive_iter2/tumor_010/tumor_010_overview.png,,,
tumor_010,3,edge_high_prob,0.9978620409965515,42752,170240,/Volumes/TX/camelyon16_project/data/review/hard_positive_iter2/tumor_010/tumor_010_hp03_edge_high_prob_prob0.998_x42752_y170240.png,/Volumes/TX/camelyon16_project/data/review/hard_positive_iter2/tumor_010/tumor_010_hard_positive_contact_sheet.png,/Volumes/TX/camelyon16_project/data/review/hard_positive_iter2/tumor_010/tumor_010_overview.png,,,
tumor_010,4,edge_high_prob,0.9987323880195618,36352,117632,/Volumes/TX/camelyon16_project/data/review/hard_positive_iter2/tumor_010/tumor_010_hp04_edge_high_prob_prob0.999_x36352_y117632.png,/Volumes/TX/camelyon16_project/data/review/hard_positive_iter2/tumor_010/tumor_010_hard_positive_contact_sheet.png,/Volumes/TX/camelyon16_project/data/review/hard_positive_iter2/tumor_010/tumor_010_overview.png,,,
tumor_010,5,edge_high_prob,0.9988987445831299,72448,110720,/Volumes/TX/camelyon16_project/data/review/hard_positive_iter2/tumor_010/tumor_010_hp05_edge_high_prob_prob0.999_x72448_y110720.png,/Volumes/TX/camelyon16_project/data/review/hard_positive_iter2/tumor_010/tumor_010_hard_positive_contact_sheet.png,/Volumes/TX/camelyon16_project/data/review/hard_positive_iter2/tumor_010/tumor_010_overview.png,,,
tumor_010,6,edge_high_prob,0.9992910623550415,72576,110592,/Volumes/TX/camelyon16_project/data/review/hard_positive_iter2/tumor_010/tumor_010_hp06_edge_high_prob_prob0.999_x72576_y110592.png,/Volumes/TX/camelyon16_project/data/review/hard_positive_iter2/tumor_010/tumor_010_hard_positive_contact_sheet.png,/Volumes/TX/camelyon16_project/data/review/hard_positive_iter2/tumor_010/tumor_010_overview.png,,,
tumor_010,7,edge_high_prob,0.9993162155151367,42624,169984,/Volumes/TX/camelyon16_project/data/review/hard_positive_iter2/tumor_010/tumor_010_hp07_edge_high_prob_prob0.999_x42624_y169984.png,/Volumes/TX/camelyon16_project/data/review/hard_positive_iter2/tumor_010/tumor_010_hard_positive_contact_sheet.png,/Volumes/TX/camelyon16_project/data/review/hard_positive_iter2/tumor_010/tumor_010_overview.png,,,
tumor_010,8,edge_high_prob,0.9995018243789673,36480,117760,/Volumes/TX/camelyon16_project/data/review/hard_positive_iter2/tumor_010/tumor_010_hp08_edge_high_prob_prob1.000_x36480_y117760.png,/Volumes/TX/camelyon16_project/data/review/hard_positive_iter2/tumor_010/tumor_010_hard_positive_contact_sheet.png,/Volumes/TX/camelyon16_project/data/review/hard_positive_iter2/tumor_010/tumor_010_overview.png,,,
tumor_010,9,edge_high_prob,0.9995856881141663,42496,170112,/Volumes/TX/camelyon16_project/data/review/hard_positive_iter2/tumor_010/tumor_010_hp09_edge_high_prob_prob1.000_x42496_y170112.png,/Volumes/TX/camelyon16_project/data/review/hard_positive_iter2/tumor_010/tumor_010_hard_positive_contact_sheet.png,/Volumes/TX/camelyon16_project/data/review/hard_positive_iter2/tumor_010/tumor_010_overview.png,,,
tumor_010,10,edge_high_prob,0.999721348285675,42368,169728,/Volumes/TX/camelyon16_project/data/review/hard_positive_iter2/tumor_010/tumor_010_hp10_edge_high_prob_prob1.000_x42368_y169728.png,/Volumes/TX/camelyon16_project/data/review/hard_positive_iter2/tumor_010/tumor_010_hard_positive_contact_sheet.png,/Volumes/TX/camelyon16_project/data/review/hard_positive_iter2/tumor_010/tumor_010_overview.png,,,
tumor_010,11,edge_high_prob,0.9997349381446838,42368,169856,/Volumes/TX/camelyon16_project/data/review/hard_positive_iter2/tumor_010/tumor_010_hp11_edge_high_prob_prob1.000_x42368_y169856.png,/Volumes/TX/camelyon16_project/data/review/hard_positive_iter2/tumor_010/tumor_010_hard_positive_contact_sheet.png,/Volumes/TX/camelyon16_project/data/review/hard_positive_iter2/tumor_010/tumor_010_overview.png,,,
tumor_010,12,edge_high_prob,0.9997475743293762,42368,169984,/Volumes/TX/camelyon16_project/data/review/hard_positive_iter2/tumor_010/tumor_010_hp12_edge_high_prob_prob1.000_x42368_y169984.png,/Volumes/TX/camelyon16_project/data/review/hard_positive_iter2/tumor_010/tumor_010_hard_positive_contact_sheet.png,/Volumes/TX/camelyon16_project/data/review/hard_positive_iter2/tumor_010/tumor_010_overview.png,,,
tumor_010,13,edge_high_prob,0.9998219609260559,42368,169600,/Volumes/TX/camelyon16_project/data/review/hard_positive_iter2/tumor_010/tumor_010_hp13_edge_high_prob_prob1.000_x42368_y169600.png,/Volumes/TX/camelyon16_project/data/review/hard_positive_iter2/tumor_010/tumor_010_hard_positive_contact_sheet.png,/Volumes/TX/camelyon16_project/data/review/hard_positive_iter2/tumor_010/tumor_010_overview.png,,,
tumor_010,14,edge_high_prob,0.9998327493667603,42624,170240,/Volumes/TX/camelyon16_project/data/review/hard_positive_iter2/tumor_010/tumor_010_hp14_edge_high_prob_prob1.000_x42624_y170240.png,/Volumes/TX/camelyon16_project/data/review/hard_positive_iter2/tumor_010/tumor_010_hard_positive_contact_sheet.png,/Volumes/TX/camelyon16_project/data/review/hard_positive_iter2/tumor_010/tumor_010_overview.png,,,
tumor_010,15,edge_high_prob,0.9999078512191772,72576,110720,/Volumes/TX/camelyon16_project/data/review/hard_positive_iter2/tumor_010/tumor_010_hp15_edge_high_prob_prob1.000_x72576_y110720.png,/Volumes/TX/camelyon16_project/data/review/hard_positive_iter2/tumor_010/tumor_010_hard_positive_contact_sheet.png,/Volumes/TX/camelyon16_project/data/review/hard_positive_iter2/tumor_010/tumor_010_overview.png,,,
tumor_010,16,edge_high_prob,0.9999616146087646,42496,169472,/Volumes/TX/camelyon16_project/data/review/hard_positive_iter2/tumor_010/tumor_010_hp16_edge_high_prob_prob1.000_x42496_y169472.png,/Volumes/TX/camelyon16_project/data/review/hard_positive_iter2/tumor_010/tumor_010_hard_positive_contact_sheet.png,/Volumes/TX/camelyon16_project/data/review/hard_positive_iter2/tumor_010/tumor_010_overview.png,,,
tumor_010,17,edge_high_prob,0.9999908208847046,36352,117760,/Volumes/TX/camelyon16_project/data/review/hard_positive_iter2/tumor_010/tumor_010_hp17_edge_high_prob_prob1.000_x36352_y117760.png,/Volumes/TX/camelyon16_project/data/review/hard_positive_iter2/tumor_010/tumor_010_hard_positive_contact_sheet.png,/Volumes/TX/camelyon16_project/data/review/hard_positive_iter2/tumor_010/tumor_010_overview.png,,,
tumor_010,18,edge_high_prob,0.9999977350234985,42496,169728,/Volumes/TX/camelyon16_project/data/review/hard_positive_iter2/tumor_010/tumor_010_hp18_edge_high_prob_prob1.000_x42496_y169728.png,/Volumes/TX/camelyon16_project/data/review/hard_positive_iter2/tumor_010/tumor_010_hard_positive_contact_sheet.png,/Volumes/TX/camelyon16_project/data/review/hard_positive_iter2/tumor_010/tumor_010_overview.png,,,
tumor_010,19,edge_high_prob,0.9999985694885254,42496,169984,/Volumes/TX/camelyon16_project/data/review/hard_positive_iter2/tumor_010/tumor_010_hp19_edge_high_prob_prob1.000_x42496_y169984.png,/Volumes/TX/camelyon16_project/data/review/hard_positive_iter2/tumor_010/tumor_010_hard_positive_contact_sheet.png,/Volumes/TX/camelyon16_project/data/review/hard_positive_iter2/tumor_010/tumor_010_overview.png,,,
tumor_010,20,edge_high_prob,0.9999990463256836,42240,169344,/Volumes/TX/camelyon16_project/data/review/hard_positive_iter2/tumor_010/tumor_010_hp20_edge_high_prob_prob1.000_x42240_y169344.png,/Volumes/TX/camelyon16_project/data/review/hard_positive_iter2/tumor_010/tumor_010_hard_positive_contact_sheet.png,/Volumes/TX/camelyon16_project/data/review/hard_positive_iter2/tumor_010/tumor_010_overview.png,,,
tumor_010,21,edge_high_prob,0.9999997615814209,42496,169856,/Volumes/TX/camelyon16_project/data/review/hard_positive_iter2/tumor_010/tumor_010_hp21_edge_high_prob_prob1.000_x42496_y169856.png,/Volumes/TX/camelyon16_project/data/review/hard_positive_iter2/tumor_010/tumor_010_hard_positive_contact_sheet.png,/Volumes/TX/camelyon16_project/data/review/hard_positive_iter2/tumor_010/tumor_010_overview.png,,,
tumor_010,22,edge_high_prob,0.9999998807907104,42240,169472,/Volumes/TX/camelyon16_project/data/review/hard_positive_iter2/tumor_010/tumor_010_hp22_edge_high_prob_prob1.000_x42240_y169472.png,/Volumes/TX/camelyon16_project/data/review/hard_positive_iter2/tumor_010/tumor_010_hard_positive_contact_sheet.png,/Volumes/TX/camelyon16_project/data/review/hard_positive_iter2/tumor_010/tumor_010_overview.png,,,
tumor_010,23,edge_high_prob,1.0,42368,169344,/Volumes/TX/camelyon16_project/data/review/hard_positive_iter2/tumor_010/tumor_010_hp23_edge_high_prob_prob1.000_x42368_y169344.png,/Volumes/TX/camelyon16_project/data/review/hard_positive_iter2/tumor_010/tumor_010_hard_positive_contact_sheet.png,/Volumes/TX/camelyon16_project/data/review/hard_positive_iter2/tumor_010/tumor_010_overview.png,,,
tumor_010,24,edge_high_prob,1.0,42368,169472,/Volumes/TX/camelyon16_project/data/review/hard_positive_iter2/tumor_010/tumor_010_hp24_edge_high_prob_prob1.000_x42368_y169472.png,/Volumes/TX/camelyon16_project/data/review/hard_positive_iter2/tumor_010/tumor_010_hard_positive_contact_sheet.png,/Volumes/TX/camelyon16_project/data/review/hard_positive_iter2/tumor_010/tumor_010_overview.png,,,
