slide_id,component_id,decision,review_category,patch_path,prob_iter2,prob_iter4,delta_iter4_minus_iter2,notes
normal_004,1,no,benign_lumen_or_detached_fragment,/Volumes/TX/camelyon16_project/data/review/micro_fp_iter2/normal_004/component_01/normal_004_c01_p01_prob0.999_x25088_y74368.png,0.9989631175994873,0.7871197462081909,-0.2118433713912964,Zone avec lumiere possible vaisseau ou fragment detache; aspect normal sans doute.
normal_004,1,no,benign_lumen_or_detached_fragment,/Volumes/TX/camelyon16_project/data/review/micro_fp_iter2/normal_004/component_01/normal_004_c01_p02_prob0.996_x25216_y74368.png,0.9956690073013306,0.6844505667686462,-0.3112184405326843,Zone avec lumiere possible vaisseau ou fragment detache; aspect normal sans doute.
normal_005,1,no,benign_macrophage_crush,/Volumes/TX/camelyon16_project/data/review/micro_fp_iter2/normal_005/component_01/normal_005_c01_p01_prob1.000_x74624_y159232.png,0.9997621178627014,0.8503117561340332,-0.1494503617286682,Grand macrophage et quelques lymphocytes probablement ecrases; pas de doute.
normal_005,1,no,benign_macrophage_crush,/Volumes/TX/camelyon16_project/data/review/micro_fp_iter2/normal_005/component_01/normal_005_c01_p02_prob0.997_x74752_y159232.png,0.9969258904457092,0.7161396741867065,-0.2807862162590027,Grand macrophage et quelques lymphocytes probablement ecrases; pas de doute.
normal_006,1,yes,suspicious_single_cell_artifact,/Volumes/TX/camelyon16_project/data/review/micro_fp_iter2/normal_006/component_01/normal_006_c01_p01_prob1.000_x60032_y30080.png,0.9999808073043823,0.004797657020390034,-0.9951831502839923,Cellule dans cytoplasme clarifie ou cavite artefactuelle; suspect mais une seule cellule; interessant comme hard negative.
normal_006,1,yes,suspicious_single_cell_artifact,/Volumes/TX/camelyon16_project/data/review/micro_fp_iter2/normal_006/component_01/normal_006_c01_p02_prob1.000_x60032_y29952.png,0.9998235106468201,0.017661629244685173,-0.9821618814021349,Cellule dans cytoplasme clarifie ou cavite artefactuelle; suspect mais une seule cellule; interessant comme hard negative.
normal_006,1,yes,suspicious_single_cell_artifact,/Volumes/TX/camelyon16_project/data/review/micro_fp_iter2/normal_006/component_01/normal_006_c01_p03_prob0.999_x60160_y30080.png,0.999479353427887,0.09165799617767334,-0.9078213572502136,Cellule dans cytoplasme clarifie ou cavite artefactuelle; suspect mais une seule cellule; interessant comme hard negative.
normal_006,1,yes,suspicious_single_cell_artifact,/Volumes/TX/camelyon16_project/data/review/micro_fp_iter2/normal_006/component_01/normal_006_c01_p04_prob0.999_x60160_y29952.png,0.9993571639060974,0.019985349848866463,-0.979371814057231,Cellule dans cytoplasme clarifie ou cavite artefactuelle; suspect mais une seule cellule; interessant comme hard negative.
normal_007,1,no,benign_fibrous_extraganglionic,/Volumes/TX/camelyon16_project/data/review/micro_fp_iter2/normal_007/component_01/normal_007_c01_p01_prob1.000_x55168_y129280.png,0.9999586343765259,0.9999804496765137,2.181529998779297e-05,Zone fibreuse hors ganglion probablement travee de tissu adipeux a distance; peu interessant.
normal_007,1,no,benign_fibrous_extraganglionic,/Volumes/TX/camelyon16_project/data/review/micro_fp_iter2/normal_007/component_01/normal_007_c01_p02_prob1.000_x55168_y129152.png,0.9998511075973511,0.998060405254364,-0.0017907023429870605,Zone fibreuse hors ganglion probablement travee de tissu adipeux a distance; peu interessant.
normal_007,1,no,benign_fibrous_extraganglionic,/Volumes/TX/camelyon16_project/data/review/micro_fp_iter2/normal_007/component_01/normal_007_c01_p03_prob1.000_x55296_y129280.png,0.999848484992981,0.9999663829803467,0.00011789798736572266,Zone fibreuse hors ganglion probablement travee de tissu adipeux a distance; peu interessant.
normal_007,1,no,benign_fibrous_extraganglionic,/Volumes/TX/camelyon16_project/data/review/micro_fp_iter2/normal_007/component_01/normal_007_c01_p04_prob1.000_x55168_y129408.png,0.9997956156730652,0.999552309513092,-0.00024330615997314453,Zone fibreuse hors ganglion probablement travee de tissu adipeux a distance; peu interessant.
normal_007,1,no,benign_fibrous_extraganglionic,/Volumes/TX/camelyon16_project/data/review/micro_fp_iter2/normal_007/component_01/normal_007_c01_p05_prob0.999_x55296_y129408.png,0.9988717436790466,0.9998328685760498,0.0009611248970031738,Zone fibreuse hors ganglion probablement travee de tissu adipeux a distance; peu interessant.
normal_007,1,no,benign_fibrous_extraganglionic,/Volumes/TX/camelyon16_project/data/review/micro_fp_iter2/normal_007/component_01/normal_007_c01_p06_prob0.995_x55168_y129536.png,0.9952680468559265,0.9996285438537598,0.004360496997833252,Zone fibreuse hors ganglion probablement travee de tissu adipeux a distance; peu interessant.
normal_007,1,no,benign_fibrous_extraganglionic,/Volumes/TX/camelyon16_project/data/review/micro_fp_iter2/normal_007/component_01/normal_007_c01_p07_prob0.991_x55040_y129152.png,0.9907982349395752,0.9977418184280396,0.0069435834884643555,Zone fibreuse hors ganglion probablement travee de tissu adipeux a distance; peu interessant.
normal_008,1,no,benign_lymphocytes_macrophages,/Volumes/TX/camelyon16_project/data/review/micro_fp_iter2/normal_008/component_01/normal_008_c01_p01_prob1.000_x27136_y126720.png,0.9998903274536133,0.9916216135025024,-0.00826871395111084,Lymphocytes et macrophages sans probleme particulier.
normal_008,1,no,benign_lymphocytes_macrophages,/Volumes/TX/camelyon16_project/data/review/micro_fp_iter2/normal_008/component_01/normal_008_c01_p02_prob1.000_x26880_y126592.png,0.9995705485343933,0.9943830966949463,-0.0051874518394470215,Lymphocytes et macrophages sans probleme particulier.
normal_008,1,no,benign_lymphocytes_macrophages,/Volumes/TX/camelyon16_project/data/review/micro_fp_iter2/normal_008/component_01/normal_008_c01_p03_prob0.999_x27392_y126848.png,0.9993351101875305,0.9985978007316589,-0.000737309455871582,Lymphocytes et macrophages sans probleme particulier.
normal_008,1,no,benign_lymphocytes_macrophages,/Volumes/TX/camelyon16_project/data/review/micro_fp_iter2/normal_008/component_01/normal_008_c01_p04_prob0.999_x27008_y126592.png,0.9992167949676514,0.9334987998008728,-0.06571799516677856,Lymphocytes et macrophages sans probleme particulier.
normal_008,1,no,benign_lymphocytes_macrophages,/Volumes/TX/camelyon16_project/data/review/micro_fp_iter2/normal_008/component_01/normal_008_c01_p05_prob0.997_x27264_y126720.png,0.9974666833877563,0.99367356300354,-0.0037931203842163086,Lymphocytes et macrophages sans probleme particulier.
normal_008,1,no,benign_lymphocytes_macrophages,/Volumes/TX/camelyon16_project/data/review/micro_fp_iter2/normal_008/component_01/normal_008_c01_p06_prob0.992_x26752_y126592.png,0.9923765063285828,0.6289679408073425,-0.36340856552124023,Lymphocytes et macrophages sans probleme particulier.
normal_009,1,maybe,benign_unusual_fibrous_macrophages,/Volumes/TX/camelyon16_project/data/review/micro_fp_iter2/normal_009/component_01/normal_009_c01_p01_prob0.996_x78208_y129664.png,0.9964274764060974,0.8822259902954102,-0.11420148611068726,Tissu fibreux avec macrophages tout a fait benin; representation un peu inhabituelle.
normal_009,1,maybe,benign_unusual_fibrous_macrophages,/Volumes/TX/camelyon16_project/data/review/micro_fp_iter2/normal_009/component_01/normal_009_c01_p02_prob0.994_x78336_y129792.png,0.9935750365257263,0.9569562077522278,-0.036618828773498535,Tissu fibreux avec macrophages tout a fait benin; representation un peu inhabituelle.
normal_009,1,maybe,benign_unusual_fibrous_macrophages,/Volumes/TX/camelyon16_project/data/review/micro_fp_iter2/normal_009/component_01/normal_009_c01_p03_prob0.993_x78336_y129664.png,0.9929807186126709,0.984538197517395,-0.008442521095275879,Tissu fibreux avec macrophages tout a fait benin; representation un peu inhabituelle.
normal_009,2,yes,suspicious_probably_macrophagic,/Volumes/TX/camelyon16_project/data/review/micro_fp_iter2/normal_009/component_02/normal_009_c02_p01_prob0.997_x70400_y121216.png,0.99674391746521,0.02243470959365368,-0.9743092078715563,Amas de cellules un peu suspect mais vraisemblablement macrophagique; interessant comme hard negative.
normal_009,2,yes,suspicious_probably_macrophagic,/Volumes/TX/camelyon16_project/data/review/micro_fp_iter2/normal_009/component_02/normal_009_c02_p02_prob0.992_x70272_y121216.png,0.9924929738044739,0.003398152533918619,-0.9890948212705553,Amas de cellules un peu suspect mais vraisemblablement macrophagique; interessant comme hard negative.
normal_010,1,maybe,benign_fibrous_or_coagulative_necrosis,/Volumes/TX/camelyon16_project/data/review/micro_fp_iter2/normal_010/component_01/normal_010_c01_p01_prob0.998_x71552_y151040.png,0.9978070855140686,0.9576143622398376,-0.04019272327423096,Plage un peu fibreuse ou necrose de coagulation non classique mais benigne.
normal_010,1,maybe,benign_fibrous_or_coagulative_necrosis,/Volumes/TX/camelyon16_project/data/review/micro_fp_iter2/normal_010/component_01/normal_010_c01_p02_prob0.993_x71424_y151040.png,0.9933220744132996,0.9803820848464966,-0.012939989566802979,Plage un peu fibreuse ou necrose de coagulation non classique mais benigne.
normal_010,1,maybe,benign_fibrous_or_coagulative_necrosis,/Volumes/TX/camelyon16_project/data/review/micro_fp_iter2/normal_010/component_01/normal_010_c01_p03_prob0.993_x71680_y151040.png,0.9932090640068054,0.965193510055542,-0.028015553951263428,Plage un peu fibreuse ou necrose de coagulation non classique mais benigne.
normal_010,1,maybe,benign_fibrous_or_coagulative_necrosis,/Volumes/TX/camelyon16_project/data/review/micro_fp_iter2/normal_010/component_01/normal_010_c01_p04_prob0.992_x71424_y150912.png,0.9918147921562195,0.9234721064567566,-0.06834268569946289,Plage un peu fibreuse ou necrose de coagulation non classique mais benigne.
normal_010,2,maybe,benign_fibrous_or_coagulative_necrosis,/Volumes/TX/camelyon16_project/data/review/micro_fp_iter2/normal_010/component_02/normal_010_c02_p01_prob0.995_x71552_y147968.png,0.9954752326011658,0.4492650032043457,-0.5462102293968201,Plage un peu fibreuse ou necrose de coagulation non classique mais benigne.
normal_010,2,maybe,benign_fibrous_or_coagulative_necrosis,/Volumes/TX/camelyon16_project/data/review/micro_fp_iter2/normal_010/component_02/normal_010_c02_p02_prob0.991_x71424_y147968.png,0.9909985065460205,0.5098364949226379,-0.48116201162338257,Plage un peu fibreuse ou necrose de coagulation non classique mais benigne.
normal_010,2,maybe,benign_fibrous_or_coagulative_necrosis,/Volumes/TX/camelyon16_project/data/review/micro_fp_iter2/normal_010/component_02/normal_010_c02_p03_prob0.990_x71552_y148096.png,0.9900103211402893,0.8968914747238159,-0.09311884641647339,Plage un peu fibreuse ou necrose de coagulation non classique mais benigne.
normal_010,3,maybe,benign_fibrous_or_coagulative_necrosis,/Volumes/TX/camelyon16_project/data/review/micro_fp_iter2/normal_010/component_03/normal_010_c03_p01_prob1.000_x71168_y152704.png,0.9999960660934448,0.9982190728187561,-0.0017769932746887207,Plage un peu fibreuse ou necrose de coagulation non classique mais benigne.
normal_010,3,maybe,benign_fibrous_or_coagulative_necrosis,/Volumes/TX/camelyon16_project/data/review/micro_fp_iter2/normal_010/component_03/normal_010_c03_p02_prob0.999_x71296_y152704.png,0.9993982315063477,0.982611358165741,-0.01678687334060669,Plage un peu fibreuse ou necrose de coagulation non classique mais benigne.
normal_010,4,maybe,benign_fibrous_or_coagulative_necrosis,/Volumes/TX/camelyon16_project/data/review/micro_fp_iter2/normal_010/component_04/normal_010_c04_p01_prob0.991_x68992_y139904.png,0.9911523461341858,0.9880779385566711,-0.0030744075775146484,Plage un peu fibreuse ou necrose de coagulation non classique mais benigne.
normal_010,4,maybe,benign_fibrous_or_coagulative_necrosis,/Volumes/TX/camelyon16_project/data/review/micro_fp_iter2/normal_010/component_04/normal_010_c04_p02_prob0.990_x68992_y140032.png,0.9901219010353088,0.9887836575508118,-0.0013382434844970703,Plage un peu fibreuse ou necrose de coagulation non classique mais benigne.
