slide_id,component_id,n_patches,max_prob,mean_prob,top_x,top_y,contact_sheet,overview,review_category,include_as_hard_negative,notes,binary_label,morphology_category,difficulty_type,reviewed_image,sorted_path
normal_033,1,55,0.9905698299407959,0.8289005387913096,44032,143360,images/normal_033/normal_033_c1_normal_033_component_01_contact_sheet.png,overviews/normal_033/normal_033_c1_normal_033_overview.png,outside_node_adipose,yes,,normal,outside_node_adipose,hard_negative,images\normal_033\normal_033_c1_normal_033_component_01_contact_sheet.png,review_sorted_junior\outside_node_adipose\slide_id=normal_033_component_id=1_normal_033_c1_normal_033_component_01_contact_sheet.png
normal_034,1,425,0.9998586177825928,0.8292060958637911,47488,88320,images/normal_034/normal_034_c1_normal_034_component_01_contact_sheet.png,overviews/normal_034/normal_034_c1_normal_034_overview.png,macrophage_histiocyte,yes,,normal,macrophage_histiocyte,hard_negative,images\normal_034\normal_034_c1_normal_034_component_01_contact_sheet.png,review_sorted_junior\macrophage_histiocyte\slide_id=normal_034_component_id=1_normal_034_c1_normal_034_component_01_contact_sheet.png
normal_034,2,319,0.9991983771324158,0.8340352343915024,68608,86528,images/normal_034/normal_034_c2_normal_034_component_02_contact_sheet.png,overviews/normal_034/normal_034_c1_normal_034_overview.png,outside_node_adipose,yes,,normal,outside_node_adipose,hard_negative,images\normal_034\normal_034_c2_normal_034_component_02_contact_sheet.png,review_sorted_junior\outside_node_adipose\slide_id=normal_034_component_id=2_normal_034_c2_normal_034_component_02_contact_sheet.png
normal_034,3,290,0.999687671661377,0.8249545428259619,52608,75008,images/normal_034/normal_034_c3_normal_034_component_03_contact_sheet.png,overviews/normal_034/normal_034_c1_normal_034_overview.png,vessel_lumen,yes,,normal,vessel_lumen,hard_negative,images\normal_034\normal_034_c3_normal_034_component_03_contact_sheet.png,review_sorted_junior\vessel_lumen\slide_id=normal_034_component_id=3_normal_034_c3_normal_034_component_03_contact_sheet.png
normal_034,4,251,0.9987601041793823,0.8027922812686024,66432,84096,images/normal_034/normal_034_c4_normal_034_component_04_contact_sheet.png,overviews/normal_034/normal_034_c1_normal_034_overview.png,fibrosis_stroma_benign,yes,,normal,fibrosis_stroma_benign,hard_negative,images\normal_034\normal_034_c4_normal_034_component_04_contact_sheet.png,review_sorted_junior\fibrosis_stroma_benign\slide_id=normal_034_component_id=4_normal_034_c4_normal_034_component_04_contact_sheet.png
normal_034,5,156,0.9989473223686218,0.8125251069282874,51456,66048,images/normal_034/normal_034_c5_normal_034_component_05_contact_sheet.png,overviews/normal_034/normal_034_c1_normal_034_overview.png,vessel_lumen,yes,,normal,vessel_lumen,hard_negative,images\normal_034\normal_034_c5_normal_034_component_05_contact_sheet.png,review_sorted_junior\vessel_lumen\slide_id=normal_034_component_id=5_normal_034_c5_normal_034_component_05_contact_sheet.png
normal_034,6,123,0.9986502528190613,0.818289564392431,76288,127360,images/normal_034/normal_034_c6_normal_034_component_06_contact_sheet.png,overviews/normal_034/normal_034_c1_normal_034_overview.png,vessel_lumen,yes,,normal,vessel_lumen,hard_negative,images\normal_034\normal_034_c6_normal_034_component_06_contact_sheet.png,review_sorted_junior\vessel_lumen\slide_id=normal_034_component_id=6_normal_034_c6_normal_034_component_06_contact_sheet.png
normal_034,7,110,0.9987781643867493,0.8210633857683702,60928,75392,images/normal_034/normal_034_c7_normal_034_component_07_contact_sheet.png,overviews/normal_034/normal_034_c1_normal_034_overview.png,vessel_lumen,yes,,normal,vessel_lumen,hard_negative,images\normal_034\normal_034_c7_normal_034_component_07_contact_sheet.png,review_sorted_junior\vessel_lumen\slide_id=normal_034_component_id=7_normal_034_c7_normal_034_component_07_contact_sheet.png
normal_034,8,87,0.9993360638618469,0.7723269853098639,56960,72960,images/normal_034/normal_034_c8_normal_034_component_08_contact_sheet.png,overviews/normal_034/normal_034_c1_normal_034_overview.png,outside_node_adipose,yes,,normal,outside_node_adipose,hard_negative,images\normal_034\normal_034_c8_normal_034_component_08_contact_sheet.png,review_sorted_junior\outside_node_adipose\slide_id=normal_034_component_id=8_normal_034_c8_normal_034_component_08_contact_sheet.png
normal_034,9,84,0.9996918439865112,0.8512950397673107,61184,84480,images/normal_034/normal_034_c9_normal_034_component_09_contact_sheet.png,overviews/normal_034/normal_034_c1_normal_034_overview.png,vessel_lumen,yes,,normal,vessel_lumen,hard_negative,images\normal_034\normal_034_c9_normal_034_component_09_contact_sheet.png,review_sorted_junior\vessel_lumen\slide_id=normal_034_component_id=9_normal_034_c9_normal_034_component_09_contact_sheet.png
normal_034,10,78,0.9992539286613464,0.8157988037818518,49536,79744,images/normal_034/normal_034_c10_normal_034_component_10_contact_sheet.png,overviews/normal_034/normal_034_c1_normal_034_overview.png,vessel_lumen,yes,,normal,vessel_lumen,hard_negative,images\normal_034\normal_034_c10_normal_034_component_10_contact_sheet.png,review_sorted_junior\vessel_lumen\slide_id=normal_034_component_id=10_normal_034_c10_normal_034_component_10_contact_sheet.png
normal_034,11,70,0.9930351972579956,0.7283869530473437,72192,98560,images/normal_034/normal_034_c11_normal_034_component_11_contact_sheet.png,overviews/normal_034/normal_034_c1_normal_034_overview.png,outside_node_adipose,yes,,normal,outside_node_adipose,hard_negative,images\normal_034\normal_034_c11_normal_034_component_11_contact_sheet.png,review_sorted_junior\outside_node_adipose\slide_id=normal_034_component_id=11_normal_034_c11_normal_034_component_11_contact_sheet.png
normal_034,12,68,0.9995495676994324,0.8320262397036833,70400,83456,images/normal_034/normal_034_c12_normal_034_component_12_contact_sheet.png,overviews/normal_034/normal_034_c1_normal_034_overview.png,vessel_lumen,yes,,normal,vessel_lumen,hard_negative,images\normal_034\normal_034_c12_normal_034_component_12_contact_sheet.png,review_sorted_junior\vessel_lumen\slide_id=normal_034_component_id=12_normal_034_c12_normal_034_component_12_contact_sheet.png
normal_034,13,65,0.9991297125816345,0.7851709475884071,63104,84864,images/normal_034/normal_034_c13_normal_034_component_13_contact_sheet.png,overviews/normal_034/normal_034_c1_normal_034_overview.png,fibrosis_stroma_benign,yes,,normal,fibrosis_stroma_benign,hard_negative,images\normal_034\normal_034_c13_normal_034_component_13_contact_sheet.png,review_sorted_junior\fibrosis_stroma_benign\slide_id=normal_034_component_id=13_normal_034_c13_normal_034_component_13_contact_sheet.png
normal_034,14,63,0.9933516383171082,0.7937248159968664,60672,86400,images/normal_034/normal_034_c14_normal_034_component_14_contact_sheet.png,overviews/normal_034/normal_034_c1_normal_034_overview.png,vessel_lumen,yes,,normal,vessel_lumen,hard_negative,images\normal_034\normal_034_c14_normal_034_component_14_contact_sheet.png,review_sorted_junior\vessel_lumen\slide_id=normal_034_component_id=14_normal_034_c14_normal_034_component_14_contact_sheet.png
normal_034,15,54,0.9994207620620728,0.8203705990756,62848,146176,images/normal_034/normal_034_c15_normal_034_component_15_contact_sheet.png,overviews/normal_034/normal_034_c1_normal_034_overview.png,fibrosis_stroma_benign,yes,,normal,fibrosis_stroma_benign,hard_negative,images\normal_034\normal_034_c15_normal_034_component_15_contact_sheet.png,review_sorted_junior\fibrosis_stroma_benign\slide_id=normal_034_component_id=15_normal_034_c15_normal_034_component_15_contact_sheet.png
normal_034,16,46,0.9598707556724548,0.6756430294202722,67072,88832,images/normal_034/normal_034_c16_normal_034_component_16_contact_sheet.png,overviews/normal_034/normal_034_c1_normal_034_overview.png,macrophage_histiocyte,yes,,normal,macrophage_histiocyte,hard_negative,images\normal_034\normal_034_c16_normal_034_component_16_contact_sheet.png,review_sorted_junior\macrophage_histiocyte\slide_id=normal_034_component_id=16_normal_034_c16_normal_034_component_16_contact_sheet.png
normal_034,17,45,0.9959937334060669,0.842787872420417,7552,74112,images/normal_034/normal_034_c17_normal_034_component_17_contact_sheet.png,overviews/normal_034/normal_034_c1_normal_034_overview.png,fibrosis_stroma_benign,yes,,normal,fibrosis_stroma_benign,hard_negative,images\normal_034\normal_034_c17_normal_034_component_17_contact_sheet.png,review_sorted_junior\fibrosis_stroma_benign\slide_id=normal_034_component_id=17_normal_034_c17_normal_034_component_17_contact_sheet.png
normal_034,18,45,0.9935232400894165,0.8362400915887621,60672,126720,images/normal_034/normal_034_c18_normal_034_component_18_contact_sheet.png,overviews/normal_034/normal_034_c1_normal_034_overview.png,vessel_lumen,yes,,normal,vessel_lumen,hard_negative,images\normal_034\normal_034_c18_normal_034_component_18_contact_sheet.png,review_sorted_junior\vessel_lumen\slide_id=normal_034_component_id=18_normal_034_c18_normal_034_component_18_contact_sheet.png
normal_034,19,40,0.9996696710586548,0.883095608651638,21760,115072,images/normal_034/normal_034_c19_normal_034_component_19_contact_sheet.png,overviews/normal_034/normal_034_c1_normal_034_overview.png,vessel_lumen,yes,,normal,vessel_lumen,hard_negative,images\normal_034\normal_034_c19_normal_034_component_19_contact_sheet.png,review_sorted_junior\vessel_lumen\slide_id=normal_034_component_id=19_normal_034_c19_normal_034_component_19_contact_sheet.png
normal_036,1,45,0.9966379404067993,0.7835140029589335,57728,119936,images/normal_036/normal_036_c1_normal_036_component_01_contact_sheet.png,overviews/normal_036/normal_036_c1_normal_036_overview.png,vessel_lumen,yes,,normal,vessel_lumen,hard_negative,images\normal_036\normal_036_c1_normal_036_component_01_contact_sheet.png,review_sorted_junior\vessel_lumen\slide_id=normal_036_component_id=1_normal_036_c1_normal_036_component_01_contact_sheet.png
normal_037,1,161,0.9997257590293884,0.8042716868915913,24832,156800,images/normal_037/normal_037_c1_normal_037_component_01_contact_sheet.png,overviews/normal_037/normal_037_c1_normal_037_overview.png,vessel_lumen,yes,,normal,vessel_lumen,hard_negative,images\normal_037\normal_037_c1_normal_037_component_01_contact_sheet.png,review_sorted_junior\vessel_lumen\slide_id=normal_037_component_id=1_normal_037_c1_normal_037_component_01_contact_sheet.png
normal_037,2,136,0.9975273013114929,0.8037434790064307,46080,182144,images/normal_037/normal_037_c2_normal_037_component_02_contact_sheet.png,overviews/normal_037/normal_037_c1_normal_037_overview.png,sinus_histiocytosis,yes,,normal,sinus_histiocytosis,hard_negative,images\normal_037\normal_037_c2_normal_037_component_02_contact_sheet.png,review_sorted_junior\sinus_histiocytosis\slide_id=normal_037_component_id=2_normal_037_c2_normal_037_component_02_contact_sheet.png
normal_037,3,95,0.9999642372131348,0.8261908167286923,21760,161920,images/normal_037/normal_037_c3_normal_037_component_03_contact_sheet.png,overviews/normal_037/normal_037_c1_normal_037_overview.png,sinus_histiocytosis,yes,,normal,sinus_histiocytosis,hard_negative,images\normal_037\normal_037_c3_normal_037_component_03_contact_sheet.png,review_sorted_junior\sinus_histiocytosis\slide_id=normal_037_component_id=3_normal_037_c3_normal_037_component_03_contact_sheet.png
normal_037,4,76,0.9995934367179871,0.8142493406408712,27392,172928,images/normal_037/normal_037_c4_normal_037_component_04_contact_sheet.png,overviews/normal_037/normal_037_c1_normal_037_overview.png,vessel_lumen,yes,,normal,vessel_lumen,hard_negative,images\normal_037\normal_037_c4_normal_037_component_04_contact_sheet.png,review_sorted_junior\vessel_lumen\slide_id=normal_037_component_id=4_normal_037_c4_normal_037_component_04_contact_sheet.png
normal_037,5,62,0.998482882976532,0.8092102773727909,57088,178560,images/normal_037/normal_037_c5_normal_037_component_05_contact_sheet.png,overviews/normal_037/normal_037_c1_normal_037_overview.png,vessel_lumen,yes,,normal,vessel_lumen,hard_negative,images\normal_037\normal_037_c5_normal_037_component_05_contact_sheet.png,review_sorted_junior\vessel_lumen\slide_id=normal_037_component_id=5_normal_037_c5_normal_037_component_05_contact_sheet.png
normal_037,6,62,0.9967595934867859,0.7859344982331798,29824,179072,images/normal_037/normal_037_c6_normal_037_component_06_contact_sheet.png,overviews/normal_037/normal_037_c1_normal_037_overview.png,vessel_lumen,yes,,normal,vessel_lumen,hard_negative,images\normal_037\normal_037_c6_normal_037_component_06_contact_sheet.png,review_sorted_junior\vessel_lumen\slide_id=normal_037_component_id=6_normal_037_c6_normal_037_component_06_contact_sheet.png
normal_037,7,60,0.9706412553787231,0.7741691509882609,38656,185728,images/normal_037/normal_037_c7_normal_037_component_07_contact_sheet.png,overviews/normal_037/normal_037_c1_normal_037_overview.png,vessel_lumen,yes,,normal,vessel_lumen,hard_negative,images\normal_037\normal_037_c7_normal_037_component_07_contact_sheet.png,review_sorted_junior\vessel_lumen\slide_id=normal_037_component_id=7_normal_037_c7_normal_037_component_07_contact_sheet.png
normal_037,8,58,0.9820978045463562,0.7492989527768102,37632,166016,images/normal_037/normal_037_c8_normal_037_component_08_contact_sheet.png,overviews/normal_037/normal_037_c1_normal_037_overview.png,vessel_lumen,yes,,normal,vessel_lumen,hard_negative,images\normal_037\normal_037_c8_normal_037_component_08_contact_sheet.png,review_sorted_junior\vessel_lumen\slide_id=normal_037_component_id=8_normal_037_c8_normal_037_component_08_contact_sheet.png
normal_037,9,53,0.9894463419914246,0.7997391550046093,24320,173440,images/normal_037/normal_037_c9_normal_037_component_09_contact_sheet.png,overviews/normal_037/normal_037_c1_normal_037_overview.png,fibrosis_stroma_benign,yes,,normal,fibrosis_stroma_benign,hard_negative,images\normal_037\normal_037_c9_normal_037_component_09_contact_sheet.png,review_sorted_junior\fibrosis_stroma_benign\slide_id=normal_037_component_id=9_normal_037_c9_normal_037_component_09_contact_sheet.png
normal_037,10,52,0.9941225647926331,0.7779212227234473,32384,175232,images/normal_037/normal_037_c10_normal_037_component_10_contact_sheet.png,overviews/normal_037/normal_037_c1_normal_037_overview.png,sinus_histiocytosis,yes,,normal,sinus_histiocytosis,hard_negative,images\normal_037\normal_037_c10_normal_037_component_10_contact_sheet.png,review_sorted_junior\sinus_histiocytosis\slide_id=normal_037_component_id=10_normal_037_c10_normal_037_component_10_contact_sheet.png
normal_037,11,51,0.9877591729164124,0.7949342061491573,50688,168832,images/normal_037/normal_037_c11_normal_037_component_11_contact_sheet.png,overviews/normal_037/normal_037_c1_normal_037_overview.png,vessel_lumen,yes,,normal,vessel_lumen,hard_negative,images\normal_037\normal_037_c11_normal_037_component_11_contact_sheet.png,review_sorted_junior\vessel_lumen\slide_id=normal_037_component_id=11_normal_037_c11_normal_037_component_11_contact_sheet.png
normal_037,12,50,0.9993415474891663,0.7847922313213348,52992,94976,images/normal_037/normal_037_c12_normal_037_component_12_contact_sheet.png,overviews/normal_037/normal_037_c1_normal_037_overview.png,vessel_lumen,yes,,normal,vessel_lumen,hard_negative,images\normal_037\normal_037_c12_normal_037_component_12_contact_sheet.png,review_sorted_junior\vessel_lumen\slide_id=normal_037_component_id=12_normal_037_c12_normal_037_component_12_contact_sheet.png
normal_037,13,43,0.9998855590820312,0.83496612449025,32512,163456,images/normal_037/normal_037_c13_normal_037_component_13_contact_sheet.png,overviews/normal_037/normal_037_c1_normal_037_overview.png,vessel_lumen,yes,,normal,vessel_lumen,hard_negative,images\normal_037\normal_037_c13_normal_037_component_13_contact_sheet.png,review_sorted_junior\vessel_lumen\slide_id=normal_037_component_id=13_normal_037_c13_normal_037_component_13_contact_sheet.png
normal_037,14,42,0.9981478452682495,0.790421609367643,33536,85504,images/normal_037/normal_037_c14_normal_037_component_14_contact_sheet.png,overviews/normal_037/normal_037_c1_normal_037_overview.png,vessel_lumen,yes,,normal,vessel_lumen,hard_negative,images\normal_037\normal_037_c14_normal_037_component_14_contact_sheet.png,review_sorted_junior\vessel_lumen\slide_id=normal_037_component_id=14_normal_037_c14_normal_037_component_14_contact_sheet.png
normal_037,15,42,0.9823028445243835,0.7549802334535689,45696,194304,images/normal_037/normal_037_c15_normal_037_component_15_contact_sheet.png,overviews/normal_037/normal_037_c1_normal_037_overview.png,vessel_lumen,yes,,normal,vessel_lumen,hard_negative,images\normal_037\normal_037_c15_normal_037_component_15_contact_sheet.png,review_sorted_junior\vessel_lumen\slide_id=normal_037_component_id=15_normal_037_c15_normal_037_component_15_contact_sheet.png
normal_037,16,40,0.997536301612854,0.7560993432998657,51456,165248,images/normal_037/normal_037_c16_normal_037_component_16_contact_sheet.png,overviews/normal_037/normal_037_c1_normal_037_overview.png,vessel_lumen,yes,,normal,vessel_lumen,hard_negative,images\normal_037\normal_037_c16_normal_037_component_16_contact_sheet.png,review_sorted_junior\vessel_lumen\slide_id=normal_037_component_id=16_normal_037_c16_normal_037_component_16_contact_sheet.png
