experiment,checkpoint,split,eval_dir,eval_normal,eval_tumor,threshold,accuracy,tumor_precision,tumor_recall,tumor_f1,tn,fp,fn,tp
baseline,E:\camelyon16_project\models\best_resnet18_patch_baseline.pt,val,E:\camelyon16_project\data\patches_base\val,189,29,0.5,0.9220183486238532,0.7,0.7241379310344828,0.711864406779661,180,9,8,21
baseline,E:\camelyon16_project\models\best_resnet18_patch_baseline.pt,val,E:\camelyon16_project\data\patches_base\val,189,29,0.3,0.926605504587156,0.696969696969697,0.7931034482758621,0.7419354838709677,179,10,6,23
baseline,E:\camelyon16_project\models\best_resnet18_patch_baseline.pt,val,E:\camelyon16_project\data\patches_base\val,189,29,0.2,0.926605504587156,0.6857142857142857,0.8275862068965517,0.75,178,11,5,24
baseline,E:\camelyon16_project\models\best_resnet18_patch_baseline.pt,val,E:\camelyon16_project\data\patches_base\val,189,29,0.1,0.9174311926605505,0.6486486486486487,0.8275862068965517,0.7272727272727273,176,13,5,24
baseline,E:\camelyon16_project\models\best_resnet18_patch_baseline.pt,test,E:\camelyon16_project\data\patches_base\test,170,10,0.5,0.9944444444444445,1.0,0.9,0.9473684210526315,170,0,1,9
baseline,E:\camelyon16_project\models\best_resnet18_patch_baseline.pt,test,E:\camelyon16_project\data\patches_base\test,170,10,0.3,0.9944444444444445,0.9090909090909091,1.0,0.9523809523809523,169,1,0,10
baseline,E:\camelyon16_project\models\best_resnet18_patch_baseline.pt,test,E:\camelyon16_project\data\patches_base\test,170,10,0.2,0.9888888888888889,0.8333333333333334,1.0,0.9090909090909091,168,2,0,10
baseline,E:\camelyon16_project\models\best_resnet18_patch_baseline.pt,test,E:\camelyon16_project\data\patches_base\test,170,10,0.1,0.9888888888888889,0.8333333333333334,1.0,0.9090909090909091,168,2,0,10
iter1,E:\camelyon16_project\models\best_resnet18_patch_iter1.pt,val,E:\camelyon16_project\data\patches_base\val,189,29,0.5,0.9908256880733946,1.0,0.9310344827586207,0.9642857142857143,189,0,2,27
iter1,E:\camelyon16_project\models\best_resnet18_patch_iter1.pt,val,E:\camelyon16_project\data\patches_base\val,189,29,0.3,0.9908256880733946,0.9655172413793104,0.9655172413793104,0.9655172413793104,188,1,1,28
iter1,E:\camelyon16_project\models\best_resnet18_patch_iter1.pt,val,E:\camelyon16_project\data\patches_base\val,189,29,0.2,0.9908256880733946,0.9655172413793104,0.9655172413793104,0.9655172413793104,188,1,1,28
iter1,E:\camelyon16_project\models\best_resnet18_patch_iter1.pt,val,E:\camelyon16_project\data\patches_base\val,189,29,0.1,0.9862385321100917,0.9333333333333333,0.9655172413793104,0.9491525423728814,187,2,1,28
iter1,E:\camelyon16_project\models\best_resnet18_patch_iter1.pt,test,E:\camelyon16_project\data\patches_base\test,170,10,0.5,0.9944444444444445,0.9090909090909091,1.0,0.9523809523809523,169,1,0,10
iter1,E:\camelyon16_project\models\best_resnet18_patch_iter1.pt,test,E:\camelyon16_project\data\patches_base\test,170,10,0.3,0.9944444444444445,0.9090909090909091,1.0,0.9523809523809523,169,1,0,10
iter1,E:\camelyon16_project\models\best_resnet18_patch_iter1.pt,test,E:\camelyon16_project\data\patches_base\test,170,10,0.2,0.9944444444444445,0.9090909090909091,1.0,0.9523809523809523,169,1,0,10
iter1,E:\camelyon16_project\models\best_resnet18_patch_iter1.pt,test,E:\camelyon16_project\data\patches_base\test,170,10,0.1,0.9944444444444445,0.9090909090909091,1.0,0.9523809523809523,169,1,0,10
iter2,E:\camelyon16_project\models\best_resnet18_patch_iter2.pt,val,E:\camelyon16_project\data\patches_base\val,189,29,0.5,0.9954128440366973,0.9666666666666667,1.0,0.9830508474576272,188,1,0,29
iter2,E:\camelyon16_project\models\best_resnet18_patch_iter2.pt,val,E:\camelyon16_project\data\patches_base\val,189,29,0.3,0.9862385321100917,0.90625,1.0,0.9508196721311475,186,3,0,29
iter2,E:\camelyon16_project\models\best_resnet18_patch_iter2.pt,val,E:\camelyon16_project\data\patches_base\val,189,29,0.2,0.9862385321100917,0.90625,1.0,0.9508196721311475,186,3,0,29
iter2,E:\camelyon16_project\models\best_resnet18_patch_iter2.pt,val,E:\camelyon16_project\data\patches_base\val,189,29,0.1,0.963302752293578,0.7837837837837838,1.0,0.8787878787878788,181,8,0,29
iter2,E:\camelyon16_project\models\best_resnet18_patch_iter2.pt,test,E:\camelyon16_project\data\patches_base\test,170,10,0.5,0.9944444444444445,0.9090909090909091,1.0,0.9523809523809523,169,1,0,10
iter2,E:\camelyon16_project\models\best_resnet18_patch_iter2.pt,test,E:\camelyon16_project\data\patches_base\test,170,10,0.3,0.9888888888888889,0.8333333333333334,1.0,0.9090909090909091,168,2,0,10
iter2,E:\camelyon16_project\models\best_resnet18_patch_iter2.pt,test,E:\camelyon16_project\data\patches_base\test,170,10,0.2,0.9833333333333333,0.7692307692307693,1.0,0.8695652173913043,167,3,0,10
iter2,E:\camelyon16_project\models\best_resnet18_patch_iter2.pt,test,E:\camelyon16_project\data\patches_base\test,170,10,0.1,0.9611111111111111,0.5882352941176471,1.0,0.7407407407407407,163,7,0,10
iter3,E:\camelyon16_project\models\best_resnet18_patch_iter3.pt,val,E:\camelyon16_project\data\patches_base\val,189,29,0.5,0.9908256880733946,0.9655172413793104,0.9655172413793104,0.9655172413793104,188,1,1,28
iter3,E:\camelyon16_project\models\best_resnet18_patch_iter3.pt,val,E:\camelyon16_project\data\patches_base\val,189,29,0.3,0.9862385321100917,0.9333333333333333,0.9655172413793104,0.9491525423728814,187,2,1,28
iter3,E:\camelyon16_project\models\best_resnet18_patch_iter3.pt,val,E:\camelyon16_project\data\patches_base\val,189,29,0.2,0.981651376146789,0.8787878787878788,1.0,0.9354838709677419,185,4,0,29
iter3,E:\camelyon16_project\models\best_resnet18_patch_iter3.pt,val,E:\camelyon16_project\data\patches_base\val,189,29,0.1,0.9724770642201835,0.8285714285714286,1.0,0.90625,183,6,0,29
iter3,E:\camelyon16_project\models\best_resnet18_patch_iter3.pt,test,E:\camelyon16_project\data\patches_base\test,170,10,0.5,0.9833333333333333,1.0,0.7,0.8235294117647058,170,0,3,7
iter3,E:\camelyon16_project\models\best_resnet18_patch_iter3.pt,test,E:\camelyon16_project\data\patches_base\test,170,10,0.3,0.9944444444444445,1.0,0.9,0.9473684210526315,170,0,1,9
iter3,E:\camelyon16_project\models\best_resnet18_patch_iter3.pt,test,E:\camelyon16_project\data\patches_base\test,170,10,0.2,0.9944444444444445,1.0,0.9,0.9473684210526315,170,0,1,9
iter3,E:\camelyon16_project\models\best_resnet18_patch_iter3.pt,test,E:\camelyon16_project\data\patches_base\test,170,10,0.1,0.9944444444444445,1.0,0.9,0.9473684210526315,170,0,1,9
iter4,E:\camelyon16_project\models\best_resnet18_patch_iter4.pt,val,E:\camelyon16_project\data\patches_base\val,189,29,0.5,0.9908256880733946,0.9354838709677419,1.0,0.9666666666666667,187,2,0,29
iter4,E:\camelyon16_project\models\best_resnet18_patch_iter4.pt,val,E:\camelyon16_project\data\patches_base\val,189,29,0.3,0.981651376146789,0.8787878787878788,1.0,0.9354838709677419,185,4,0,29
iter4,E:\camelyon16_project\models\best_resnet18_patch_iter4.pt,val,E:\camelyon16_project\data\patches_base\val,189,29,0.2,0.981651376146789,0.8787878787878788,1.0,0.9354838709677419,185,4,0,29
iter4,E:\camelyon16_project\models\best_resnet18_patch_iter4.pt,val,E:\camelyon16_project\data\patches_base\val,189,29,0.1,0.963302752293578,0.7837837837837838,1.0,0.8787878787878788,181,8,0,29
iter4,E:\camelyon16_project\models\best_resnet18_patch_iter4.pt,test,E:\camelyon16_project\data\patches_base\test,170,10,0.5,0.9944444444444445,0.9090909090909091,1.0,0.9523809523809523,169,1,0,10
iter4,E:\camelyon16_project\models\best_resnet18_patch_iter4.pt,test,E:\camelyon16_project\data\patches_base\test,170,10,0.3,0.9888888888888889,0.8333333333333334,1.0,0.9090909090909091,168,2,0,10
iter4,E:\camelyon16_project\models\best_resnet18_patch_iter4.pt,test,E:\camelyon16_project\data\patches_base\test,170,10,0.2,0.9833333333333333,0.7692307692307693,1.0,0.8695652173913043,167,3,0,10
iter4,E:\camelyon16_project\models\best_resnet18_patch_iter4.pt,test,E:\camelyon16_project\data\patches_base\test,170,10,0.1,0.9722222222222222,0.6666666666666666,1.0,0.8,165,5,0,10
iter5,E:\camelyon16_project\models\best_resnet18_patch_iter5.pt,val,E:\camelyon16_project\data\patches_base\val,189,29,0.5,0.981651376146789,0.8787878787878788,1.0,0.9354838709677419,185,4,0,29
iter5,E:\camelyon16_project\models\best_resnet18_patch_iter5.pt,val,E:\camelyon16_project\data\patches_base\val,189,29,0.3,0.9724770642201835,0.8285714285714286,1.0,0.90625,183,6,0,29
iter5,E:\camelyon16_project\models\best_resnet18_patch_iter5.pt,val,E:\camelyon16_project\data\patches_base\val,189,29,0.2,0.9403669724770642,0.6904761904761905,1.0,0.8169014084507042,176,13,0,29
iter5,E:\camelyon16_project\models\best_resnet18_patch_iter5.pt,val,E:\camelyon16_project\data\patches_base\val,189,29,0.1,0.8990825688073395,0.5686274509803921,1.0,0.725,167,22,0,29
iter5,E:\camelyon16_project\models\best_resnet18_patch_iter5.pt,test,E:\camelyon16_project\data\patches_base\test,170,10,0.5,0.9722222222222222,0.6923076923076923,0.9,0.782608695652174,166,4,1,9
iter5,E:\camelyon16_project\models\best_resnet18_patch_iter5.pt,test,E:\camelyon16_project\data\patches_base\test,170,10,0.3,0.9444444444444444,0.5,1.0,0.6666666666666666,160,10,0,10
iter5,E:\camelyon16_project\models\best_resnet18_patch_iter5.pt,test,E:\camelyon16_project\data\patches_base\test,170,10,0.2,0.9055555555555556,0.37037037037037035,1.0,0.5405405405405406,153,17,0,10
iter5,E:\camelyon16_project\models\best_resnet18_patch_iter5.pt,test,E:\camelyon16_project\data\patches_base\test,170,10,0.1,0.8666666666666667,0.29411764705882354,1.0,0.45454545454545453,146,24,0,10
