qslide_id,true_label,patch_threshold,min_component_size,max_prob,positive_patches,largest_component,pred_label
tumor_001,1,0.9,10,1.0,2824,1093,1
tumor_002,1,0.9,10,0.9999737739562988,287,10,1
tumor_003,1,0.9,10,1.0,824,306,1
tumor_004,1,0.9,10,0.9999897480010986,214,41,1
tumor_005,1,0.9,10,1.0,172,94,1
tumor_006,1,0.9,10,0.9999998807907104,1058,53,1
tumor_007,1,0.9,10,1.0,1266,103,1
tumor_008,1,0.9,10,0.9999934434890747,2088,186,1
tumor_009,1,0.9,10,0.9999998807907104,23237,8321,1
tumor_010,1,0.9,10,1.0,1689,76,1
normal_001,0,0.9,10,0.9982325434684753,25,7,0
normal_002,0,0.9,10,0.9969657063484192,63,7,0
normal_003,0,0.9,10,0.9980204105377197,76,4,0
normal_004,0,0.9,10,0.9992819428443909,50,4,0
normal_005,0,0.9,10,0.9997621178627014,67,8,0
normal_006,0,0.9,10,0.9999808073043823,49,7,0
normal_007,0,0.9,10,0.9999586343765259,41,12,1
normal_008,0,0.9,10,0.9998903274536133,78,16,1
normal_009,0,0.9,10,0.9968344569206238,95,5,0
normal_010,0,0.9,10,0.9999960660934448,76,12,1
tumor_001,1,0.9,20,1.0,2824,1093,1
tumor_002,1,0.9,20,0.9999737739562988,287,10,0
tumor_003,1,0.9,20,1.0,824,306,1
tumor_004,1,0.9,20,0.9999897480010986,214,41,1
tumor_005,1,0.9,20,1.0,172,94,1
tumor_006,1,0.9,20,0.9999998807907104,1058,53,1
tumor_007,1,0.9,20,1.0,1266,103,1
tumor_008,1,0.9,20,0.9999934434890747,2088,186,1
tumor_009,1,0.9,20,0.9999998807907104,23237,8321,1
tumor_010,1,0.9,20,1.0,1689,76,1
normal_001,0,0.9,20,0.9982325434684753,25,7,0
normal_002,0,0.9,20,0.9969657063484192,63,7,0
normal_003,0,0.9,20,0.9980204105377197,76,4,0
normal_004,0,0.9,20,0.9992819428443909,50,4,0
normal_005,0,0.9,20,0.9997621178627014,67,8,0
normal_006,0,0.9,20,0.9999808073043823,49,7,0
normal_007,0,0.9,20,0.9999586343765259,41,12,0
normal_008,0,0.9,20,0.9998903274536133,78,16,0
normal_009,0,0.9,20,0.9968344569206238,95,5,0
normal_010,0,0.9,20,0.9999960660934448,76,12,0
tumor_001,1,0.9,30,1.0,2824,1093,1
tumor_002,1,0.9,30,0.9999737739562988,287,10,0
tumor_003,1,0.9,30,1.0,824,306,1
tumor_004,1,0.9,30,0.9999897480010986,214,41,1
tumor_005,1,0.9,30,1.0,172,94,1
tumor_006,1,0.9,30,0.9999998807907104,1058,53,1
tumor_007,1,0.9,30,1.0,1266,103,1
tumor_008,1,0.9,30,0.9999934434890747,2088,186,1
tumor_009,1,0.9,30,0.9999998807907104,23237,8321,1
tumor_010,1,0.9,30,1.0,1689,76,1
normal_001,0,0.9,30,0.9982325434684753,25,7,0
normal_002,0,0.9,30,0.9969657063484192,63,7,0
normal_003,0,0.9,30,0.9980204105377197,76,4,0
normal_004,0,0.9,30,0.9992819428443909,50,4,0
normal_005,0,0.9,30,0.9997621178627014,67,8,0
normal_006,0,0.9,30,0.9999808073043823,49,7,0
normal_007,0,0.9,30,0.9999586343765259,41,12,0
normal_008,0,0.9,30,0.9998903274536133,78,16,0
normal_009,0,0.9,30,0.9968344569206238,95,5,0
normal_010,0,0.9,30,0.9999960660934448,76,12,0
tumor_001,1,0.9,40,1.0,2824,1093,1
tumor_002,1,0.9,40,0.9999737739562988,287,10,0
tumor_003,1,0.9,40,1.0,824,306,1
tumor_004,1,0.9,40,0.9999897480010986,214,41,1
tumor_005,1,0.9,40,1.0,172,94,1
tumor_006,1,0.9,40,0.9999998807907104,1058,53,1
tumor_007,1,0.9,40,1.0,1266,103,1
tumor_008,1,0.9,40,0.9999934434890747,2088,186,1
tumor_009,1,0.9,40,0.9999998807907104,23237,8321,1
tumor_010,1,0.9,40,1.0,1689,76,1
normal_001,0,0.9,40,0.9982325434684753,25,7,0
normal_002,0,0.9,40,0.9969657063484192,63,7,0
normal_003,0,0.9,40,0.9980204105377197,76,4,0
normal_004,0,0.9,40,0.9992819428443909,50,4,0
normal_005,0,0.9,40,0.9997621178627014,67,8,0
normal_006,0,0.9,40,0.9999808073043823,49,7,0
normal_007,0,0.9,40,0.9999586343765259,41,12,0
normal_008,0,0.9,40,0.9998903274536133,78,16,0
normal_009,0,0.9,40,0.9968344569206238,95,5,0
normal_010,0,0.9,40,0.9999960660934448,76,12,0
tumor_001,1,0.9,50,1.0,2824,1093,1
tumor_002,1,0.9,50,0.9999737739562988,287,10,0
tumor_003,1,0.9,50,1.0,824,306,1
tumor_004,1,0.9,50,0.9999897480010986,214,41,0
tumor_005,1,0.9,50,1.0,172,94,1
tumor_006,1,0.9,50,0.9999998807907104,1058,53,1
tumor_007,1,0.9,50,1.0,1266,103,1
tumor_008,1,0.9,50,0.9999934434890747,2088,186,1
tumor_009,1,0.9,50,0.9999998807907104,23237,8321,1
tumor_010,1,0.9,50,1.0,1689,76,1
normal_001,0,0.9,50,0.9982325434684753,25,7,0
normal_002,0,0.9,50,0.9969657063484192,63,7,0
normal_003,0,0.9,50,0.9980204105377197,76,4,0
normal_004,0,0.9,50,0.9992819428443909,50,4,0
normal_005,0,0.9,50,0.9997621178627014,67,8,0
normal_006,0,0.9,50,0.9999808073043823,49,7,0
normal_007,0,0.9,50,0.9999586343765259,41,12,0
normal_008,0,0.9,50,0.9998903274536133,78,16,0
normal_009,0,0.9,50,0.9968344569206238,95,5,0
normal_010,0,0.9,50,0.9999960660934448,76,12,0
tumor_001,1,0.9,75,1.0,2824,1093,1
tumor_002,1,0.9,75,0.9999737739562988,287,10,0
tumor_003,1,0.9,75,1.0,824,306,1
tumor_004,1,0.9,75,0.9999897480010986,214,41,0
tumor_005,1,0.9,75,1.0,172,94,1
tumor_006,1,0.9,75,0.9999998807907104,1058,53,0
tumor_007,1,0.9,75,1.0,1266,103,1
tumor_008,1,0.9,75,0.9999934434890747,2088,186,1
tumor_009,1,0.9,75,0.9999998807907104,23237,8321,1
tumor_010,1,0.9,75,1.0,1689,76,1
normal_001,0,0.9,75,0.9982325434684753,25,7,0
normal_002,0,0.9,75,0.9969657063484192,63,7,0
normal_003,0,0.9,75,0.9980204105377197,76,4,0
normal_004,0,0.9,75,0.9992819428443909,50,4,0
normal_005,0,0.9,75,0.9997621178627014,67,8,0
normal_006,0,0.9,75,0.9999808073043823,49,7,0
normal_007,0,0.9,75,0.9999586343765259,41,12,0
normal_008,0,0.9,75,0.9998903274536133,78,16,0
normal_009,0,0.9,75,0.9968344569206238,95,5,0
normal_010,0,0.9,75,0.9999960660934448,76,12,0
tumor_001,1,0.9,100,1.0,2824,1093,1
tumor_002,1,0.9,100,0.9999737739562988,287,10,0
tumor_003,1,0.9,100,1.0,824,306,1
tumor_004,1,0.9,100,0.9999897480010986,214,41,0
tumor_005,1,0.9,100,1.0,172,94,0
tumor_006,1,0.9,100,0.9999998807907104,1058,53,0
tumor_007,1,0.9,100,1.0,1266,103,1
tumor_008,1,0.9,100,0.9999934434890747,2088,186,1
tumor_009,1,0.9,100,0.9999998807907104,23237,8321,1
tumor_010,1,0.9,100,1.0,1689,76,0
normal_001,0,0.9,100,0.9982325434684753,25,7,0
normal_002,0,0.9,100,0.9969657063484192,63,7,0
normal_003,0,0.9,100,0.9980204105377197,76,4,0
normal_004,0,0.9,100,0.9992819428443909,50,4,0
normal_005,0,0.9,100,0.9997621178627014,67,8,0
normal_006,0,0.9,100,0.9999808073043823,49,7,0
normal_007,0,0.9,100,0.9999586343765259,41,12,0
normal_008,0,0.9,100,0.9998903274536133,78,16,0
normal_009,0,0.9,100,0.9968344569206238,95,5,0
normal_010,0,0.9,100,0.9999960660934448,76,12,0
tumor_001,1,0.9,150,1.0,2824,1093,1
tumor_002,1,0.9,150,0.9999737739562988,287,10,0
tumor_003,1,0.9,150,1.0,824,306,1
tumor_004,1,0.9,150,0.9999897480010986,214,41,0
tumor_005,1,0.9,150,1.0,172,94,0
tumor_006,1,0.9,150,0.9999998807907104,1058,53,0
tumor_007,1,0.9,150,1.0,1266,103,0
tumor_008,1,0.9,150,0.9999934434890747,2088,186,1
tumor_009,1,0.9,150,0.9999998807907104,23237,8321,1
tumor_010,1,0.9,150,1.0,1689,76,0
normal_001,0,0.9,150,0.9982325434684753,25,7,0
normal_002,0,0.9,150,0.9969657063484192,63,7,0
normal_003,0,0.9,150,0.9980204105377197,76,4,0
normal_004,0,0.9,150,0.9992819428443909,50,4,0
normal_005,0,0.9,150,0.9997621178627014,67,8,0
normal_006,0,0.9,150,0.9999808073043823,49,7,0
normal_007,0,0.9,150,0.9999586343765259,41,12,0
normal_008,0,0.9,150,0.9998903274536133,78,16,0
normal_009,0,0.9,150,0.9968344569206238,95,5,0
normal_010,0,0.9,150,0.9999960660934448,76,12,0
tumor_001,1,0.9,200,1.0,2824,1093,1
tumor_002,1,0.9,200,0.9999737739562988,287,10,0
tumor_003,1,0.9,200,1.0,824,306,1
tumor_004,1,0.9,200,0.9999897480010986,214,41,0
tumor_005,1,0.9,200,1.0,172,94,0
tumor_006,1,0.9,200,0.9999998807907104,1058,53,0
tumor_007,1,0.9,200,1.0,1266,103,0
tumor_008,1,0.9,200,0.9999934434890747,2088,186,0
tumor_009,1,0.9,200,0.9999998807907104,23237,8321,1
tumor_010,1,0.9,200,1.0,1689,76,0
normal_001,0,0.9,200,0.9982325434684753,25,7,0
normal_002,0,0.9,200,0.9969657063484192,63,7,0
normal_003,0,0.9,200,0.9980204105377197,76,4,0
normal_004,0,0.9,200,0.9992819428443909,50,4,0
normal_005,0,0.9,200,0.9997621178627014,67,8,0
normal_006,0,0.9,200,0.9999808073043823,49,7,0
normal_007,0,0.9,200,0.9999586343765259,41,12,0
normal_008,0,0.9,200,0.9998903274536133,78,16,0
normal_009,0,0.9,200,0.9968344569206238,95,5,0
normal_010,0,0.9,200,0.9999960660934448,76,12,0
tumor_001,1,0.8,10,1.0,3752,1190,1
tumor_002,1,0.8,10,0.9999737739562988,546,23,1
tumor_003,1,0.8,10,1.0,1129,318,1
tumor_004,1,0.8,10,0.9999897480010986,382,44,1
tumor_005,1,0.8,10,1.0,224,97,1
tumor_006,1,0.8,10,0.9999998807907104,1836,56,1
tumor_007,1,0.8,10,1.0,2138,112,1
tumor_008,1,0.8,10,0.9999934434890747,3671,260,1
tumor_009,1,0.8,10,0.9999998807907104,28223,14563,1
tumor_010,1,0.8,10,1.0,2786,95,1
normal_001,0,0.8,10,0.9982325434684753,46,9,0
normal_002,0,0.8,10,0.9969657063484192,152,10,1
normal_003,0,0.8,10,0.9980204105377197,166,7,0
normal_004,0,0.8,10,0.9992819428443909,85,6,0
normal_005,0,0.8,10,0.9997621178627014,111,13,1
normal_006,0,0.8,10,0.9999808073043823,75,8,0
normal_007,0,0.8,10,0.9999586343765259,75,16,1
normal_008,0,0.8,10,0.9998903274536133,114,17,1
normal_009,0,0.8,10,0.9968344569206238,232,7,0
normal_010,0,0.8,10,0.9999960660934448,129,19,1
tumor_001,1,0.8,20,1.0,3752,1190,1
tumor_002,1,0.8,20,0.9999737739562988,546,23,1
tumor_003,1,0.8,20,1.0,1129,318,1
tumor_004,1,0.8,20,0.9999897480010986,382,44,1
tumor_005,1,0.8,20,1.0,224,97,1
tumor_006,1,0.8,20,0.9999998807907104,1836,56,1
tumor_007,1,0.8,20,1.0,2138,112,1
tumor_008,1,0.8,20,0.9999934434890747,3671,260,1
tumor_009,1,0.8,20,0.9999998807907104,28223,14563,1
tumor_010,1,0.8,20,1.0,2786,95,1
normal_001,0,0.8,20,0.9982325434684753,46,9,0
normal_002,0,0.8,20,0.9969657063484192,152,10,0
normal_003,0,0.8,20,0.9980204105377197,166,7,0
normal_004,0,0.8,20,0.9992819428443909,85,6,0
normal_005,0,0.8,20,0.9997621178627014,111,13,0
normal_006,0,0.8,20,0.9999808073043823,75,8,0
normal_007,0,0.8,20,0.9999586343765259,75,16,0
normal_008,0,0.8,20,0.9998903274536133,114,17,0
normal_009,0,0.8,20,0.9968344569206238,232,7,0
normal_010,0,0.8,20,0.9999960660934448,129,19,0
tumor_001,1,0.8,30,1.0,3752,1190,1
tumor_002,1,0.8,30,0.9999737739562988,546,23,0
tumor_003,1,0.8,30,1.0,1129,318,1
tumor_004,1,0.8,30,0.9999897480010986,382,44,1
tumor_005,1,0.8,30,1.0,224,97,1
tumor_006,1,0.8,30,0.9999998807907104,1836,56,1
tumor_007,1,0.8,30,1.0,2138,112,1
tumor_008,1,0.8,30,0.9999934434890747,3671,260,1
tumor_009,1,0.8,30,0.9999998807907104,28223,14563,1
tumor_010,1,0.8,30,1.0,2786,95,1
normal_001,0,0.8,30,0.9982325434684753,46,9,0
normal_002,0,0.8,30,0.9969657063484192,152,10,0
normal_003,0,0.8,30,0.9980204105377197,166,7,0
normal_004,0,0.8,30,0.9992819428443909,85,6,0
normal_005,0,0.8,30,0.9997621178627014,111,13,0
normal_006,0,0.8,30,0.9999808073043823,75,8,0
normal_007,0,0.8,30,0.9999586343765259,75,16,0
normal_008,0,0.8,30,0.9998903274536133,114,17,0
normal_009,0,0.8,30,0.9968344569206238,232,7,0
normal_010,0,0.8,30,0.9999960660934448,129,19,0
tumor_001,1,0.8,40,1.0,3752,1190,1
tumor_002,1,0.8,40,0.9999737739562988,546,23,0
tumor_003,1,0.8,40,1.0,1129,318,1
tumor_004,1,0.8,40,0.9999897480010986,382,44,1
tumor_005,1,0.8,40,1.0,224,97,1
tumor_006,1,0.8,40,0.9999998807907104,1836,56,1
tumor_007,1,0.8,40,1.0,2138,112,1
tumor_008,1,0.8,40,0.9999934434890747,3671,260,1
tumor_009,1,0.8,40,0.9999998807907104,28223,14563,1
tumor_010,1,0.8,40,1.0,2786,95,1
normal_001,0,0.8,40,0.9982325434684753,46,9,0
normal_002,0,0.8,40,0.9969657063484192,152,10,0
normal_003,0,0.8,40,0.9980204105377197,166,7,0
normal_004,0,0.8,40,0.9992819428443909,85,6,0
normal_005,0,0.8,40,0.9997621178627014,111,13,0
normal_006,0,0.8,40,0.9999808073043823,75,8,0
normal_007,0,0.8,40,0.9999586343765259,75,16,0
normal_008,0,0.8,40,0.9998903274536133,114,17,0
normal_009,0,0.8,40,0.9968344569206238,232,7,0
normal_010,0,0.8,40,0.9999960660934448,129,19,0
tumor_001,1,0.8,50,1.0,3752,1190,1
tumor_002,1,0.8,50,0.9999737739562988,546,23,0
tumor_003,1,0.8,50,1.0,1129,318,1
tumor_004,1,0.8,50,0.9999897480010986,382,44,0
tumor_005,1,0.8,50,1.0,224,97,1
tumor_006,1,0.8,50,0.9999998807907104,1836,56,1
tumor_007,1,0.8,50,1.0,2138,112,1
tumor_008,1,0.8,50,0.9999934434890747,3671,260,1
tumor_009,1,0.8,50,0.9999998807907104,28223,14563,1
tumor_010,1,0.8,50,1.0,2786,95,1
normal_001,0,0.8,50,0.9982325434684753,46,9,0
normal_002,0,0.8,50,0.9969657063484192,152,10,0
normal_003,0,0.8,50,0.9980204105377197,166,7,0
normal_004,0,0.8,50,0.9992819428443909,85,6,0
normal_005,0,0.8,50,0.9997621178627014,111,13,0
normal_006,0,0.8,50,0.9999808073043823,75,8,0
normal_007,0,0.8,50,0.9999586343765259,75,16,0
normal_008,0,0.8,50,0.9998903274536133,114,17,0
normal_009,0,0.8,50,0.9968344569206238,232,7,0
normal_010,0,0.8,50,0.9999960660934448,129,19,0
tumor_001,1,0.8,75,1.0,3752,1190,1
tumor_002,1,0.8,75,0.9999737739562988,546,23,0
tumor_003,1,0.8,75,1.0,1129,318,1
tumor_004,1,0.8,75,0.9999897480010986,382,44,0
tumor_005,1,0.8,75,1.0,224,97,1
tumor_006,1,0.8,75,0.9999998807907104,1836,56,0
tumor_007,1,0.8,75,1.0,2138,112,1
tumor_008,1,0.8,75,0.9999934434890747,3671,260,1
tumor_009,1,0.8,75,0.9999998807907104,28223,14563,1
tumor_010,1,0.8,75,1.0,2786,95,1
normal_001,0,0.8,75,0.9982325434684753,46,9,0
normal_002,0,0.8,75,0.9969657063484192,152,10,0
normal_003,0,0.8,75,0.9980204105377197,166,7,0
normal_004,0,0.8,75,0.9992819428443909,85,6,0
normal_005,0,0.8,75,0.9997621178627014,111,13,0
normal_006,0,0.8,75,0.9999808073043823,75,8,0
normal_007,0,0.8,75,0.9999586343765259,75,16,0
normal_008,0,0.8,75,0.9998903274536133,114,17,0
normal_009,0,0.8,75,0.9968344569206238,232,7,0
normal_010,0,0.8,75,0.9999960660934448,129,19,0
tumor_001,1,0.8,100,1.0,3752,1190,1
tumor_002,1,0.8,100,0.9999737739562988,546,23,0
tumor_003,1,0.8,100,1.0,1129,318,1
tumor_004,1,0.8,100,0.9999897480010986,382,44,0
tumor_005,1,0.8,100,1.0,224,97,0
tumor_006,1,0.8,100,0.9999998807907104,1836,56,0
tumor_007,1,0.8,100,1.0,2138,112,1
tumor_008,1,0.8,100,0.9999934434890747,3671,260,1
tumor_009,1,0.8,100,0.9999998807907104,28223,14563,1
tumor_010,1,0.8,100,1.0,2786,95,0
normal_001,0,0.8,100,0.9982325434684753,46,9,0
normal_002,0,0.8,100,0.9969657063484192,152,10,0
normal_003,0,0.8,100,0.9980204105377197,166,7,0
normal_004,0,0.8,100,0.9992819428443909,85,6,0
normal_005,0,0.8,100,0.9997621178627014,111,13,0
normal_006,0,0.8,100,0.9999808073043823,75,8,0
normal_007,0,0.8,100,0.9999586343765259,75,16,0
normal_008,0,0.8,100,0.9998903274536133,114,17,0
normal_009,0,0.8,100,0.9968344569206238,232,7,0
normal_010,0,0.8,100,0.9999960660934448,129,19,0
tumor_001,1,0.8,150,1.0,3752,1190,1
tumor_002,1,0.8,150,0.9999737739562988,546,23,0
tumor_003,1,0.8,150,1.0,1129,318,1
tumor_004,1,0.8,150,0.9999897480010986,382,44,0
tumor_005,1,0.8,150,1.0,224,97,0
tumor_006,1,0.8,150,0.9999998807907104,1836,56,0
tumor_007,1,0.8,150,1.0,2138,112,0
tumor_008,1,0.8,150,0.9999934434890747,3671,260,1
tumor_009,1,0.8,150,0.9999998807907104,28223,14563,1
tumor_010,1,0.8,150,1.0,2786,95,0
normal_001,0,0.8,150,0.9982325434684753,46,9,0
normal_002,0,0.8,150,0.9969657063484192,152,10,0
normal_003,0,0.8,150,0.9980204105377197,166,7,0
normal_004,0,0.8,150,0.9992819428443909,85,6,0
normal_005,0,0.8,150,0.9997621178627014,111,13,0
normal_006,0,0.8,150,0.9999808073043823,75,8,0
normal_007,0,0.8,150,0.9999586343765259,75,16,0
normal_008,0,0.8,150,0.9998903274536133,114,17,0
normal_009,0,0.8,150,0.9968344569206238,232,7,0
normal_010,0,0.8,150,0.9999960660934448,129,19,0
tumor_001,1,0.8,200,1.0,3752,1190,1
tumor_002,1,0.8,200,0.9999737739562988,546,23,0
tumor_003,1,0.8,200,1.0,1129,318,1
tumor_004,1,0.8,200,0.9999897480010986,382,44,0
tumor_005,1,0.8,200,1.0,224,97,0
tumor_006,1,0.8,200,0.9999998807907104,1836,56,0
tumor_007,1,0.8,200,1.0,2138,112,0
tumor_008,1,0.8,200,0.9999934434890747,3671,260,1
tumor_009,1,0.8,200,0.9999998807907104,28223,14563,1
tumor_010,1,0.8,200,1.0,2786,95,0
normal_001,0,0.8,200,0.9982325434684753,46,9,0
normal_002,0,0.8,200,0.9969657063484192,152,10,0
normal_003,0,0.8,200,0.9980204105377197,166,7,0
normal_004,0,0.8,200,0.9992819428443909,85,6,0
normal_005,0,0.8,200,0.9997621178627014,111,13,0
normal_006,0,0.8,200,0.9999808073043823,75,8,0
normal_007,0,0.8,200,0.9999586343765259,75,16,0
normal_008,0,0.8,200,0.9998903274536133,114,17,0
normal_009,0,0.8,200,0.9968344569206238,232,7,0
normal_010,0,0.8,200,0.9999960660934448,129,19,0
tumor_001,1,0.7,10,1.0,4598,1310,1
tumor_002,1,0.7,10,0.9999737739562988,778,27,1
tumor_003,1,0.7,10,1.0,1454,324,1
tumor_004,1,0.7,10,0.9999897480010986,528,47,1
tumor_005,1,0.7,10,1.0,279,103,1
tumor_006,1,0.7,10,0.9999998807907104,2639,57,1
tumor_007,1,0.7,10,1.0,3039,126,1
tumor_008,1,0.7,10,0.9999934434890747,5261,578,1
tumor_009,1,0.7,10,0.9999998807907104,31649,16005,1
tumor_010,1,0.7,10,1.0,3834,149,1
normal_001,0,0.7,10,0.9982325434684753,78,12,1
normal_002,0,0.7,10,0.9969657063484192,231,13,1
normal_003,0,0.7,10,0.9980204105377197,266,9,0
normal_004,0,0.7,10,0.9992819428443909,108,7,0
normal_005,0,0.7,10,0.9997621178627014,156,17,1
normal_006,0,0.7,10,0.9999808073043823,101,9,0
normal_007,0,0.7,10,0.9999586343765259,116,19,1
normal_008,0,0.7,10,0.9998903274536133,163,17,1
normal_009,0,0.7,10,0.9968344569206238,370,8,0
normal_010,0,0.7,10,0.9999960660934448,176,21,1
tumor_001,1,0.7,20,1.0,4598,1310,1
tumor_002,1,0.7,20,0.9999737739562988,778,27,1
tumor_003,1,0.7,20,1.0,1454,324,1
tumor_004,1,0.7,20,0.9999897480010986,528,47,1
tumor_005,1,0.7,20,1.0,279,103,1
tumor_006,1,0.7,20,0.9999998807907104,2639,57,1
tumor_007,1,0.7,20,1.0,3039,126,1
tumor_008,1,0.7,20,0.9999934434890747,5261,578,1
tumor_009,1,0.7,20,0.9999998807907104,31649,16005,1
tumor_010,1,0.7,20,1.0,3834,149,1
normal_001,0,0.7,20,0.9982325434684753,78,12,0
normal_002,0,0.7,20,0.9969657063484192,231,13,0
normal_003,0,0.7,20,0.9980204105377197,266,9,0
normal_004,0,0.7,20,0.9992819428443909,108,7,0
normal_005,0,0.7,20,0.9997621178627014,156,17,0
normal_006,0,0.7,20,0.9999808073043823,101,9,0
normal_007,0,0.7,20,0.9999586343765259,116,19,0
normal_008,0,0.7,20,0.9998903274536133,163,17,0
normal_009,0,0.7,20,0.9968344569206238,370,8,0
normal_010,0,0.7,20,0.9999960660934448,176,21,1
tumor_001,1,0.7,30,1.0,4598,1310,1
tumor_002,1,0.7,30,0.9999737739562988,778,27,0
tumor_003,1,0.7,30,1.0,1454,324,1
tumor_004,1,0.7,30,0.9999897480010986,528,47,1
tumor_005,1,0.7,30,1.0,279,103,1
tumor_006,1,0.7,30,0.9999998807907104,2639,57,1
tumor_007,1,0.7,30,1.0,3039,126,1
tumor_008,1,0.7,30,0.9999934434890747,5261,578,1
tumor_009,1,0.7,30,0.9999998807907104,31649,16005,1
tumor_010,1,0.7,30,1.0,3834,149,1
normal_001,0,0.7,30,0.9982325434684753,78,12,0
normal_002,0,0.7,30,0.9969657063484192,231,13,0
normal_003,0,0.7,30,0.9980204105377197,266,9,0
normal_004,0,0.7,30,0.9992819428443909,108,7,0
normal_005,0,0.7,30,0.9997621178627014,156,17,0
normal_006,0,0.7,30,0.9999808073043823,101,9,0
normal_007,0,0.7,30,0.9999586343765259,116,19,0
normal_008,0,0.7,30,0.9998903274536133,163,17,0
normal_009,0,0.7,30,0.9968344569206238,370,8,0
normal_010,0,0.7,30,0.9999960660934448,176,21,0
tumor_001,1,0.7,40,1.0,4598,1310,1
tumor_002,1,0.7,40,0.9999737739562988,778,27,0
tumor_003,1,0.7,40,1.0,1454,324,1
tumor_004,1,0.7,40,0.9999897480010986,528,47,1
tumor_005,1,0.7,40,1.0,279,103,1
tumor_006,1,0.7,40,0.9999998807907104,2639,57,1
tumor_007,1,0.7,40,1.0,3039,126,1
tumor_008,1,0.7,40,0.9999934434890747,5261,578,1
tumor_009,1,0.7,40,0.9999998807907104,31649,16005,1
tumor_010,1,0.7,40,1.0,3834,149,1
normal_001,0,0.7,40,0.9982325434684753,78,12,0
normal_002,0,0.7,40,0.9969657063484192,231,13,0
normal_003,0,0.7,40,0.9980204105377197,266,9,0
normal_004,0,0.7,40,0.9992819428443909,108,7,0
normal_005,0,0.7,40,0.9997621178627014,156,17,0
normal_006,0,0.7,40,0.9999808073043823,101,9,0
normal_007,0,0.7,40,0.9999586343765259,116,19,0
normal_008,0,0.7,40,0.9998903274536133,163,17,0
normal_009,0,0.7,40,0.9968344569206238,370,8,0
normal_010,0,0.7,40,0.9999960660934448,176,21,0
tumor_001,1,0.7,50,1.0,4598,1310,1
tumor_002,1,0.7,50,0.9999737739562988,778,27,0
tumor_003,1,0.7,50,1.0,1454,324,1
tumor_004,1,0.7,50,0.9999897480010986,528,47,0
tumor_005,1,0.7,50,1.0,279,103,1
tumor_006,1,0.7,50,0.9999998807907104,2639,57,1
tumor_007,1,0.7,50,1.0,3039,126,1
tumor_008,1,0.7,50,0.9999934434890747,5261,578,1
tumor_009,1,0.7,50,0.9999998807907104,31649,16005,1
tumor_010,1,0.7,50,1.0,3834,149,1
normal_001,0,0.7,50,0.9982325434684753,78,12,0
normal_002,0,0.7,50,0.9969657063484192,231,13,0
normal_003,0,0.7,50,0.9980204105377197,266,9,0
normal_004,0,0.7,50,0.9992819428443909,108,7,0
normal_005,0,0.7,50,0.9997621178627014,156,17,0
normal_006,0,0.7,50,0.9999808073043823,101,9,0
normal_007,0,0.7,50,0.9999586343765259,116,19,0
normal_008,0,0.7,50,0.9998903274536133,163,17,0
normal_009,0,0.7,50,0.9968344569206238,370,8,0
normal_010,0,0.7,50,0.9999960660934448,176,21,0
tumor_001,1,0.7,75,1.0,4598,1310,1
tumor_002,1,0.7,75,0.9999737739562988,778,27,0
tumor_003,1,0.7,75,1.0,1454,324,1
tumor_004,1,0.7,75,0.9999897480010986,528,47,0
tumor_005,1,0.7,75,1.0,279,103,1
tumor_006,1,0.7,75,0.9999998807907104,2639,57,0
tumor_007,1,0.7,75,1.0,3039,126,1
tumor_008,1,0.7,75,0.9999934434890747,5261,578,1
tumor_009,1,0.7,75,0.9999998807907104,31649,16005,1
tumor_010,1,0.7,75,1.0,3834,149,1
normal_001,0,0.7,75,0.9982325434684753,78,12,0
normal_002,0,0.7,75,0.9969657063484192,231,13,0
normal_003,0,0.7,75,0.9980204105377197,266,9,0
normal_004,0,0.7,75,0.9992819428443909,108,7,0
normal_005,0,0.7,75,0.9997621178627014,156,17,0
normal_006,0,0.7,75,0.9999808073043823,101,9,0
normal_007,0,0.7,75,0.9999586343765259,116,19,0
normal_008,0,0.7,75,0.9998903274536133,163,17,0
normal_009,0,0.7,75,0.9968344569206238,370,8,0
normal_010,0,0.7,75,0.9999960660934448,176,21,0
tumor_001,1,0.7,100,1.0,4598,1310,1
tumor_002,1,0.7,100,0.9999737739562988,778,27,0
tumor_003,1,0.7,100,1.0,1454,324,1
tumor_004,1,0.7,100,0.9999897480010986,528,47,0
tumor_005,1,0.7,100,1.0,279,103,1
tumor_006,1,0.7,100,0.9999998807907104,2639,57,0
tumor_007,1,0.7,100,1.0,3039,126,1
tumor_008,1,0.7,100,0.9999934434890747,5261,578,1
tumor_009,1,0.7,100,0.9999998807907104,31649,16005,1
tumor_010,1,0.7,100,1.0,3834,149,1
normal_001,0,0.7,100,0.9982325434684753,78,12,0
normal_002,0,0.7,100,0.9969657063484192,231,13,0
normal_003,0,0.7,100,0.9980204105377197,266,9,0
normal_004,0,0.7,100,0.9992819428443909,108,7,0
normal_005,0,0.7,100,0.9997621178627014,156,17,0
normal_006,0,0.7,100,0.9999808073043823,101,9,0
normal_007,0,0.7,100,0.9999586343765259,116,19,0
normal_008,0,0.7,100,0.9998903274536133,163,17,0
normal_009,0,0.7,100,0.9968344569206238,370,8,0
normal_010,0,0.7,100,0.9999960660934448,176,21,0
tumor_001,1,0.7,150,1.0,4598,1310,1
tumor_002,1,0.7,150,0.9999737739562988,778,27,0
tumor_003,1,0.7,150,1.0,1454,324,1
tumor_004,1,0.7,150,0.9999897480010986,528,47,0
tumor_005,1,0.7,150,1.0,279,103,0
tumor_006,1,0.7,150,0.9999998807907104,2639,57,0
tumor_007,1,0.7,150,1.0,3039,126,0
tumor_008,1,0.7,150,0.9999934434890747,5261,578,1
tumor_009,1,0.7,150,0.9999998807907104,31649,16005,1
tumor_010,1,0.7,150,1.0,3834,149,0
normal_001,0,0.7,150,0.9982325434684753,78,12,0
normal_002,0,0.7,150,0.9969657063484192,231,13,0
normal_003,0,0.7,150,0.9980204105377197,266,9,0
normal_004,0,0.7,150,0.9992819428443909,108,7,0
normal_005,0,0.7,150,0.9997621178627014,156,17,0
normal_006,0,0.7,150,0.9999808073043823,101,9,0
normal_007,0,0.7,150,0.9999586343765259,116,19,0
normal_008,0,0.7,150,0.9998903274536133,163,17,0
normal_009,0,0.7,150,0.9968344569206238,370,8,0
normal_010,0,0.7,150,0.9999960660934448,176,21,0
tumor_001,1,0.7,200,1.0,4598,1310,1
tumor_002,1,0.7,200,0.9999737739562988,778,27,0
tumor_003,1,0.7,200,1.0,1454,324,1
tumor_004,1,0.7,200,0.9999897480010986,528,47,0
tumor_005,1,0.7,200,1.0,279,103,0
tumor_006,1,0.7,200,0.9999998807907104,2639,57,0
tumor_007,1,0.7,200,1.0,3039,126,0
tumor_008,1,0.7,200,0.9999934434890747,5261,578,1
tumor_009,1,0.7,200,0.9999998807907104,31649,16005,1
tumor_010,1,0.7,200,1.0,3834,149,0
normal_001,0,0.7,200,0.9982325434684753,78,12,0
normal_002,0,0.7,200,0.9969657063484192,231,13,0
normal_003,0,0.7,200,0.9980204105377197,266,9,0
normal_004,0,0.7,200,0.9992819428443909,108,7,0
normal_005,0,0.7,200,0.9997621178627014,156,17,0
normal_006,0,0.7,200,0.9999808073043823,101,9,0
normal_007,0,0.7,200,0.9999586343765259,116,19,0
normal_008,0,0.7,200,0.9998903274536133,163,17,0
normal_009,0,0.7,200,0.9968344569206238,370,8,0
normal_010,0,0.7,200,0.9999960660934448,176,21,0
tumor_001,1,0.6,10,1.0,5375,1389,1
tumor_002,1,0.6,10,0.9999737739562988,1060,33,1
tumor_003,1,0.6,10,1.0,1827,329,1
tumor_004,1,0.6,10,0.9999897480010986,704,48,1
tumor_005,1,0.6,10,1.0,332,106,1
tumor_006,1,0.6,10,0.9999998807907104,3447,76,1
tumor_007,1,0.6,10,1.0,4022,133,1
tumor_008,1,0.6,10,0.9999934434890747,7122,745,1
tumor_009,1,0.6,10,0.9999998807907104,34483,17038,1
tumor_010,1,0.6,10,1.0,4972,164,1
normal_001,0,0.6,10,0.9982325434684753,105,15,1
normal_002,0,0.6,10,0.9969657063484192,329,18,1
normal_003,0,0.6,10,0.9980204105377197,389,14,1
normal_004,0,0.6,10,0.9992819428443909,152,9,0
normal_005,0,0.6,10,0.9997621178627014,205,20,1
normal_006,0,0.6,10,0.9999808073043823,138,12,1
normal_007,0,0.6,10,0.9999586343765259,163,19,1
normal_008,0,0.6,10,0.9998903274536133,207,25,1
normal_009,0,0.6,10,0.9968344569206238,540,12,1
normal_010,0,0.6,10,0.9999960660934448,241,24,1
tumor_001,1,0.6,20,1.0,5375,1389,1
tumor_002,1,0.6,20,0.9999737739562988,1060,33,1
tumor_003,1,0.6,20,1.0,1827,329,1
tumor_004,1,0.6,20,0.9999897480010986,704,48,1
tumor_005,1,0.6,20,1.0,332,106,1
tumor_006,1,0.6,20,0.9999998807907104,3447,76,1
tumor_007,1,0.6,20,1.0,4022,133,1
tumor_008,1,0.6,20,0.9999934434890747,7122,745,1
tumor_009,1,0.6,20,0.9999998807907104,34483,17038,1
tumor_010,1,0.6,20,1.0,4972,164,1
normal_001,0,0.6,20,0.9982325434684753,105,15,0
normal_002,0,0.6,20,0.9969657063484192,329,18,0
normal_003,0,0.6,20,0.9980204105377197,389,14,0
normal_004,0,0.6,20,0.9992819428443909,152,9,0
normal_005,0,0.6,20,0.9997621178627014,205,20,1
normal_006,0,0.6,20,0.9999808073043823,138,12,0
normal_007,0,0.6,20,0.9999586343765259,163,19,0
normal_008,0,0.6,20,0.9998903274536133,207,25,1
normal_009,0,0.6,20,0.9968344569206238,540,12,0
normal_010,0,0.6,20,0.9999960660934448,241,24,1
tumor_001,1,0.6,30,1.0,5375,1389,1
tumor_002,1,0.6,30,0.9999737739562988,1060,33,1
tumor_003,1,0.6,30,1.0,1827,329,1
tumor_004,1,0.6,30,0.9999897480010986,704,48,1
tumor_005,1,0.6,30,1.0,332,106,1
tumor_006,1,0.6,30,0.9999998807907104,3447,76,1
tumor_007,1,0.6,30,1.0,4022,133,1
tumor_008,1,0.6,30,0.9999934434890747,7122,745,1
tumor_009,1,0.6,30,0.9999998807907104,34483,17038,1
tumor_010,1,0.6,30,1.0,4972,164,1
normal_001,0,0.6,30,0.9982325434684753,105,15,0
normal_002,0,0.6,30,0.9969657063484192,329,18,0
normal_003,0,0.6,30,0.9980204105377197,389,14,0
normal_004,0,0.6,30,0.9992819428443909,152,9,0
normal_005,0,0.6,30,0.9997621178627014,205,20,0
normal_006,0,0.6,30,0.9999808073043823,138,12,0
normal_007,0,0.6,30,0.9999586343765259,163,19,0
normal_008,0,0.6,30,0.9998903274536133,207,25,0
normal_009,0,0.6,30,0.9968344569206238,540,12,0
normal_010,0,0.6,30,0.9999960660934448,241,24,0
tumor_001,1,0.6,40,1.0,5375,1389,1
tumor_002,1,0.6,40,0.9999737739562988,1060,33,0
tumor_003,1,0.6,40,1.0,1827,329,1
tumor_004,1,0.6,40,0.9999897480010986,704,48,1
tumor_005,1,0.6,40,1.0,332,106,1
tumor_006,1,0.6,40,0.9999998807907104,3447,76,1
tumor_007,1,0.6,40,1.0,4022,133,1
tumor_008,1,0.6,40,0.9999934434890747,7122,745,1
tumor_009,1,0.6,40,0.9999998807907104,34483,17038,1
tumor_010,1,0.6,40,1.0,4972,164,1
normal_001,0,0.6,40,0.9982325434684753,105,15,0
normal_002,0,0.6,40,0.9969657063484192,329,18,0
normal_003,0,0.6,40,0.9980204105377197,389,14,0
normal_004,0,0.6,40,0.9992819428443909,152,9,0
normal_005,0,0.6,40,0.9997621178627014,205,20,0
normal_006,0,0.6,40,0.9999808073043823,138,12,0
normal_007,0,0.6,40,0.9999586343765259,163,19,0
normal_008,0,0.6,40,0.9998903274536133,207,25,0
normal_009,0,0.6,40,0.9968344569206238,540,12,0
normal_010,0,0.6,40,0.9999960660934448,241,24,0
tumor_001,1,0.6,50,1.0,5375,1389,1
tumor_002,1,0.6,50,0.9999737739562988,1060,33,0
tumor_003,1,0.6,50,1.0,1827,329,1
tumor_004,1,0.6,50,0.9999897480010986,704,48,0
tumor_005,1,0.6,50,1.0,332,106,1
tumor_006,1,0.6,50,0.9999998807907104,3447,76,1
tumor_007,1,0.6,50,1.0,4022,133,1
tumor_008,1,0.6,50,0.9999934434890747,7122,745,1
tumor_009,1,0.6,50,0.9999998807907104,34483,17038,1
tumor_010,1,0.6,50,1.0,4972,164,1
normal_001,0,0.6,50,0.9982325434684753,105,15,0
normal_002,0,0.6,50,0.9969657063484192,329,18,0
normal_003,0,0.6,50,0.9980204105377197,389,14,0
normal_004,0,0.6,50,0.9992819428443909,152,9,0
normal_005,0,0.6,50,0.9997621178627014,205,20,0
normal_006,0,0.6,50,0.9999808073043823,138,12,0
normal_007,0,0.6,50,0.9999586343765259,163,19,0
normal_008,0,0.6,50,0.9998903274536133,207,25,0
normal_009,0,0.6,50,0.9968344569206238,540,12,0
normal_010,0,0.6,50,0.9999960660934448,241,24,0
tumor_001,1,0.6,75,1.0,5375,1389,1
tumor_002,1,0.6,75,0.9999737739562988,1060,33,0
tumor_003,1,0.6,75,1.0,1827,329,1
tumor_004,1,0.6,75,0.9999897480010986,704,48,0
tumor_005,1,0.6,75,1.0,332,106,1
tumor_006,1,0.6,75,0.9999998807907104,3447,76,1
tumor_007,1,0.6,75,1.0,4022,133,1
tumor_008,1,0.6,75,0.9999934434890747,7122,745,1
tumor_009,1,0.6,75,0.9999998807907104,34483,17038,1
tumor_010,1,0.6,75,1.0,4972,164,1
normal_001,0,0.6,75,0.9982325434684753,105,15,0
normal_002,0,0.6,75,0.9969657063484192,329,18,0
normal_003,0,0.6,75,0.9980204105377197,389,14,0
normal_004,0,0.6,75,0.9992819428443909,152,9,0
normal_005,0,0.6,75,0.9997621178627014,205,20,0
normal_006,0,0.6,75,0.9999808073043823,138,12,0
normal_007,0,0.6,75,0.9999586343765259,163,19,0
normal_008,0,0.6,75,0.9998903274536133,207,25,0
normal_009,0,0.6,75,0.9968344569206238,540,12,0
normal_010,0,0.6,75,0.9999960660934448,241,24,0
tumor_001,1,0.6,100,1.0,5375,1389,1
tumor_002,1,0.6,100,0.9999737739562988,1060,33,0
tumor_003,1,0.6,100,1.0,1827,329,1
tumor_004,1,0.6,100,0.9999897480010986,704,48,0
tumor_005,1,0.6,100,1.0,332,106,1
tumor_006,1,0.6,100,0.9999998807907104,3447,76,0
tumor_007,1,0.6,100,1.0,4022,133,1
tumor_008,1,0.6,100,0.9999934434890747,7122,745,1
tumor_009,1,0.6,100,0.9999998807907104,34483,17038,1
tumor_010,1,0.6,100,1.0,4972,164,1
normal_001,0,0.6,100,0.9982325434684753,105,15,0
normal_002,0,0.6,100,0.9969657063484192,329,18,0
normal_003,0,0.6,100,0.9980204105377197,389,14,0
normal_004,0,0.6,100,0.9992819428443909,152,9,0
normal_005,0,0.6,100,0.9997621178627014,205,20,0
normal_006,0,0.6,100,0.9999808073043823,138,12,0
normal_007,0,0.6,100,0.9999586343765259,163,19,0
normal_008,0,0.6,100,0.9998903274536133,207,25,0
normal_009,0,0.6,100,0.9968344569206238,540,12,0
normal_010,0,0.6,100,0.9999960660934448,241,24,0
tumor_001,1,0.6,150,1.0,5375,1389,1
tumor_002,1,0.6,150,0.9999737739562988,1060,33,0
tumor_003,1,0.6,150,1.0,1827,329,1
tumor_004,1,0.6,150,0.9999897480010986,704,48,0
tumor_005,1,0.6,150,1.0,332,106,0
tumor_006,1,0.6,150,0.9999998807907104,3447,76,0
tumor_007,1,0.6,150,1.0,4022,133,0
tumor_008,1,0.6,150,0.9999934434890747,7122,745,1
tumor_009,1,0.6,150,0.9999998807907104,34483,17038,1
tumor_010,1,0.6,150,1.0,4972,164,1
normal_001,0,0.6,150,0.9982325434684753,105,15,0
normal_002,0,0.6,150,0.9969657063484192,329,18,0
normal_003,0,0.6,150,0.9980204105377197,389,14,0
normal_004,0,0.6,150,0.9992819428443909,152,9,0
normal_005,0,0.6,150,0.9997621178627014,205,20,0
normal_006,0,0.6,150,0.9999808073043823,138,12,0
normal_007,0,0.6,150,0.9999586343765259,163,19,0
normal_008,0,0.6,150,0.9998903274536133,207,25,0
normal_009,0,0.6,150,0.9968344569206238,540,12,0
normal_010,0,0.6,150,0.9999960660934448,241,24,0
tumor_001,1,0.6,200,1.0,5375,1389,1
tumor_002,1,0.6,200,0.9999737739562988,1060,33,0
tumor_003,1,0.6,200,1.0,1827,329,1
tumor_004,1,0.6,200,0.9999897480010986,704,48,0
tumor_005,1,0.6,200,1.0,332,106,0
tumor_006,1,0.6,200,0.9999998807907104,3447,76,0
tumor_007,1,0.6,200,1.0,4022,133,0
tumor_008,1,0.6,200,0.9999934434890747,7122,745,1
tumor_009,1,0.6,200,0.9999998807907104,34483,17038,1
tumor_010,1,0.6,200,1.0,4972,164,0
normal_001,0,0.6,200,0.9982325434684753,105,15,0
normal_002,0,0.6,200,0.9969657063484192,329,18,0
normal_003,0,0.6,200,0.9980204105377197,389,14,0
normal_004,0,0.6,200,0.9992819428443909,152,9,0
normal_005,0,0.6,200,0.9997621178627014,205,20,0
normal_006,0,0.6,200,0.9999808073043823,138,12,0
normal_007,0,0.6,200,0.9999586343765259,163,19,0
normal_008,0,0.6,200,0.9998903274536133,207,25,0
normal_009,0,0.6,200,0.9968344569206238,540,12,0
normal_010,0,0.6,200,0.9999960660934448,241,24,0
tumor_001,1,0.5,10,1.0,6299,1487,1
tumor_002,1,0.5,10,0.9999737739562988,1382,40,1
tumor_003,1,0.5,10,1.0,2268,332,1
tumor_004,1,0.5,10,0.9999897480010986,955,50,1
tumor_005,1,0.5,10,1.0,406,138,1
tumor_006,1,0.5,10,0.9999998807907104,4426,85,1
tumor_007,1,0.5,10,1.0,5127,139,1
tumor_008,1,0.5,10,0.9999934434890747,9168,880,1
tumor_009,1,0.5,10,0.9999998807907104,37186,19924,1
tumor_010,1,0.5,10,1.0,6349,220,1
normal_001,0,0.5,10,0.9982325434684753,140,18,1
normal_002,0,0.5,10,0.9969657063484192,401,19,1
normal_003,0,0.5,10,0.9980204105377197,535,19,1
normal_004,0,0.5,10,0.9992819428443909,192,10,1
normal_005,0,0.5,10,0.9997621178627014,292,20,1
normal_006,0,0.5,10,0.9999808073043823,181,15,1
normal_007,0,0.5,10,0.9999586343765259,240,21,1
normal_008,0,0.5,10,0.9998903274536133,262,30,1
normal_009,0,0.5,10,0.9968344569206238,781,16,1
normal_010,0,0.5,10,0.9999960660934448,316,28,1
tumor_001,1,0.5,20,1.0,6299,1487,1
tumor_002,1,0.5,20,0.9999737739562988,1382,40,1
tumor_003,1,0.5,20,1.0,2268,332,1
tumor_004,1,0.5,20,0.9999897480010986,955,50,1
tumor_005,1,0.5,20,1.0,406,138,1
tumor_006,1,0.5,20,0.9999998807907104,4426,85,1
tumor_007,1,0.5,20,1.0,5127,139,1
tumor_008,1,0.5,20,0.9999934434890747,9168,880,1
tumor_009,1,0.5,20,0.9999998807907104,37186,19924,1
tumor_010,1,0.5,20,1.0,6349,220,1
normal_001,0,0.5,20,0.9982325434684753,140,18,0
normal_002,0,0.5,20,0.9969657063484192,401,19,0
normal_003,0,0.5,20,0.9980204105377197,535,19,0
normal_004,0,0.5,20,0.9992819428443909,192,10,0
normal_005,0,0.5,20,0.9997621178627014,292,20,1
normal_006,0,0.5,20,0.9999808073043823,181,15,0
normal_007,0,0.5,20,0.9999586343765259,240,21,1
normal_008,0,0.5,20,0.9998903274536133,262,30,1
normal_009,0,0.5,20,0.9968344569206238,781,16,0
normal_010,0,0.5,20,0.9999960660934448,316,28,1
tumor_001,1,0.5,30,1.0,6299,1487,1
tumor_002,1,0.5,30,0.9999737739562988,1382,40,1
tumor_003,1,0.5,30,1.0,2268,332,1
tumor_004,1,0.5,30,0.9999897480010986,955,50,1
tumor_005,1,0.5,30,1.0,406,138,1
tumor_006,1,0.5,30,0.9999998807907104,4426,85,1
tumor_007,1,0.5,30,1.0,5127,139,1
tumor_008,1,0.5,30,0.9999934434890747,9168,880,1
tumor_009,1,0.5,30,0.9999998807907104,37186,19924,1
tumor_010,1,0.5,30,1.0,6349,220,1
normal_001,0,0.5,30,0.9982325434684753,140,18,0
normal_002,0,0.5,30,0.9969657063484192,401,19,0
normal_003,0,0.5,30,0.9980204105377197,535,19,0
normal_004,0,0.5,30,0.9992819428443909,192,10,0
normal_005,0,0.5,30,0.9997621178627014,292,20,0
normal_006,0,0.5,30,0.9999808073043823,181,15,0
normal_007,0,0.5,30,0.9999586343765259,240,21,0
normal_008,0,0.5,30,0.9998903274536133,262,30,1
normal_009,0,0.5,30,0.9968344569206238,781,16,0
normal_010,0,0.5,30,0.9999960660934448,316,28,0
tumor_001,1,0.5,40,1.0,6299,1487,1
tumor_002,1,0.5,40,0.9999737739562988,1382,40,1
tumor_003,1,0.5,40,1.0,2268,332,1
tumor_004,1,0.5,40,0.9999897480010986,955,50,1
tumor_005,1,0.5,40,1.0,406,138,1
tumor_006,1,0.5,40,0.9999998807907104,4426,85,1
tumor_007,1,0.5,40,1.0,5127,139,1
tumor_008,1,0.5,40,0.9999934434890747,9168,880,1
tumor_009,1,0.5,40,0.9999998807907104,37186,19924,1
tumor_010,1,0.5,40,1.0,6349,220,1
normal_001,0,0.5,40,0.9982325434684753,140,18,0
normal_002,0,0.5,40,0.9969657063484192,401,19,0
normal_003,0,0.5,40,0.9980204105377197,535,19,0
normal_004,0,0.5,40,0.9992819428443909,192,10,0
normal_005,0,0.5,40,0.9997621178627014,292,20,0
normal_006,0,0.5,40,0.9999808073043823,181,15,0
normal_007,0,0.5,40,0.9999586343765259,240,21,0
normal_008,0,0.5,40,0.9998903274536133,262,30,0
normal_009,0,0.5,40,0.9968344569206238,781,16,0
normal_010,0,0.5,40,0.9999960660934448,316,28,0
tumor_001,1,0.5,50,1.0,6299,1487,1
tumor_002,1,0.5,50,0.9999737739562988,1382,40,0
tumor_003,1,0.5,50,1.0,2268,332,1
tumor_004,1,0.5,50,0.9999897480010986,955,50,1
tumor_005,1,0.5,50,1.0,406,138,1
tumor_006,1,0.5,50,0.9999998807907104,4426,85,1
tumor_007,1,0.5,50,1.0,5127,139,1
tumor_008,1,0.5,50,0.9999934434890747,9168,880,1
tumor_009,1,0.5,50,0.9999998807907104,37186,19924,1
tumor_010,1,0.5,50,1.0,6349,220,1
normal_001,0,0.5,50,0.9982325434684753,140,18,0
normal_002,0,0.5,50,0.9969657063484192,401,19,0
normal_003,0,0.5,50,0.9980204105377197,535,19,0
normal_004,0,0.5,50,0.9992819428443909,192,10,0
normal_005,0,0.5,50,0.9997621178627014,292,20,0
normal_006,0,0.5,50,0.9999808073043823,181,15,0
normal_007,0,0.5,50,0.9999586343765259,240,21,0
normal_008,0,0.5,50,0.9998903274536133,262,30,0
normal_009,0,0.5,50,0.9968344569206238,781,16,0
normal_010,0,0.5,50,0.9999960660934448,316,28,0
tumor_001,1,0.5,75,1.0,6299,1487,1
tumor_002,1,0.5,75,0.9999737739562988,1382,40,0
tumor_003,1,0.5,75,1.0,2268,332,1
tumor_004,1,0.5,75,0.9999897480010986,955,50,0
tumor_005,1,0.5,75,1.0,406,138,1
tumor_006,1,0.5,75,0.9999998807907104,4426,85,1
tumor_007,1,0.5,75,1.0,5127,139,1
tumor_008,1,0.5,75,0.9999934434890747,9168,880,1
tumor_009,1,0.5,75,0.9999998807907104,37186,19924,1
tumor_010,1,0.5,75,1.0,6349,220,1
normal_001,0,0.5,75,0.9982325434684753,140,18,0
normal_002,0,0.5,75,0.9969657063484192,401,19,0
normal_003,0,0.5,75,0.9980204105377197,535,19,0
normal_004,0,0.5,75,0.9992819428443909,192,10,0
normal_005,0,0.5,75,0.9997621178627014,292,20,0
normal_006,0,0.5,75,0.9999808073043823,181,15,0
normal_007,0,0.5,75,0.9999586343765259,240,21,0
normal_008,0,0.5,75,0.9998903274536133,262,30,0
normal_009,0,0.5,75,0.9968344569206238,781,16,0
normal_010,0,0.5,75,0.9999960660934448,316,28,0
tumor_001,1,0.5,100,1.0,6299,1487,1
tumor_002,1,0.5,100,0.9999737739562988,1382,40,0
tumor_003,1,0.5,100,1.0,2268,332,1
tumor_004,1,0.5,100,0.9999897480010986,955,50,0
tumor_005,1,0.5,100,1.0,406,138,1
tumor_006,1,0.5,100,0.9999998807907104,4426,85,0
tumor_007,1,0.5,100,1.0,5127,139,1
tumor_008,1,0.5,100,0.9999934434890747,9168,880,1
tumor_009,1,0.5,100,0.9999998807907104,37186,19924,1
tumor_010,1,0.5,100,1.0,6349,220,1
normal_001,0,0.5,100,0.9982325434684753,140,18,0
normal_002,0,0.5,100,0.9969657063484192,401,19,0
normal_003,0,0.5,100,0.9980204105377197,535,19,0
normal_004,0,0.5,100,0.9992819428443909,192,10,0
normal_005,0,0.5,100,0.9997621178627014,292,20,0
normal_006,0,0.5,100,0.9999808073043823,181,15,0
normal_007,0,0.5,100,0.9999586343765259,240,21,0
normal_008,0,0.5,100,0.9998903274536133,262,30,0
normal_009,0,0.5,100,0.9968344569206238,781,16,0
normal_010,0,0.5,100,0.9999960660934448,316,28,0
tumor_001,1,0.5,150,1.0,6299,1487,1
tumor_002,1,0.5,150,0.9999737739562988,1382,40,0
tumor_003,1,0.5,150,1.0,2268,332,1
tumor_004,1,0.5,150,0.9999897480010986,955,50,0
tumor_005,1,0.5,150,1.0,406,138,0
tumor_006,1,0.5,150,0.9999998807907104,4426,85,0
tumor_007,1,0.5,150,1.0,5127,139,0
tumor_008,1,0.5,150,0.9999934434890747,9168,880,1
tumor_009,1,0.5,150,0.9999998807907104,37186,19924,1
tumor_010,1,0.5,150,1.0,6349,220,1
normal_001,0,0.5,150,0.9982325434684753,140,18,0
normal_002,0,0.5,150,0.9969657063484192,401,19,0
normal_003,0,0.5,150,0.9980204105377197,535,19,0
normal_004,0,0.5,150,0.9992819428443909,192,10,0
normal_005,0,0.5,150,0.9997621178627014,292,20,0
normal_006,0,0.5,150,0.9999808073043823,181,15,0
normal_007,0,0.5,150,0.9999586343765259,240,21,0
normal_008,0,0.5,150,0.9998903274536133,262,30,0
normal_009,0,0.5,150,0.9968344569206238,781,16,0
normal_010,0,0.5,150,0.9999960660934448,316,28,0
tumor_001,1,0.5,200,1.0,6299,1487,1
tumor_002,1,0.5,200,0.9999737739562988,1382,40,0
tumor_003,1,0.5,200,1.0,2268,332,1
tumor_004,1,0.5,200,0.9999897480010986,955,50,0
tumor_005,1,0.5,200,1.0,406,138,0
tumor_006,1,0.5,200,0.9999998807907104,4426,85,0
tumor_007,1,0.5,200,1.0,5127,139,0
tumor_008,1,0.5,200,0.9999934434890747,9168,880,1
tumor_009,1,0.5,200,0.9999998807907104,37186,19924,1
tumor_010,1,0.5,200,1.0,6349,220,1
normal_001,0,0.5,200,0.9982325434684753,140,18,0
normal_002,0,0.5,200,0.9969657063484192,401,19,0
normal_003,0,0.5,200,0.9980204105377197,535,19,0
normal_004,0,0.5,200,0.9992819428443909,192,10,0
normal_005,0,0.5,200,0.9997621178627014,292,20,0
normal_006,0,0.5,200,0.9999808073043823,181,15,0
normal_007,0,0.5,200,0.9999586343765259,240,21,0
normal_008,0,0.5,200,0.9998903274536133,262,30,0
normal_009,0,0.5,200,0.9968344569206238,781,16,0
normal_010,0,0.5,200,0.9999960660934448,316,28,0
