patch_threshold,min_component_size,n_slides,sensitivity,specificity,precision,f1,accuracy,tp,fp,fn,tn
0.9,10,20,1.0,0.7,0.7692307692307693,0.8695652173913044,0.85,10,3,0,7
0.9,20,20,0.9,1.0,1.0,0.9473684210526316,0.95,9,0,1,10
0.9,30,20,0.9,1.0,1.0,0.9473684210526316,0.95,9,0,1,10
0.9,40,20,0.9,1.0,1.0,0.9473684210526316,0.95,9,0,1,10
0.9,50,20,0.8,1.0,1.0,0.888888888888889,0.9,8,0,2,10
0.9,75,20,0.7,1.0,1.0,0.8235294117647058,0.85,7,0,3,10
0.9,100,20,0.5,1.0,1.0,0.6666666666666666,0.75,5,0,5,10
0.9,150,20,0.4,1.0,1.0,0.5714285714285715,0.7,4,0,6,10
0.9,200,20,0.3,1.0,1.0,0.4615384615384615,0.65,3,0,7,10
0.8,10,20,1.0,0.5,0.6666666666666666,0.8,0.75,10,5,0,5
0.8,20,20,1.0,1.0,1.0,1.0,1.0,10,0,0,10
0.8,30,20,0.9,1.0,1.0,0.9473684210526316,0.95,9,0,1,10
0.8,40,20,0.9,1.0,1.0,0.9473684210526316,0.95,9,0,1,10
0.8,50,20,0.8,1.0,1.0,0.888888888888889,0.9,8,0,2,10
0.8,75,20,0.7,1.0,1.0,0.8235294117647058,0.85,7,0,3,10
0.8,100,20,0.5,1.0,1.0,0.6666666666666666,0.75,5,0,5,10
0.8,150,20,0.4,1.0,1.0,0.5714285714285715,0.7,4,0,6,10
0.8,200,20,0.4,1.0,1.0,0.5714285714285715,0.7,4,0,6,10
0.7,10,20,1.0,0.4,0.625,0.7692307692307693,0.7,10,6,0,4
0.7,20,20,1.0,0.9,0.9090909090909091,0.9523809523809523,0.95,10,1,0,9
0.7,30,20,0.9,1.0,1.0,0.9473684210526316,0.95,9,0,1,10
0.7,40,20,0.9,1.0,1.0,0.9473684210526316,0.95,9,0,1,10
0.7,50,20,0.8,1.0,1.0,0.888888888888889,0.9,8,0,2,10
0.7,75,20,0.7,1.0,1.0,0.8235294117647058,0.85,7,0,3,10
0.7,100,20,0.7,1.0,1.0,0.8235294117647058,0.85,7,0,3,10
0.7,150,20,0.4,1.0,1.0,0.5714285714285715,0.7,4,0,6,10
0.7,200,20,0.4,1.0,1.0,0.5714285714285715,0.7,4,0,6,10
0.6,10,20,1.0,0.1,0.5263157894736842,0.6896551724137931,0.55,10,9,0,1
0.6,20,20,1.0,0.7,0.7692307692307693,0.8695652173913044,0.85,10,3,0,7
0.6,30,20,1.0,1.0,1.0,1.0,1.0,10,0,0,10
0.6,40,20,0.9,1.0,1.0,0.9473684210526316,0.95,9,0,1,10
0.6,50,20,0.8,1.0,1.0,0.888888888888889,0.9,8,0,2,10
0.6,75,20,0.8,1.0,1.0,0.888888888888889,0.9,8,0,2,10
0.6,100,20,0.7,1.0,1.0,0.8235294117647058,0.85,7,0,3,10
0.6,150,20,0.5,1.0,1.0,0.6666666666666666,0.75,5,0,5,10
0.6,200,20,0.4,1.0,1.0,0.5714285714285715,0.7,4,0,6,10
0.5,10,20,1.0,0.0,0.5,0.6666666666666666,0.5,10,10,0,0
0.5,20,20,1.0,0.6,0.7142857142857143,0.8333333333333333,0.8,10,4,0,6
0.5,30,20,1.0,0.9,0.9090909090909091,0.9523809523809523,0.95,10,1,0,9
0.5,40,20,1.0,1.0,1.0,1.0,1.0,10,0,0,10
0.5,50,20,0.9,1.0,1.0,0.9473684210526316,0.95,9,0,1,10
0.5,75,20,0.8,1.0,1.0,0.888888888888889,0.9,8,0,2,10
0.5,100,20,0.7,1.0,1.0,0.8235294117647058,0.85,7,0,3,10
0.5,150,20,0.5,1.0,1.0,0.6666666666666666,0.75,5,0,5,10
0.5,200,20,0.5,1.0,1.0,0.6666666666666666,0.75,5,0,5,10
