slide_id,true_label,patch_threshold,min_component_size,max_prob,positive_patches,largest_component,pred_label
normal_011,0,0.9,10,1.0,170,19,1
normal_022,0,0.9,10,0.9995900988578796,290,14,1
normal_025,0,0.9,10,0.9993426203727722,61,5,0
normal_028,0,0.9,10,0.9999918937683105,754,35,1
normal_032,0,0.9,10,0.9999990463256836,264,11,1
normal_011,0,0.9,20,1.0,170,19,0
normal_022,0,0.9,20,0.9995900988578796,290,14,0
normal_025,0,0.9,20,0.9993426203727722,61,5,0
normal_028,0,0.9,20,0.9999918937683105,754,35,1
normal_032,0,0.9,20,0.9999990463256836,264,11,0
normal_011,0,0.9,30,1.0,170,19,0
normal_022,0,0.9,30,0.9995900988578796,290,14,0
normal_025,0,0.9,30,0.9993426203727722,61,5,0
normal_028,0,0.9,30,0.9999918937683105,754,35,1
normal_032,0,0.9,30,0.9999990463256836,264,11,0
normal_011,0,0.9,40,1.0,170,19,0
normal_022,0,0.9,40,0.9995900988578796,290,14,0
normal_025,0,0.9,40,0.9993426203727722,61,5,0
normal_028,0,0.9,40,0.9999918937683105,754,35,0
normal_032,0,0.9,40,0.9999990463256836,264,11,0
normal_011,0,0.9,50,1.0,170,19,0
normal_022,0,0.9,50,0.9995900988578796,290,14,0
normal_025,0,0.9,50,0.9993426203727722,61,5,0
normal_028,0,0.9,50,0.9999918937683105,754,35,0
normal_032,0,0.9,50,0.9999990463256836,264,11,0
normal_011,0,0.9,75,1.0,170,19,0
normal_022,0,0.9,75,0.9995900988578796,290,14,0
normal_025,0,0.9,75,0.9993426203727722,61,5,0
normal_028,0,0.9,75,0.9999918937683105,754,35,0
normal_032,0,0.9,75,0.9999990463256836,264,11,0
normal_011,0,0.9,100,1.0,170,19,0
normal_022,0,0.9,100,0.9995900988578796,290,14,0
normal_025,0,0.9,100,0.9993426203727722,61,5,0
normal_028,0,0.9,100,0.9999918937683105,754,35,0
normal_032,0,0.9,100,0.9999990463256836,264,11,0
normal_011,0,0.9,150,1.0,170,19,0
normal_022,0,0.9,150,0.9995900988578796,290,14,0
normal_025,0,0.9,150,0.9993426203727722,61,5,0
normal_028,0,0.9,150,0.9999918937683105,754,35,0
normal_032,0,0.9,150,0.9999990463256836,264,11,0
normal_011,0,0.9,200,1.0,170,19,0
normal_022,0,0.9,200,0.9995900988578796,290,14,0
normal_025,0,0.9,200,0.9993426203727722,61,5,0
normal_028,0,0.9,200,0.9999918937683105,754,35,0
normal_032,0,0.9,200,0.9999990463256836,264,11,0
normal_011,0,0.8,10,1.0,292,20,1
normal_022,0,0.8,10,0.9995900988578796,544,49,1
normal_025,0,0.8,10,0.9993426203727722,148,8,0
normal_028,0,0.8,10,0.9999918937683105,1251,64,1
normal_032,0,0.8,10,0.9999990463256836,439,14,1
normal_011,0,0.8,20,1.0,292,20,1
normal_022,0,0.8,20,0.9995900988578796,544,49,1
normal_025,0,0.8,20,0.9993426203727722,148,8,0
normal_028,0,0.8,20,0.9999918937683105,1251,64,1
normal_032,0,0.8,20,0.9999990463256836,439,14,0
normal_011,0,0.8,30,1.0,292,20,0
normal_022,0,0.8,30,0.9995900988578796,544,49,1
normal_025,0,0.8,30,0.9993426203727722,148,8,0
normal_028,0,0.8,30,0.9999918937683105,1251,64,1
normal_032,0,0.8,30,0.9999990463256836,439,14,0
normal_011,0,0.8,40,1.0,292,20,0
normal_022,0,0.8,40,0.9995900988578796,544,49,1
normal_025,0,0.8,40,0.9993426203727722,148,8,0
normal_028,0,0.8,40,0.9999918937683105,1251,64,1
normal_032,0,0.8,40,0.9999990463256836,439,14,0
normal_011,0,0.8,50,1.0,292,20,0
normal_022,0,0.8,50,0.9995900988578796,544,49,0
normal_025,0,0.8,50,0.9993426203727722,148,8,0
normal_028,0,0.8,50,0.9999918937683105,1251,64,1
normal_032,0,0.8,50,0.9999990463256836,439,14,0
normal_011,0,0.8,75,1.0,292,20,0
normal_022,0,0.8,75,0.9995900988578796,544,49,0
normal_025,0,0.8,75,0.9993426203727722,148,8,0
normal_028,0,0.8,75,0.9999918937683105,1251,64,0
normal_032,0,0.8,75,0.9999990463256836,439,14,0
normal_011,0,0.8,100,1.0,292,20,0
normal_022,0,0.8,100,0.9995900988578796,544,49,0
normal_025,0,0.8,100,0.9993426203727722,148,8,0
normal_028,0,0.8,100,0.9999918937683105,1251,64,0
normal_032,0,0.8,100,0.9999990463256836,439,14,0
normal_011,0,0.8,150,1.0,292,20,0
normal_022,0,0.8,150,0.9995900988578796,544,49,0
normal_025,0,0.8,150,0.9993426203727722,148,8,0
normal_028,0,0.8,150,0.9999918937683105,1251,64,0
normal_032,0,0.8,150,0.9999990463256836,439,14,0
normal_011,0,0.8,200,1.0,292,20,0
normal_022,0,0.8,200,0.9995900988578796,544,49,0
normal_025,0,0.8,200,0.9993426203727722,148,8,0
normal_028,0,0.8,200,0.9999918937683105,1251,64,0
normal_032,0,0.8,200,0.9999990463256836,439,14,0
normal_011,0,0.7,10,1.0,428,22,1
normal_022,0,0.7,10,0.9995900988578796,787,61,1
normal_025,0,0.7,10,0.9993426203727722,202,13,1
normal_028,0,0.7,10,0.9999918937683105,1698,75,1
normal_032,0,0.7,10,0.9999990463256836,613,19,1
normal_011,0,0.7,20,1.0,428,22,1
normal_022,0,0.7,20,0.9995900988578796,787,61,1
normal_025,0,0.7,20,0.9993426203727722,202,13,0
normal_028,0,0.7,20,0.9999918937683105,1698,75,1
normal_032,0,0.7,20,0.9999990463256836,613,19,0
normal_011,0,0.7,30,1.0,428,22,0
normal_022,0,0.7,30,0.9995900988578796,787,61,1
normal_025,0,0.7,30,0.9993426203727722,202,13,0
normal_028,0,0.7,30,0.9999918937683105,1698,75,1
normal_032,0,0.7,30,0.9999990463256836,613,19,0
normal_011,0,0.7,40,1.0,428,22,0
normal_022,0,0.7,40,0.9995900988578796,787,61,1
normal_025,0,0.7,40,0.9993426203727722,202,13,0
normal_028,0,0.7,40,0.9999918937683105,1698,75,1
normal_032,0,0.7,40,0.9999990463256836,613,19,0
normal_011,0,0.7,50,1.0,428,22,0
normal_022,0,0.7,50,0.9995900988578796,787,61,1
normal_025,0,0.7,50,0.9993426203727722,202,13,0
normal_028,0,0.7,50,0.9999918937683105,1698,75,1
normal_032,0,0.7,50,0.9999990463256836,613,19,0
normal_011,0,0.7,75,1.0,428,22,0
normal_022,0,0.7,75,0.9995900988578796,787,61,0
normal_025,0,0.7,75,0.9993426203727722,202,13,0
normal_028,0,0.7,75,0.9999918937683105,1698,75,1
normal_032,0,0.7,75,0.9999990463256836,613,19,0
normal_011,0,0.7,100,1.0,428,22,0
normal_022,0,0.7,100,0.9995900988578796,787,61,0
normal_025,0,0.7,100,0.9993426203727722,202,13,0
normal_028,0,0.7,100,0.9999918937683105,1698,75,0
normal_032,0,0.7,100,0.9999990463256836,613,19,0
normal_011,0,0.7,150,1.0,428,22,0
normal_022,0,0.7,150,0.9995900988578796,787,61,0
normal_025,0,0.7,150,0.9993426203727722,202,13,0
normal_028,0,0.7,150,0.9999918937683105,1698,75,0
normal_032,0,0.7,150,0.9999990463256836,613,19,0
normal_011,0,0.7,200,1.0,428,22,0
normal_022,0,0.7,200,0.9995900988578796,787,61,0
normal_025,0,0.7,200,0.9993426203727722,202,13,0
normal_028,0,0.7,200,0.9999918937683105,1698,75,0
normal_032,0,0.7,200,0.9999990463256836,613,19,0
normal_011,0,0.6,10,1.0,581,30,1
normal_022,0,0.6,10,0.9995900988578796,1042,71,1
normal_025,0,0.6,10,0.9993426203727722,322,14,1
normal_028,0,0.6,10,0.9999918937683105,2144,105,1
normal_032,0,0.6,10,0.9999990463256836,775,20,1
normal_011,0,0.6,20,1.0,581,30,1
normal_022,0,0.6,20,0.9995900988578796,1042,71,1
normal_025,0,0.6,20,0.9993426203727722,322,14,0
normal_028,0,0.6,20,0.9999918937683105,2144,105,1
normal_032,0,0.6,20,0.9999990463256836,775,20,1
normal_011,0,0.6,30,1.0,581,30,1
normal_022,0,0.6,30,0.9995900988578796,1042,71,1
normal_025,0,0.6,30,0.9993426203727722,322,14,0
normal_028,0,0.6,30,0.9999918937683105,2144,105,1
normal_032,0,0.6,30,0.9999990463256836,775,20,0
normal_011,0,0.6,40,1.0,581,30,0
normal_022,0,0.6,40,0.9995900988578796,1042,71,1
normal_025,0,0.6,40,0.9993426203727722,322,14,0
normal_028,0,0.6,40,0.9999918937683105,2144,105,1
normal_032,0,0.6,40,0.9999990463256836,775,20,0
normal_011,0,0.6,50,1.0,581,30,0
normal_022,0,0.6,50,0.9995900988578796,1042,71,1
normal_025,0,0.6,50,0.9993426203727722,322,14,0
normal_028,0,0.6,50,0.9999918937683105,2144,105,1
normal_032,0,0.6,50,0.9999990463256836,775,20,0
normal_011,0,0.6,75,1.0,581,30,0
normal_022,0,0.6,75,0.9995900988578796,1042,71,0
normal_025,0,0.6,75,0.9993426203727722,322,14,0
normal_028,0,0.6,75,0.9999918937683105,2144,105,1
normal_032,0,0.6,75,0.9999990463256836,775,20,0
normal_011,0,0.6,100,1.0,581,30,0
normal_022,0,0.6,100,0.9995900988578796,1042,71,0
normal_025,0,0.6,100,0.9993426203727722,322,14,0
normal_028,0,0.6,100,0.9999918937683105,2144,105,1
normal_032,0,0.6,100,0.9999990463256836,775,20,0
normal_011,0,0.6,150,1.0,581,30,0
normal_022,0,0.6,150,0.9995900988578796,1042,71,0
normal_025,0,0.6,150,0.9993426203727722,322,14,0
normal_028,0,0.6,150,0.9999918937683105,2144,105,0
normal_032,0,0.6,150,0.9999990463256836,775,20,0
normal_011,0,0.6,200,1.0,581,30,0
normal_022,0,0.6,200,0.9995900988578796,1042,71,0
normal_025,0,0.6,200,0.9993426203727722,322,14,0
normal_028,0,0.6,200,0.9999918937683105,2144,105,0
normal_032,0,0.6,200,0.9999990463256836,775,20,0
normal_011,0,0.5,10,1.0,772,36,1
normal_022,0,0.5,10,0.9995900988578796,1355,79,1
normal_025,0,0.5,10,0.9993426203727722,449,17,1
normal_028,0,0.5,10,0.9999918937683105,2590,111,1
normal_032,0,0.5,10,0.9999990463256836,966,26,1
normal_011,0,0.5,20,1.0,772,36,1
normal_022,0,0.5,20,0.9995900988578796,1355,79,1
normal_025,0,0.5,20,0.9993426203727722,449,17,0
normal_028,0,0.5,20,0.9999918937683105,2590,111,1
normal_032,0,0.5,20,0.9999990463256836,966,26,1
normal_011,0,0.5,30,1.0,772,36,1
normal_022,0,0.5,30,0.9995900988578796,1355,79,1
normal_025,0,0.5,30,0.9993426203727722,449,17,0
normal_028,0,0.5,30,0.9999918937683105,2590,111,1
normal_032,0,0.5,30,0.9999990463256836,966,26,0
normal_011,0,0.5,40,1.0,772,36,0
normal_022,0,0.5,40,0.9995900988578796,1355,79,1
normal_025,0,0.5,40,0.9993426203727722,449,17,0
normal_028,0,0.5,40,0.9999918937683105,2590,111,1
normal_032,0,0.5,40,0.9999990463256836,966,26,0
normal_011,0,0.5,50,1.0,772,36,0
normal_022,0,0.5,50,0.9995900988578796,1355,79,1
normal_025,0,0.5,50,0.9993426203727722,449,17,0
normal_028,0,0.5,50,0.9999918937683105,2590,111,1
normal_032,0,0.5,50,0.9999990463256836,966,26,0
normal_011,0,0.5,75,1.0,772,36,0
normal_022,0,0.5,75,0.9995900988578796,1355,79,1
normal_025,0,0.5,75,0.9993426203727722,449,17,0
normal_028,0,0.5,75,0.9999918937683105,2590,111,1
normal_032,0,0.5,75,0.9999990463256836,966,26,0
normal_011,0,0.5,100,1.0,772,36,0
normal_022,0,0.5,100,0.9995900988578796,1355,79,0
normal_025,0,0.5,100,0.9993426203727722,449,17,0
normal_028,0,0.5,100,0.9999918937683105,2590,111,1
normal_032,0,0.5,100,0.9999990463256836,966,26,0
normal_011,0,0.5,150,1.0,772,36,0
normal_022,0,0.5,150,0.9995900988578796,1355,79,0
normal_025,0,0.5,150,0.9993426203727722,449,17,0
normal_028,0,0.5,150,0.9999918937683105,2590,111,0
normal_032,0,0.5,150,0.9999990463256836,966,26,0
normal_011,0,0.5,200,1.0,772,36,0
normal_022,0,0.5,200,0.9995900988578796,1355,79,0
normal_025,0,0.5,200,0.9993426203727722,449,17,0
normal_028,0,0.5,200,0.9999918937683105,2590,111,0
normal_032,0,0.5,200,0.9999990463256836,966,26,0
