candidate_id,slide_id,x,y,selection_reason,iter7_prob,iter8_prob,probability_drop,image,tumor_at_center,dominant_pattern,likely_failure_mechanism,iter9_priority,reviewer,review_date,notes
tumor_071_site_01,tumor_071,19840,37248,largest_iter7_to_iter8_drop,0.99983788,0.00004008,0.99979780,images/tumor_071_site_01.jpg,,,,,,,
tumor_071_site_02,tumor_071,58880,68992,largest_iter7_to_iter8_drop,0.99986923,0.00027513,0.99959410,images/tumor_071_site_02.jpg,,,,,,,
tumor_071_site_03,tumor_071,65920,67712,largest_iter7_to_iter8_drop,0.99963498,0.00011586,0.99951912,images/tumor_071_site_03.jpg,,,,,,,
tumor_071_site_04,tumor_071,147712,67200,largest_iter7_to_iter8_drop,0.99961829,0.00010317,0.99951512,images/tumor_071_site_04.jpg,,,,,,,
tumor_071_site_05,tumor_071,154624,66816,largest_iter7_to_iter8_drop,0.99966168,0.00034274,0.99931894,images/tumor_071_site_05.jpg,,,,,,,
tumor_071_site_06,tumor_071,146048,67328,largest_iter7_to_iter8_drop,0.99921834,0.00002134,0.99919700,images/tumor_071_site_06.jpg,,,,,,,
tumor_071_site_07,tumor_071,107904,37888,largest_iter7_to_iter8_drop,0.99976820,0.00072601,0.99904218,images/tumor_071_site_07.jpg,,,,,,,
tumor_071_site_08,tumor_071,152576,65408,largest_iter7_to_iter8_drop,0.99911982,0.00019790,0.99892192,images/tumor_071_site_08.jpg,,,,,,,
tumor_071_site_09,tumor_071,23424,36352,largest_iter7_to_iter8_drop,0.99880719,0.00002484,0.99878235,images/tumor_071_site_09.jpg,,,,,,,
tumor_071_site_10,tumor_071,146432,69120,largest_iter7_to_iter8_drop,0.99839777,0.00025584,0.99814193,images/tumor_071_site_10.jpg,,,,,,,
tumor_071_site_11,tumor_071,107776,38400,highest_remaining_iter8_signal,0.96814615,0.51230413,0.45584202,images/tumor_071_site_11.jpg,,,,,,,
tumor_071_site_12,tumor_071,146560,66816,highest_remaining_iter8_signal,0.96174467,0.13858959,0.82315508,images/tumor_071_site_12.jpg,,,,,,,
tumor_074_site_01,tumor_074,21888,75904,largest_iter7_to_iter8_drop,0.99996889,0.00019564,0.99977324,images/tumor_074_site_01.jpg,,,,,,,
tumor_074_site_02,tumor_074,22400,77568,largest_iter7_to_iter8_drop,0.99942291,0.00036861,0.99905430,images/tumor_074_site_02.jpg,,,,,,,
tumor_074_site_03,tumor_074,24320,76672,largest_iter7_to_iter8_drop,0.99934763,0.00304588,0.99630175,images/tumor_074_site_03.jpg,,,,,,,
tumor_074_site_04,tumor_074,21632,72448,largest_iter7_to_iter8_drop,0.99540776,0.00233609,0.99307168,images/tumor_074_site_04.jpg,,,,,,,
tumor_074_site_05,tumor_074,24576,78336,largest_iter7_to_iter8_drop,0.99671519,0.00414705,0.99256814,images/tumor_074_site_05.jpg,,,,,,,
tumor_074_site_06,tumor_074,21248,74240,largest_iter7_to_iter8_drop,0.96008539,0.00236507,0.95772032,images/tumor_074_site_06.jpg,,,,,,,
tumor_074_site_07,tumor_074,23424,75392,largest_iter7_to_iter8_drop,0.99880719,0.27219364,0.72661355,images/tumor_074_site_07.jpg,,,,,,,
tumor_074_site_08,tumor_074,21248,75392,largest_iter7_to_iter8_drop,0.99940121,0.00066840,0.99873281,images/tumor_074_site_08.jpg,,,,,,,
tumor_074_site_09,tumor_074,22016,75136,largest_iter7_to_iter8_drop,0.99898034,0.00227690,0.99670344,images/tumor_074_site_09.jpg,,,,,,,
tumor_074_site_10,tumor_074,23296,77056,largest_iter7_to_iter8_drop,0.99617058,0.00037133,0.99579925,images/tumor_074_site_10.jpg,,,,,,,
tumor_074_site_11,tumor_074,23424,75648,highest_remaining_iter8_signal,0.99994731,0.99991930,0.00002801,images/tumor_074_site_11.jpg,,,,,,,
tumor_074_site_12,tumor_074,23168,77696,highest_remaining_iter8_signal,1.00000000,0.99991596,0.00008404,images/tumor_074_site_12.jpg,,,,,,,
tumor_096_site_01,tumor_096,110720,19456,largest_iter7_to_iter8_drop,0.99978489,0.00032062,0.99946426,images/tumor_096_site_01.jpg,,,,,,,
tumor_096_site_02,tumor_096,113280,19200,largest_iter7_to_iter8_drop,0.99936825,0.00039981,0.99896844,images/tumor_096_site_02.jpg,,,,,,,
tumor_096_site_03,tumor_096,40320,15872,largest_iter7_to_iter8_drop,0.99892586,0.00017011,0.99875576,images/tumor_096_site_03.jpg,,,,,,,
tumor_096_site_04,tumor_096,113792,16256,largest_iter7_to_iter8_drop,0.99986184,0.00156310,0.99829873,images/tumor_096_site_04.jpg,,,,,,,
tumor_096_site_05,tumor_096,43904,12160,largest_iter7_to_iter8_drop,0.99711728,0.00013065,0.99698663,images/tumor_096_site_05.jpg,,,,,,,
tumor_096_site_06,tumor_096,118784,22528,largest_iter7_to_iter8_drop,0.99738044,0.00060669,0.99677374,images/tumor_096_site_06.jpg,,,,,,,
tumor_096_site_07,tumor_096,42112,16896,largest_iter7_to_iter8_drop,0.99574608,0.00000106,0.99574501,images/tumor_096_site_07.jpg,,,,,,,
tumor_096_site_08,tumor_096,41472,12672,largest_iter7_to_iter8_drop,0.99112695,0.00030561,0.99082135,images/tumor_096_site_08.jpg,,,,,,,
tumor_096_site_09,tumor_096,111616,14720,largest_iter7_to_iter8_drop,0.99028242,0.00043666,0.98984575,images/tumor_096_site_09.jpg,,,,,,,
tumor_096_site_10,tumor_096,42624,15360,largest_iter7_to_iter8_drop,0.97859943,0.00064991,0.97794952,images/tumor_096_site_10.jpg,,,,,,,
tumor_096_site_11,tumor_096,40576,16000,highest_remaining_iter8_signal,0.99992466,0.29402223,0.70590243,images/tumor_096_site_11.jpg,,,,,,,
tumor_096_site_12,tumor_096,42240,11520,highest_remaining_iter8_signal,0.94838911,0.01827432,0.93011479,images/tumor_096_site_12.jpg,,,,,,,
