slide_id,true_label,patch_threshold,max_prob,positive_patches,largest_component,pred_label
normal_012,0,0.01,0.9950005412101746,5974,329,1
normal_012,0,0.02,0.9950005412101746,2848,67,1
normal_012,0,0.05,0.9950005412101746,878,22,1
normal_012,0,0.1,0.9950005412101746,349,7,1
normal_012,0,0.15,0.9950005412101746,197,7,1
normal_012,0,0.2,0.9950005412101746,132,6,1
normal_012,0,0.25,0.9950005412101746,94,5,1
normal_012,0,0.3,0.9950005412101746,71,5,1
normal_012,0,0.4,0.9950005412101746,43,5,1
normal_012,0,0.5,0.9950005412101746,31,4,1
normal_029,0,0.01,0.8894981741905212,3244,302,1
normal_029,0,0.02,0.8894981741905212,1837,106,1
normal_029,0,0.05,0.8894981741905212,794,48,1
normal_029,0,0.1,0.8894981741905212,354,28,1
normal_029,0,0.15,0.8894981741905212,212,13,1
normal_029,0,0.2,0.8894981741905212,143,7,1
normal_029,0,0.25,0.8894981741905212,98,4,1
normal_029,0,0.3,0.8894981741905212,67,3,1
normal_029,0,0.4,0.8894981741905212,31,3,1
normal_029,0,0.5,0.8894981741905212,16,3,1
normal_041,0,0.01,0.9506939649581909,16245,1581,1
normal_041,0,0.02,0.9506939649581909,8648,232,1
normal_041,0,0.05,0.9506939649581909,2153,25,1
normal_041,0,0.1,0.9506939649581909,477,6,1
normal_041,0,0.15,0.9506939649581909,218,5,1
normal_041,0,0.2,0.9506939649581909,149,5,1
normal_041,0,0.25,0.9506939649581909,102,5,1
normal_041,0,0.3,0.9506939649581909,85,4,1
normal_041,0,0.4,0.9506939649581909,49,3,1
normal_041,0,0.5,0.9506939649581909,28,2,1
normal_043,0,0.01,0.9820968508720398,642,55,1
normal_043,0,0.02,0.9820968508720398,304,42,1
normal_043,0,0.05,0.9820968508720398,94,15,1
normal_043,0,0.1,0.9820968508720398,51,13,1
normal_043,0,0.15,0.9820968508720398,32,12,1
normal_043,0,0.2,0.9820968508720398,24,10,1
normal_043,0,0.25,0.9820968508720398,18,10,1
normal_043,0,0.3,0.9820968508720398,17,9,1
normal_043,0,0.4,0.9820968508720398,15,8,1
normal_043,0,0.5,0.9820968508720398,11,6,1
normal_049,0,0.01,0.9993498921394348,7597,1447,1
normal_049,0,0.02,0.9993498921394348,5362,1102,1
normal_049,0,0.05,0.9993498921394348,3317,658,1
normal_049,0,0.1,0.9993498921394348,2263,359,1
normal_049,0,0.15,0.9993498921394348,1757,250,1
normal_049,0,0.2,0.9993498921394348,1450,207,1
normal_049,0,0.25,0.9993498921394348,1256,178,1
normal_049,0,0.3,0.9993498921394348,1078,104,1
normal_049,0,0.4,0.9993498921394348,794,32,1
normal_049,0,0.5,0.9993498921394348,620,28,1
normal_053,0,0.01,0.9999368190765381,20480,812,1
normal_053,0,0.02,0.9999368190765381,12647,488,1
normal_053,0,0.05,0.9999368190765381,6873,354,1
normal_053,0,0.1,0.9999368190765381,4348,290,1
normal_053,0,0.15,0.9999368190765381,3315,246,1
normal_053,0,0.2,0.9999368190765381,2724,231,1
normal_053,0,0.25,0.9999368190765381,2309,219,1
normal_053,0,0.3,0.9999368190765381,2032,195,1
normal_053,0,0.4,0.9999368190765381,1587,178,1
normal_053,0,0.5,0.9999368190765381,1231,95,1
normal_062,0,0.01,0.9688335061073303,4981,207,1
normal_062,0,0.02,0.9688335061073303,2342,87,1
normal_062,0,0.05,0.9688335061073303,842,47,1
normal_062,0,0.1,0.9688335061073303,410,32,1
normal_062,0,0.15,0.9688335061073303,258,14,1
normal_062,0,0.2,0.9688335061073303,183,8,1
normal_062,0,0.25,0.9688335061073303,134,8,1
normal_062,0,0.3,0.9688335061073303,114,8,1
normal_062,0,0.4,0.9688335061073303,69,6,1
normal_062,0,0.5,0.9688335061073303,39,5,1
normal_063,0,0.01,0.9483146071434021,6788,268,1
normal_063,0,0.02,0.9483146071434021,3740,150,1
normal_063,0,0.05,0.9483146071434021,1665,54,1
normal_063,0,0.1,0.9483146071434021,860,26,1
normal_063,0,0.15,0.9483146071434021,565,23,1
normal_063,0,0.2,0.9483146071434021,394,17,1
normal_063,0,0.25,0.9483146071434021,292,13,1
normal_063,0,0.3,0.9483146071434021,226,11,1
normal_063,0,0.4,0.9483146071434021,155,9,1
normal_063,0,0.5,0.9483146071434021,95,6,1
normal_072,0,0.01,0.9997900128364563,8777,198,1
normal_072,0,0.02,0.9997900128364563,5042,104,1
normal_072,0,0.05,0.9997900128364563,2357,52,1
normal_072,0,0.1,0.9997900128364563,1309,36,1
normal_072,0,0.15,0.9997900128364563,910,25,1
normal_072,0,0.2,0.9997900128364563,664,24,1
normal_072,0,0.25,0.9997900128364563,524,24,1
normal_072,0,0.3,0.9997900128364563,433,22,1
normal_072,0,0.4,0.9997900128364563,302,20,1
normal_072,0,0.5,0.9997900128364563,202,17,1
normal_074,0,0.01,0.999752938747406,20203,280,1
normal_074,0,0.02,0.999752938747406,11146,117,1
normal_074,0,0.05,0.999752938747406,4849,53,1
normal_074,0,0.1,0.999752938747406,2510,47,1
normal_074,0,0.15,0.999752938747406,1674,41,1
normal_074,0,0.2,0.999752938747406,1249,33,1
normal_074,0,0.25,0.999752938747406,962,20,1
normal_074,0,0.3,0.999752938747406,765,13,1
normal_074,0,0.4,0.999752938747406,501,9,1
normal_074,0,0.5,0.999752938747406,339,7,1
normal_082,0,0.01,0.9964724779129028,9026,135,1
normal_082,0,0.02,0.9964724779129028,4479,60,1
normal_082,0,0.05,0.9964724779129028,1635,27,1
normal_082,0,0.1,0.9964724779129028,807,26,1
normal_082,0,0.15,0.9964724779129028,531,25,1
normal_082,0,0.2,0.9964724779129028,366,22,1
normal_082,0,0.25,0.9964724779129028,269,22,1
normal_082,0,0.3,0.9964724779129028,224,20,1
normal_082,0,0.4,0.9964724779129028,133,14,1
normal_082,0,0.5,0.9964724779129028,92,10,1
normal_093,0,0.01,0.9915919303894043,11095,427,1
normal_093,0,0.02,0.9915919303894043,6759,143,1
normal_093,0,0.05,0.9915919303894043,3229,48,1
normal_093,0,0.1,0.9915919303894043,1672,30,1
normal_093,0,0.15,0.9915919303894043,1086,21,1
normal_093,0,0.2,0.9915919303894043,769,18,1
normal_093,0,0.25,0.9915919303894043,579,15,1
normal_093,0,0.3,0.9915919303894043,437,12,1
normal_093,0,0.4,0.9915919303894043,270,6,1
normal_093,0,0.5,0.9915919303894043,158,4,1
normal_094,0,0.01,0.9965564012527466,4011,100,1
normal_094,0,0.02,0.9965564012527466,2272,44,1
normal_094,0,0.05,0.9965564012527466,1056,20,1
normal_094,0,0.1,0.9965564012527466,553,15,1
normal_094,0,0.15,0.9965564012527466,384,14,1
normal_094,0,0.2,0.9965564012527466,301,13,1
normal_094,0,0.25,0.9965564012527466,227,10,1
normal_094,0,0.3,0.9965564012527466,186,10,1
normal_094,0,0.4,0.9965564012527466,126,9,1
normal_094,0,0.5,0.9965564012527466,97,8,1
normal_097,0,0.01,0.999908447265625,13953,480,1
normal_097,0,0.02,0.999908447265625,7617,65,1
normal_097,0,0.05,0.999908447265625,3199,55,1
normal_097,0,0.1,0.999908447265625,1756,40,1
normal_097,0,0.15,0.999908447265625,1220,38,1
normal_097,0,0.2,0.999908447265625,949,36,1
normal_097,0,0.25,0.999908447265625,764,31,1
normal_097,0,0.3,0.999908447265625,655,31,1
normal_097,0,0.4,0.999908447265625,448,27,1
normal_097,0,0.5,0.999908447265625,321,27,1
normal_099,0,0.01,0.9903438091278076,19763,117,1
normal_099,0,0.02,0.9903438091278076,10044,61,1
normal_099,0,0.05,0.9903438091278076,3899,45,1
normal_099,0,0.1,0.9903438091278076,1970,24,1
normal_099,0,0.15,0.9903438091278076,1287,13,1
normal_099,0,0.2,0.9903438091278076,893,12,1
normal_099,0,0.25,0.9903438091278076,678,12,1
normal_099,0,0.3,0.9903438091278076,539,11,1
normal_099,0,0.4,0.9903438091278076,354,8,1
normal_099,0,0.5,0.9903438091278076,255,8,1
normal_100,0,0.01,0.9819013476371765,7436,414,1
normal_100,0,0.02,0.9819013476371765,4162,319,1
normal_100,0,0.05,0.9819013476371765,1916,220,1
normal_100,0,0.1,0.9819013476371765,1055,126,1
normal_100,0,0.15,0.9819013476371765,718,48,1
normal_100,0,0.2,0.9819013476371765,520,32,1
normal_100,0,0.25,0.9819013476371765,383,16,1
normal_100,0,0.3,0.9819013476371765,288,15,1
normal_100,0,0.4,0.9819013476371765,184,13,1
normal_100,0,0.5,0.9819013476371765,104,10,1
normal_102,0,0.01,0.1807185411453247,95,7,1
normal_102,0,0.02,0.1807185411453247,34,3,1
normal_102,0,0.05,0.1807185411453247,6,2,1
normal_102,0,0.1,0.1807185411453247,2,1,1
normal_102,0,0.15,0.1807185411453247,2,1,1
normal_102,0,0.2,0.1807185411453247,0,0,0
normal_102,0,0.25,0.1807185411453247,0,0,0
normal_102,0,0.3,0.1807185411453247,0,0,0
normal_102,0,0.4,0.1807185411453247,0,0,0
normal_102,0,0.5,0.1807185411453247,0,0,0
normal_113,0,0.01,0.024953128769993782,9,2,1
normal_113,0,0.02,0.024953128769993782,1,1,1
normal_113,0,0.05,0.024953128769993782,0,0,0
normal_113,0,0.1,0.024953128769993782,0,0,0
normal_113,0,0.15,0.024953128769993782,0,0,0
normal_113,0,0.2,0.024953128769993782,0,0,0
normal_113,0,0.25,0.024953128769993782,0,0,0
normal_113,0,0.3,0.024953128769993782,0,0,0
normal_113,0,0.4,0.024953128769993782,0,0,0
normal_113,0,0.5,0.024953128769993782,0,0,0
normal_122,0,0.01,0.4695691466331482,521,19,1
normal_122,0,0.02,0.4695691466331482,108,17,1
normal_122,0,0.05,0.4695691466331482,21,13,1
normal_122,0,0.1,0.4695691466331482,15,11,1
normal_122,0,0.15,0.4695691466331482,8,6,1
normal_122,0,0.2,0.4695691466331482,5,4,1
normal_122,0,0.25,0.4695691466331482,3,2,1
normal_122,0,0.3,0.4695691466331482,2,1,1
normal_122,0,0.4,0.4695691466331482,1,1,1
normal_122,0,0.5,0.4695691466331482,0,0,0
normal_124,0,0.01,0.117587611079216,726,55,1
normal_124,0,0.02,0.117587611079216,227,23,1
normal_124,0,0.05,0.117587611079216,16,4,1
normal_124,0,0.1,0.117587611079216,3,1,1
normal_124,0,0.15,0.117587611079216,0,0,0
normal_124,0,0.2,0.117587611079216,0,0,0
normal_124,0,0.25,0.117587611079216,0,0,0
normal_124,0,0.3,0.117587611079216,0,0,0
normal_124,0,0.4,0.117587611079216,0,0,0
normal_124,0,0.5,0.117587611079216,0,0,0
normal_132,0,0.01,0.45924118161201477,495,18,1
normal_132,0,0.02,0.45924118161201477,106,5,1
normal_132,0,0.05,0.45924118161201477,19,4,1
normal_132,0,0.1,0.45924118161201477,5,2,1
normal_132,0,0.15,0.45924118161201477,3,1,1
normal_132,0,0.2,0.45924118161201477,1,1,1
normal_132,0,0.25,0.45924118161201477,1,1,1
normal_132,0,0.3,0.45924118161201477,1,1,1
normal_132,0,0.4,0.45924118161201477,1,1,1
normal_132,0,0.5,0.45924118161201477,0,0,0
normal_136,0,0.01,0.5983399748802185,556,17,1
normal_136,0,0.02,0.5983399748802185,89,5,1
normal_136,0,0.05,0.5983399748802185,8,4,1
normal_136,0,0.1,0.5983399748802185,1,1,1
normal_136,0,0.15,0.5983399748802185,1,1,1
normal_136,0,0.2,0.5983399748802185,1,1,1
normal_136,0,0.25,0.5983399748802185,1,1,1
normal_136,0,0.3,0.5983399748802185,1,1,1
normal_136,0,0.4,0.5983399748802185,1,1,1
normal_136,0,0.5,0.5983399748802185,1,1,1
normal_137,0,0.01,0.5106217265129089,218,18,1
normal_137,0,0.02,0.5106217265129089,43,7,1
normal_137,0,0.05,0.5106217265129089,6,2,1
normal_137,0,0.1,0.5106217265129089,2,1,1
normal_137,0,0.15,0.5106217265129089,1,1,1
normal_137,0,0.2,0.5106217265129089,1,1,1
normal_137,0,0.25,0.5106217265129089,1,1,1
normal_137,0,0.3,0.5106217265129089,1,1,1
normal_137,0,0.4,0.5106217265129089,1,1,1
normal_137,0,0.5,0.5106217265129089,1,1,1
normal_138,0,0.01,0.05671991780400276,93,18,1
normal_138,0,0.02,0.05671991780400276,21,5,1
normal_138,0,0.05,0.05671991780400276,1,1,1
normal_138,0,0.1,0.05671991780400276,0,0,0
normal_138,0,0.15,0.05671991780400276,0,0,0
normal_138,0,0.2,0.05671991780400276,0,0,0
normal_138,0,0.25,0.05671991780400276,0,0,0
normal_138,0,0.3,0.05671991780400276,0,0,0
normal_138,0,0.4,0.05671991780400276,0,0,0
normal_138,0,0.5,0.05671991780400276,0,0,0
normal_140,0,0.01,0.09829343110322952,1463,135,1
normal_140,0,0.02,0.09829343110322952,311,26,1
normal_140,0,0.05,0.09829343110322952,22,5,1
normal_140,0,0.1,0.09829343110322952,0,0,0
normal_140,0,0.15,0.09829343110322952,0,0,0
normal_140,0,0.2,0.09829343110322952,0,0,0
normal_140,0,0.25,0.09829343110322952,0,0,0
normal_140,0,0.3,0.09829343110322952,0,0,0
normal_140,0,0.4,0.09829343110322952,0,0,0
normal_140,0,0.5,0.09829343110322952,0,0,0
normal_142,0,0.01,0.11755573004484177,166,11,1
normal_142,0,0.02,0.11755573004484177,37,4,1
normal_142,0,0.05,0.11755573004484177,3,1,1
normal_142,0,0.1,0.11755573004484177,1,1,1
normal_142,0,0.15,0.11755573004484177,0,0,0
normal_142,0,0.2,0.11755573004484177,0,0,0
normal_142,0,0.25,0.11755573004484177,0,0,0
normal_142,0,0.3,0.11755573004484177,0,0,0
normal_142,0,0.4,0.11755573004484177,0,0,0
normal_142,0,0.5,0.11755573004484177,0,0,0
normal_145,0,0.01,0.43427786231040955,2004,61,1
normal_145,0,0.02,0.43427786231040955,610,19,1
normal_145,0,0.05,0.43427786231040955,51,2,1
normal_145,0,0.1,0.43427786231040955,5,1,1
normal_145,0,0.15,0.43427786231040955,1,1,1
normal_145,0,0.2,0.43427786231040955,1,1,1
normal_145,0,0.25,0.43427786231040955,1,1,1
normal_145,0,0.3,0.43427786231040955,1,1,1
normal_145,0,0.4,0.43427786231040955,1,1,1
normal_145,0,0.5,0.43427786231040955,0,0,0
normal_149,0,0.01,0.13395141065120697,701,47,1
normal_149,0,0.02,0.13395141065120697,143,11,1
normal_149,0,0.05,0.13395141065120697,8,1,1
normal_149,0,0.1,0.13395141065120697,4,1,1
normal_149,0,0.15,0.13395141065120697,0,0,0
normal_149,0,0.2,0.13395141065120697,0,0,0
normal_149,0,0.25,0.13395141065120697,0,0,0
normal_149,0,0.3,0.13395141065120697,0,0,0
normal_149,0,0.4,0.13395141065120697,0,0,0
normal_149,0,0.5,0.13395141065120697,0,0,0
normal_153,0,0.01,0.026116907596588135,62,8,1
normal_153,0,0.02,0.026116907596588135,7,2,1
normal_153,0,0.05,0.026116907596588135,0,0,0
normal_153,0,0.1,0.026116907596588135,0,0,0
normal_153,0,0.15,0.026116907596588135,0,0,0
normal_153,0,0.2,0.026116907596588135,0,0,0
normal_153,0,0.25,0.026116907596588135,0,0,0
normal_153,0,0.3,0.026116907596588135,0,0,0
normal_153,0,0.4,0.026116907596588135,0,0,0
normal_153,0,0.5,0.026116907596588135,0,0,0
tumor_014,1,0.01,1.0,27300,3961,1
tumor_014,1,0.02,1.0,21266,3860,1
tumor_014,1,0.05,1.0,15444,3731,1
tumor_014,1,0.1,1.0,12213,3634,1
tumor_014,1,0.15,1.0,10597,3597,1
tumor_014,1,0.2,1.0,9584,3560,1
tumor_014,1,0.25,1.0,8880,3526,1
tumor_014,1,0.3,1.0,8316,3502,1
tumor_014,1,0.4,1.0,7433,3462,1
tumor_014,1,0.5,1.0,6765,3436,1
tumor_016,1,0.01,0.9999998807907104,12087,6322,1
tumor_016,1,0.02,0.9999998807907104,9955,5938,1
tumor_016,1,0.05,0.9999998807907104,8158,5312,1
tumor_016,1,0.1,0.9999998807907104,7125,4721,1
tumor_016,1,0.15,0.9999998807907104,6538,4344,1
tumor_016,1,0.2,0.9999998807907104,6086,2255,1
tumor_016,1,0.25,0.9999998807907104,5733,2121,1
tumor_016,1,0.3,0.9999998807907104,5395,1919,1
tumor_016,1,0.4,0.9999998807907104,4821,1457,1
tumor_016,1,0.5,0.9999998807907104,4333,800,1
tumor_017,1,0.01,0.9999890327453613,13435,277,1
tumor_017,1,0.02,0.9999890327453613,6136,118,1
tumor_017,1,0.05,0.9999890327453613,1983,29,1
tumor_017,1,0.1,0.9999890327453613,920,17,1
tumor_017,1,0.15,0.9999890327453613,599,14,1
tumor_017,1,0.2,0.9999890327453613,442,14,1
tumor_017,1,0.25,0.9999890327453613,349,13,1
tumor_017,1,0.3,0.9999890327453613,283,10,1
tumor_017,1,0.4,0.9999890327453613,196,8,1
tumor_017,1,0.5,0.9999890327453613,157,7,1
tumor_020,1,0.01,1.0,47913,12157,1
tumor_020,1,0.02,1.0,42149,11414,1
tumor_020,1,0.05,1.0,36499,10491,1
tumor_020,1,0.1,1.0,33454,8190,1
tumor_020,1,0.15,1.0,31831,7976,1
tumor_020,1,0.2,1.0,30811,7880,1
tumor_020,1,0.25,1.0,30079,7800,1
tumor_020,1,0.3,1.0,29434,7722,1
tumor_020,1,0.4,1.0,28392,7636,1
tumor_020,1,0.5,1.0,27458,7504,1
tumor_022,1,0.01,0.9999603033065796,6729,287,1
tumor_022,1,0.02,0.9999603033065796,3535,224,1
tumor_022,1,0.05,0.9999603033065796,1465,148,1
tumor_022,1,0.1,0.9999603033065796,774,61,1
tumor_022,1,0.15,0.9999603033065796,578,57,1
tumor_022,1,0.2,0.9999603033065796,439,56,1
tumor_022,1,0.25,0.9999603033065796,364,53,1
tumor_022,1,0.3,0.9999603033065796,303,52,1
tumor_022,1,0.4,0.9999603033065796,226,45,1
tumor_022,1,0.5,0.9999603033065796,192,43,1
tumor_040,1,0.01,0.9999909400939941,17594,395,1
tumor_040,1,0.02,0.9999909400939941,10149,237,1
tumor_040,1,0.05,0.9999909400939941,4580,143,1
tumor_040,1,0.1,0.9999909400939941,2470,97,1
tumor_040,1,0.15,0.9999909400939941,1712,73,1
tumor_040,1,0.2,0.9999909400939941,1306,51,1
tumor_040,1,0.25,0.9999909400939941,1072,41,1
tumor_040,1,0.3,0.9999909400939941,870,28,1
tumor_040,1,0.4,0.9999909400939941,627,20,1
tumor_040,1,0.5,0.9999909400939941,442,20,1
tumor_043,1,0.01,0.9488165974617004,10464,663,1
tumor_043,1,0.02,0.9488165974617004,4259,204,1
tumor_043,1,0.05,0.9488165974617004,1147,33,1
tumor_043,1,0.1,0.9488165974617004,465,25,1
tumor_043,1,0.15,0.9488165974617004,275,20,1
tumor_043,1,0.2,0.9488165974617004,191,14,1
tumor_043,1,0.25,0.9488165974617004,141,13,1
tumor_043,1,0.3,0.9488165974617004,112,11,1
tumor_043,1,0.4,0.9488165974617004,72,9,1
tumor_043,1,0.5,0.9488165974617004,47,5,1
tumor_051,1,0.01,1.0,18339,2612,1
tumor_051,1,0.02,1.0,11445,2207,1
tumor_051,1,0.05,1.0,6601,1934,1
tumor_051,1,0.1,1.0,4916,1754,1
tumor_051,1,0.15,1.0,4273,1669,1
tumor_051,1,0.2,1.0,3902,1611,1
tumor_051,1,0.25,1.0,3654,1575,1
tumor_051,1,0.3,1.0,3450,1535,1
tumor_051,1,0.4,1.0,3188,1467,1
tumor_051,1,0.5,1.0,2960,1406,1
tumor_054,1,0.01,1.0,121474,29152,1
tumor_054,1,0.02,1.0,115847,27960,1
tumor_054,1,0.05,1.0,108281,26619,1
tumor_054,1,0.1,1.0,102152,25248,1
tumor_054,1,0.15,1.0,98226,24372,1
tumor_054,1,0.2,1.0,95329,23712,1
tumor_054,1,0.25,1.0,92892,23042,1
tumor_054,1,0.3,1.0,90752,22469,1
tumor_054,1,0.4,1.0,87025,21185,1
tumor_054,1,0.5,1.0,83550,20117,1
tumor_056,1,0.01,1.0,15030,1994,1
tumor_056,1,0.02,1.0,9024,1646,1
tumor_056,1,0.05,1.0,4509,1324,1
tumor_056,1,0.1,1.0,3268,1244,1
tumor_056,1,0.15,1.0,2917,1186,1
tumor_056,1,0.2,1.0,2746,1157,1
tumor_056,1,0.25,1.0,2633,1130,1
tumor_056,1,0.3,1.0,2547,1104,1
tumor_056,1,0.4,1.0,2415,1054,1
tumor_056,1,0.5,1.0,2321,1016,1
tumor_062,1,0.01,1.0,34870,3414,1
tumor_062,1,0.02,1.0,20034,1993,1
tumor_062,1,0.05,1.0,8846,1932,1
tumor_062,1,0.1,1.0,5240,1884,1
tumor_062,1,0.15,1.0,4113,1849,1
tumor_062,1,0.2,1.0,3538,1824,1
tumor_062,1,0.25,1.0,3133,1799,1
tumor_062,1,0.3,1.0,2836,1771,1
tumor_062,1,0.4,1.0,2438,1721,1
tumor_062,1,0.5,1.0,2164,1662,1
tumor_064,1,0.01,1.0,17762,2016,1
tumor_064,1,0.02,1.0,13945,1865,1
tumor_064,1,0.05,1.0,10608,1708,1
tumor_064,1,0.1,1.0,8831,1569,1
tumor_064,1,0.15,1.0,8003,1537,1
tumor_064,1,0.2,1.0,7472,1501,1
tumor_064,1,0.25,1.0,7107,1463,1
tumor_064,1,0.3,1.0,6838,1446,1
tumor_064,1,0.4,1.0,6437,1410,1
tumor_064,1,0.5,1.0,6088,1387,1
tumor_066,1,0.01,0.9999984502792358,15594,374,1
tumor_066,1,0.02,0.9999984502792358,9380,169,1
tumor_066,1,0.05,0.9999984502792358,4466,90,1
tumor_066,1,0.1,0.9999984502792358,2463,87,1
tumor_066,1,0.15,0.9999984502792358,1727,85,1
tumor_066,1,0.2,0.9999984502792358,1326,82,1
tumor_066,1,0.25,0.9999984502792358,1051,78,1
tumor_066,1,0.3,0.9999984502792358,848,75,1
tumor_066,1,0.4,0.9999984502792358,604,73,1
tumor_066,1,0.5,0.9999984502792358,429,68,1
tumor_067,1,0.01,0.9999980926513672,20225,2067,1
tumor_067,1,0.02,0.9999980926513672,12178,1052,1
tumor_067,1,0.05,0.9999980926513672,4213,151,1
tumor_067,1,0.1,0.9999980926513672,1488,19,1
tumor_067,1,0.15,0.9999980926513672,934,19,1
tumor_067,1,0.2,0.9999980926513672,706,18,1
tumor_067,1,0.25,0.9999980926513672,571,17,1
tumor_067,1,0.3,0.9999980926513672,483,16,1
tumor_067,1,0.4,0.9999980926513672,363,15,1
tumor_067,1,0.5,0.9999980926513672,259,15,1
tumor_071,1,0.01,0.5123041272163391,441,28,1
tumor_071,1,0.02,0.5123041272163391,105,6,1
tumor_071,1,0.05,0.5123041272163391,26,3,1
tumor_071,1,0.1,0.5123041272163391,9,1,1
tumor_071,1,0.15,0.5123041272163391,2,1,1
tumor_071,1,0.2,0.5123041272163391,2,1,1
tumor_071,1,0.25,0.5123041272163391,1,1,1
tumor_071,1,0.3,0.5123041272163391,1,1,1
tumor_071,1,0.4,0.5123041272163391,1,1,1
tumor_071,1,0.5,0.5123041272163391,1,1,1
tumor_074,1,0.01,0.9999192953109741,906,350,1
tumor_074,1,0.02,0.9999192953109741,581,318,1
tumor_074,1,0.05,0.9999192953109741,356,224,1
tumor_074,1,0.1,0.9999192953109741,291,205,1
tumor_074,1,0.15,0.9999192953109741,261,122,1
tumor_074,1,0.2,0.9999192953109741,246,108,1
tumor_074,1,0.25,0.9999192953109741,239,98,1
tumor_074,1,0.3,0.9999192953109741,221,53,1
tumor_074,1,0.4,0.9999192953109741,199,31,1
tumor_074,1,0.5,0.9999192953109741,183,30,1
tumor_081,1,0.01,0.4119044244289398,98,8,1
tumor_081,1,0.02,0.4119044244289398,20,4,1
tumor_081,1,0.05,0.4119044244289398,3,3,1
tumor_081,1,0.1,0.4119044244289398,2,2,1
tumor_081,1,0.15,0.4119044244289398,2,2,1
tumor_081,1,0.2,0.4119044244289398,2,2,1
tumor_081,1,0.25,0.4119044244289398,1,1,1
tumor_081,1,0.3,0.4119044244289398,1,1,1
tumor_081,1,0.4,0.4119044244289398,1,1,1
tumor_081,1,0.5,0.4119044244289398,0,0,0
tumor_096,1,0.01,0.29402223229408264,86,10,1
tumor_096,1,0.02,0.29402223229408264,14,4,1
tumor_096,1,0.05,0.29402223229408264,2,2,1
tumor_096,1,0.1,0.29402223229408264,2,2,1
tumor_096,1,0.15,0.29402223229408264,2,2,1
tumor_096,1,0.2,0.29402223229408264,1,1,1
tumor_096,1,0.25,0.29402223229408264,1,1,1
tumor_096,1,0.3,0.29402223229408264,0,0,0
tumor_096,1,0.4,0.29402223229408264,0,0,0
tumor_096,1,0.5,0.29402223229408264,0,0,0
tumor_110,1,0.01,0.9999641180038452,48901,24969,1
tumor_110,1,0.02,0.9999641180038452,43315,21719,1
tumor_110,1,0.05,0.9999641180038452,34515,15597,1
tumor_110,1,0.1,0.9999641180038452,27135,3276,1
tumor_110,1,0.15,0.9999641180038452,22608,2367,1
tumor_110,1,0.2,0.9999641180038452,19289,807,1
tumor_110,1,0.25,0.9999641180038452,16755,682,1
tumor_110,1,0.3,0.9999641180038452,14712,356,1
tumor_110,1,0.4,0.9999641180038452,11395,261,1
tumor_110,1,0.5,0.9999641180038452,8863,174,1
