patch_threshold,min_component_size,n_slides,tp,fp,fn,tn,sensitivity,specificity,precision,f1,accuracy
0.01,1,48,19,29,0,0,1.0,0.0,0.3958333333333333,0.5671641791044776,0.3958333333333333
0.01,2,48,19,29,0,0,1.0,0.0,0.3958333333333333,0.5671641791044776,0.3958333333333333
0.01,3,48,19,28,0,1,1.0,0.034482758620689655,0.40425531914893614,0.5757575757575757,0.4166666666666667
0.01,5,48,19,28,0,1,1.0,0.034482758620689655,0.40425531914893614,0.5757575757575757,0.4166666666666667
0.01,10,48,18,26,1,3,0.9473684210526315,0.10344827586206896,0.4090909090909091,0.5714285714285715,0.4375
0.01,15,48,17,25,2,4,0.8947368421052632,0.13793103448275862,0.40476190476190477,0.5573770491803278,0.4375
0.01,20,48,17,20,2,9,0.8947368421052632,0.3103448275862069,0.4594594594594595,0.6071428571428572,0.5416666666666666
0.01,30,48,16,20,3,9,0.8421052631578947,0.3103448275862069,0.4444444444444444,0.5818181818181818,0.5208333333333334
0.01,40,48,16,20,3,9,0.8421052631578947,0.3103448275862069,0.4444444444444444,0.5818181818181818,0.5208333333333334
0.02,1,48,19,29,0,0,1.0,0.0,0.3958333333333333,0.5671641791044776,0.3958333333333333
0.02,2,48,19,28,0,1,1.0,0.034482758620689655,0.40425531914893614,0.5757575757575757,0.4166666666666667
0.02,3,48,19,27,0,2,1.0,0.06896551724137931,0.41304347826086957,0.5846153846153846,0.4375
0.02,5,48,17,25,2,4,0.8947368421052632,0.13793103448275862,0.40476190476190477,0.5573770491803278,0.4375
0.02,10,48,16,21,3,8,0.8421052631578947,0.27586206896551724,0.43243243243243246,0.5714285714285715,0.5
0.02,15,48,16,20,3,9,0.8421052631578947,0.3103448275862069,0.4444444444444444,0.5818181818181818,0.5208333333333334
0.02,20,48,16,18,3,11,0.8421052631578947,0.3793103448275862,0.47058823529411764,0.6037735849056604,0.5625
0.02,30,48,16,16,3,13,0.8421052631578947,0.4482758620689655,0.5,0.6274509803921569,0.6041666666666666
0.02,40,48,16,16,3,13,0.8421052631578947,0.4482758620689655,0.5,0.6274509803921569,0.6041666666666666
0.05,1,48,19,27,0,2,1.0,0.06896551724137931,0.41304347826086957,0.5846153846153846,0.4375
0.05,2,48,19,24,0,5,1.0,0.1724137931034483,0.4418604651162791,0.6129032258064516,0.5
0.05,3,48,18,21,1,8,0.9473684210526315,0.27586206896551724,0.46153846153846156,0.6206896551724138,0.5416666666666666
0.05,5,48,16,18,3,11,0.8421052631578947,0.3793103448275862,0.47058823529411764,0.6037735849056604,0.5625
0.05,10,48,16,17,3,12,0.8421052631578947,0.41379310344827586,0.48484848484848486,0.6153846153846154,0.5833333333333334
0.05,15,48,16,16,3,13,0.8421052631578947,0.4482758620689655,0.5,0.6274509803921569,0.6041666666666666
0.05,20,48,16,15,3,14,0.8421052631578947,0.4827586206896552,0.5161290322580645,0.6399999999999999,0.625
0.05,30,48,15,11,4,18,0.7894736842105263,0.6206896551724138,0.5769230769230769,0.6666666666666666,0.6875
0.05,40,48,14,11,5,18,0.7368421052631579,0.6206896551724138,0.56,0.6363636363636364,0.6666666666666666
0.1,1,48,19,25,0,4,1.0,0.13793103448275862,0.4318181818181818,0.6031746031746031,0.4791666666666667
0.1,2,48,18,18,1,11,0.9473684210526315,0.3793103448275862,0.5,0.6545454545454545,0.6041666666666666
0.1,3,48,16,17,3,12,0.8421052631578947,0.41379310344827586,0.48484848484848486,0.6153846153846154,0.5833333333333334
0.1,5,48,16,17,3,12,0.8421052631578947,0.41379310344827586,0.48484848484848486,0.6153846153846154,0.5833333333333334
0.1,10,48,16,15,3,14,0.8421052631578947,0.4827586206896552,0.5161290322580645,0.6399999999999999,0.625
0.1,15,48,16,13,3,16,0.8421052631578947,0.5517241379310345,0.5517241379310345,0.6666666666666666,0.6666666666666666
0.1,20,48,14,12,5,17,0.7368421052631579,0.5862068965517241,0.5384615384615384,0.6222222222222222,0.6458333333333334
0.1,30,48,13,8,6,21,0.6842105263157895,0.7241379310344828,0.6190476190476191,0.6500000000000001,0.7083333333333334
0.1,40,48,13,5,6,24,0.6842105263157895,0.8275862068965517,0.7222222222222222,0.7027027027027027,0.7708333333333334
0.15,1,48,19,22,0,7,1.0,0.2413793103448276,0.4634146341463415,0.6333333333333334,0.5416666666666666
0.15,2,48,18,17,1,12,0.9473684210526315,0.41379310344827586,0.5142857142857142,0.6666666666666666,0.625
0.15,3,48,16,17,3,12,0.8421052631578947,0.41379310344827586,0.48484848484848486,0.6153846153846154,0.5833333333333334
0.15,5,48,16,17,3,12,0.8421052631578947,0.41379310344827586,0.48484848484848486,0.6153846153846154,0.5833333333333334
0.15,10,48,16,14,3,15,0.8421052631578947,0.5172413793103449,0.5333333333333333,0.653061224489796,0.6458333333333334
0.15,15,48,15,9,4,20,0.7894736842105263,0.6896551724137931,0.625,0.6976744186046512,0.7291666666666666
0.15,20,48,14,9,5,20,0.7368421052631579,0.6896551724137931,0.6086956521739131,0.6666666666666666,0.7083333333333334
0.15,30,48,13,5,6,24,0.6842105263157895,0.8275862068965517,0.7222222222222222,0.7027027027027027,0.7708333333333334
0.15,40,48,13,4,6,25,0.6842105263157895,0.8620689655172413,0.7647058823529411,0.7222222222222222,0.7916666666666666
0.2,1,48,19,21,0,8,1.0,0.27586206896551724,0.475,0.6440677966101694,0.5625
0.2,2,48,17,17,2,12,0.8947368421052632,0.41379310344827586,0.5,0.6415094339622641,0.6041666666666666
0.2,3,48,16,17,3,12,0.8421052631578947,0.41379310344827586,0.48484848484848486,0.6153846153846154,0.5833333333333334
0.2,5,48,16,16,3,13,0.8421052631578947,0.4482758620689655,0.5,0.6274509803921569,0.6041666666666666
0.2,10,48,16,12,3,17,0.8421052631578947,0.5862068965517241,0.5714285714285714,0.6808510638297872,0.6875
0.2,15,48,14,9,5,20,0.7368421052631579,0.6896551724137931,0.6086956521739131,0.6666666666666666,0.7083333333333334
0.2,20,48,13,7,6,22,0.6842105263157895,0.7586206896551724,0.65,0.6666666666666667,0.7291666666666666
0.2,30,48,13,5,6,24,0.6842105263157895,0.8275862068965517,0.7222222222222222,0.7027027027027027,0.7708333333333334
0.2,40,48,13,2,6,27,0.6842105263157895,0.9310344827586207,0.8666666666666667,0.7647058823529413,0.8333333333333334
0.25,1,48,19,21,0,8,1.0,0.27586206896551724,0.475,0.6440677966101694,0.5625
0.25,2,48,16,17,3,12,0.8421052631578947,0.41379310344827586,0.48484848484848486,0.6153846153846154,0.5833333333333334
0.25,3,48,16,16,3,13,0.8421052631578947,0.4482758620689655,0.5,0.6274509803921569,0.6041666666666666
0.25,5,48,16,15,3,14,0.8421052631578947,0.4827586206896552,0.5161290322580645,0.6399999999999999,0.625
0.25,10,48,16,12,3,17,0.8421052631578947,0.5862068965517241,0.5714285714285714,0.6808510638297872,0.6875
0.25,15,48,14,8,5,21,0.7368421052631579,0.7241379310344828,0.6363636363636364,0.6829268292682926,0.7291666666666666
0.25,20,48,13,6,6,23,0.6842105263157895,0.7931034482758621,0.6842105263157895,0.6842105263157895,0.75
0.25,30,48,13,3,6,26,0.6842105263157895,0.896551724137931,0.8125,0.742857142857143,0.8125
0.25,40,48,13,2,6,27,0.6842105263157895,0.9310344827586207,0.8666666666666667,0.7647058823529413,0.8333333333333334
0.3,1,48,18,21,1,8,0.9473684210526315,0.27586206896551724,0.46153846153846156,0.6206896551724138,0.5416666666666666
0.3,2,48,16,16,3,13,0.8421052631578947,0.4482758620689655,0.5,0.6274509803921569,0.6041666666666666
0.3,3,48,16,16,3,13,0.8421052631578947,0.4482758620689655,0.5,0.6274509803921569,0.6041666666666666
0.3,5,48,16,14,3,15,0.8421052631578947,0.5172413793103449,0.5333333333333333,0.653061224489796,0.6458333333333334
0.3,10,48,16,11,3,18,0.8421052631578947,0.6206896551724138,0.5925925925925926,0.6956521739130435,0.7083333333333334
0.3,15,48,14,6,5,23,0.7368421052631579,0.7931034482758621,0.7,0.717948717948718,0.7708333333333334
0.3,20,48,13,5,6,24,0.6842105263157895,0.8275862068965517,0.7222222222222222,0.7027027027027027,0.7708333333333334
0.3,30,48,12,3,7,26,0.631578947368421,0.896551724137931,0.8,0.7058823529411765,0.7916666666666666
0.3,40,48,12,2,7,27,0.631578947368421,0.9310344827586207,0.8571428571428571,0.7272727272727273,0.8125
0.4,1,48,18,21,1,8,0.9473684210526315,0.27586206896551724,0.46153846153846156,0.6206896551724138,0.5416666666666666
0.4,2,48,16,16,3,13,0.8421052631578947,0.4482758620689655,0.5,0.6274509803921569,0.6041666666666666
0.4,3,48,16,16,3,13,0.8421052631578947,0.4482758620689655,0.5,0.6274509803921569,0.6041666666666666
0.4,5,48,16,14,3,15,0.8421052631578947,0.5172413793103449,0.5333333333333333,0.653061224489796,0.6458333333333334
0.4,10,48,14,6,5,23,0.7368421052631579,0.7931034482758621,0.7,0.717948717948718,0.7708333333333334
0.4,15,48,14,4,5,25,0.7368421052631579,0.8620689655172413,0.7777777777777778,0.7567567567567567,0.8125
0.4,20,48,13,4,6,25,0.6842105263157895,0.8620689655172413,0.7647058823529411,0.7222222222222222,0.7916666666666666
0.4,30,48,12,2,7,27,0.631578947368421,0.9310344827586207,0.8571428571428571,0.7272727272727273,0.8125
0.4,40,48,11,1,8,28,0.5789473684210527,0.9655172413793104,0.9166666666666666,0.7096774193548387,0.8125
0.5,1,48,17,18,2,11,0.8947368421052632,0.3793103448275862,0.4857142857142857,0.6296296296296297,0.5833333333333334
0.5,2,48,16,16,3,13,0.8421052631578947,0.4482758620689655,0.5,0.6274509803921569,0.6041666666666666
0.5,3,48,16,15,3,14,0.8421052631578947,0.4827586206896552,0.5161290322580645,0.6399999999999999,0.625
0.5,5,48,16,12,3,17,0.8421052631578947,0.5862068965517241,0.5714285714285714,0.6808510638297872,0.6875
0.5,10,48,14,6,5,23,0.7368421052631579,0.7931034482758621,0.7,0.717948717948718,0.7708333333333334
0.5,15,48,14,4,5,25,0.7368421052631579,0.8620689655172413,0.7777777777777778,0.7567567567567567,0.8125
0.5,20,48,13,3,6,26,0.6842105263157895,0.896551724137931,0.8125,0.742857142857143,0.8125
0.5,30,48,12,1,7,28,0.631578947368421,0.9655172413793104,0.9230769230769231,0.7499999999999999,0.8333333333333334
0.5,40,48,11,1,8,28,0.5789473684210527,0.9655172413793104,0.9166666666666666,0.7096774193548387,0.8125
