slide_id,iter7_prediction,iter8_prediction,iter7_largest,iter8_largest,iter7_positive_patches,iter8_positive_patches,iter7_max_prob,iter8_max_prob
tumor_014,1,1,3422,3436,8978,6765,1.0,1.0
tumor_016,1,1,2270,800,6016,4333,0.9999996423721313,0.9999998807907104
tumor_017,1,0,59,7,1140,157,0.9999871253967285,0.9999890327453613
tumor_020,1,1,8599,7504,34319,27458,1.0,1.0
tumor_022,1,1,641,43,3232,192,0.9999982118606567,0.9999603033065796
tumor_040,0,0,34,20,1559,442,0.9999998807907104,0.9999909400939941
tumor_043,0,0,18,5,108,47,0.9977256655693054,0.9488165974617004
tumor_051,1,1,1293,1406,3479,2960,1.0,1.0
tumor_054,1,1,25844,20117,104612,83550,1.0,1.0
tumor_056,1,1,1085,1016,3326,2321,1.0,1.0
tumor_062,1,1,1811,1662,3656,2164,1.0,1.0
tumor_064,1,1,1574,1387,8253,6088,1.0,1.0
tumor_066,1,1,73,68,1474,429,0.9999997615814209,0.9999984502792358
tumor_067,0,0,13,15,352,259,0.9993314743041992,0.9999980926513672
tumor_071,1,0,538,1,6529,1,0.9999982118606567,0.5123041272163391
tumor_074,1,0,792,30,5375,183,1.0,0.9999192953109741
tumor_081,1,0,82,0,1497,0,0.999998927116394,0.4119044244289398
tumor_096,1,0,252,0,2281,0,0.9999982118606567,0.29402223229408264
tumor_110,1,1,35095,174,70390,8863,1.0,0.9999641180038452
