rule,large_threshold,large_min_component,micro_threshold,micro_min_component,n_slides,sensitivity,specificity,precision,f1,accuracy,tp,fp,fn,tn
large_component,0.6,30,0.99,2,20,1.0,1.0,1.0,1.0,1.0,10,0,0,10
micro_cluster,0.6,30,0.99,2,20,1.0,0.3,0.5882352941176471,0.7407407407407407,0.65,10,7,0,3
hybrid,0.6,30,0.99,2,20,1.0,0.3,0.5882352941176471,0.7407407407407407,0.65,10,7,0,3
large_component,0.6,30,0.99,3,20,1.0,1.0,1.0,1.0,1.0,10,0,0,10
micro_cluster,0.6,30,0.99,3,20,1.0,0.5,0.6666666666666666,0.8,0.75,10,5,0,5
hybrid,0.6,30,0.99,3,20,1.0,0.5,0.6666666666666666,0.8,0.75,10,5,0,5
large_component,0.6,30,0.99,5,20,1.0,1.0,1.0,1.0,1.0,10,0,0,10
micro_cluster,0.6,30,0.99,5,20,1.0,0.8,0.8333333333333334,0.9090909090909091,0.9,10,2,0,8
hybrid,0.6,30,0.99,5,20,1.0,0.8,0.8333333333333334,0.9090909090909091,0.9,10,2,0,8
large_component,0.6,30,0.98,2,20,1.0,1.0,1.0,1.0,1.0,10,0,0,10
micro_cluster,0.6,30,0.98,2,20,1.0,0.0,0.5,0.6666666666666666,0.5,10,10,0,0
hybrid,0.6,30,0.98,2,20,1.0,0.0,0.5,0.6666666666666666,0.5,10,10,0,0
large_component,0.6,30,0.98,3,20,1.0,1.0,1.0,1.0,1.0,10,0,0,10
micro_cluster,0.6,30,0.98,3,20,1.0,0.3,0.5882352941176471,0.7407407407407407,0.65,10,7,0,3
hybrid,0.6,30,0.98,3,20,1.0,0.3,0.5882352941176471,0.7407407407407407,0.65,10,7,0,3
large_component,0.6,30,0.98,5,20,1.0,1.0,1.0,1.0,1.0,10,0,0,10
micro_cluster,0.6,30,0.98,5,20,1.0,0.8,0.8333333333333334,0.9090909090909091,0.9,10,2,0,8
hybrid,0.6,30,0.98,5,20,1.0,0.8,0.8333333333333334,0.9090909090909091,0.9,10,2,0,8
large_component,0.6,30,0.95,2,20,1.0,1.0,1.0,1.0,1.0,10,0,0,10
micro_cluster,0.6,30,0.95,2,20,1.0,0.0,0.5,0.6666666666666666,0.5,10,10,0,0
hybrid,0.6,30,0.95,2,20,1.0,0.0,0.5,0.6666666666666666,0.5,10,10,0,0
large_component,0.6,30,0.95,3,20,1.0,1.0,1.0,1.0,1.0,10,0,0,10
micro_cluster,0.6,30,0.95,3,20,1.0,0.0,0.5,0.6666666666666666,0.5,10,10,0,0
hybrid,0.6,30,0.95,3,20,1.0,0.0,0.5,0.6666666666666666,0.5,10,10,0,0
large_component,0.6,30,0.95,5,20,1.0,1.0,1.0,1.0,1.0,10,0,0,10
micro_cluster,0.6,30,0.95,5,20,1.0,0.5,0.6666666666666666,0.8,0.75,10,5,0,5
hybrid,0.6,30,0.95,5,20,1.0,0.5,0.6666666666666666,0.8,0.75,10,5,0,5
large_component,0.6,40,0.99,2,20,0.9,1.0,1.0,0.9473684210526316,0.95,9,0,1,10
micro_cluster,0.6,40,0.99,2,20,1.0,0.3,0.5882352941176471,0.7407407407407407,0.65,10,7,0,3
hybrid,0.6,40,0.99,2,20,1.0,0.3,0.5882352941176471,0.7407407407407407,0.65,10,7,0,3
large_component,0.6,40,0.99,3,20,0.9,1.0,1.0,0.9473684210526316,0.95,9,0,1,10
micro_cluster,0.6,40,0.99,3,20,1.0,0.5,0.6666666666666666,0.8,0.75,10,5,0,5
hybrid,0.6,40,0.99,3,20,1.0,0.5,0.6666666666666666,0.8,0.75,10,5,0,5
large_component,0.6,40,0.99,5,20,0.9,1.0,1.0,0.9473684210526316,0.95,9,0,1,10
micro_cluster,0.6,40,0.99,5,20,1.0,0.8,0.8333333333333334,0.9090909090909091,0.9,10,2,0,8
hybrid,0.6,40,0.99,5,20,1.0,0.8,0.8333333333333334,0.9090909090909091,0.9,10,2,0,8
large_component,0.6,40,0.98,2,20,0.9,1.0,1.0,0.9473684210526316,0.95,9,0,1,10
micro_cluster,0.6,40,0.98,2,20,1.0,0.0,0.5,0.6666666666666666,0.5,10,10,0,0
hybrid,0.6,40,0.98,2,20,1.0,0.0,0.5,0.6666666666666666,0.5,10,10,0,0
large_component,0.6,40,0.98,3,20,0.9,1.0,1.0,0.9473684210526316,0.95,9,0,1,10
micro_cluster,0.6,40,0.98,3,20,1.0,0.3,0.5882352941176471,0.7407407407407407,0.65,10,7,0,3
hybrid,0.6,40,0.98,3,20,1.0,0.3,0.5882352941176471,0.7407407407407407,0.65,10,7,0,3
large_component,0.6,40,0.98,5,20,0.9,1.0,1.0,0.9473684210526316,0.95,9,0,1,10
micro_cluster,0.6,40,0.98,5,20,1.0,0.8,0.8333333333333334,0.9090909090909091,0.9,10,2,0,8
hybrid,0.6,40,0.98,5,20,1.0,0.8,0.8333333333333334,0.9090909090909091,0.9,10,2,0,8
large_component,0.6,40,0.95,2,20,0.9,1.0,1.0,0.9473684210526316,0.95,9,0,1,10
micro_cluster,0.6,40,0.95,2,20,1.0,0.0,0.5,0.6666666666666666,0.5,10,10,0,0
hybrid,0.6,40,0.95,2,20,1.0,0.0,0.5,0.6666666666666666,0.5,10,10,0,0
large_component,0.6,40,0.95,3,20,0.9,1.0,1.0,0.9473684210526316,0.95,9,0,1,10
micro_cluster,0.6,40,0.95,3,20,1.0,0.0,0.5,0.6666666666666666,0.5,10,10,0,0
hybrid,0.6,40,0.95,3,20,1.0,0.0,0.5,0.6666666666666666,0.5,10,10,0,0
large_component,0.6,40,0.95,5,20,0.9,1.0,1.0,0.9473684210526316,0.95,9,0,1,10
micro_cluster,0.6,40,0.95,5,20,1.0,0.5,0.6666666666666666,0.8,0.75,10,5,0,5
hybrid,0.6,40,0.95,5,20,1.0,0.5,0.6666666666666666,0.8,0.75,10,5,0,5
large_component,0.6,50,0.99,2,20,0.8,1.0,1.0,0.888888888888889,0.9,8,0,2,10
micro_cluster,0.6,50,0.99,2,20,1.0,0.3,0.5882352941176471,0.7407407407407407,0.65,10,7,0,3
hybrid,0.6,50,0.99,2,20,1.0,0.3,0.5882352941176471,0.7407407407407407,0.65,10,7,0,3
large_component,0.6,50,0.99,3,20,0.8,1.0,1.0,0.888888888888889,0.9,8,0,2,10
micro_cluster,0.6,50,0.99,3,20,1.0,0.5,0.6666666666666666,0.8,0.75,10,5,0,5
hybrid,0.6,50,0.99,3,20,1.0,0.5,0.6666666666666666,0.8,0.75,10,5,0,5
large_component,0.6,50,0.99,5,20,0.8,1.0,1.0,0.888888888888889,0.9,8,0,2,10
micro_cluster,0.6,50,0.99,5,20,1.0,0.8,0.8333333333333334,0.9090909090909091,0.9,10,2,0,8
hybrid,0.6,50,0.99,5,20,1.0,0.8,0.8333333333333334,0.9090909090909091,0.9,10,2,0,8
large_component,0.6,50,0.98,2,20,0.8,1.0,1.0,0.888888888888889,0.9,8,0,2,10
micro_cluster,0.6,50,0.98,2,20,1.0,0.0,0.5,0.6666666666666666,0.5,10,10,0,0
hybrid,0.6,50,0.98,2,20,1.0,0.0,0.5,0.6666666666666666,0.5,10,10,0,0
large_component,0.6,50,0.98,3,20,0.8,1.0,1.0,0.888888888888889,0.9,8,0,2,10
micro_cluster,0.6,50,0.98,3,20,1.0,0.3,0.5882352941176471,0.7407407407407407,0.65,10,7,0,3
hybrid,0.6,50,0.98,3,20,1.0,0.3,0.5882352941176471,0.7407407407407407,0.65,10,7,0,3
large_component,0.6,50,0.98,5,20,0.8,1.0,1.0,0.888888888888889,0.9,8,0,2,10
micro_cluster,0.6,50,0.98,5,20,1.0,0.8,0.8333333333333334,0.9090909090909091,0.9,10,2,0,8
hybrid,0.6,50,0.98,5,20,1.0,0.8,0.8333333333333334,0.9090909090909091,0.9,10,2,0,8
large_component,0.6,50,0.95,2,20,0.8,1.0,1.0,0.888888888888889,0.9,8,0,2,10
micro_cluster,0.6,50,0.95,2,20,1.0,0.0,0.5,0.6666666666666666,0.5,10,10,0,0
hybrid,0.6,50,0.95,2,20,1.0,0.0,0.5,0.6666666666666666,0.5,10,10,0,0
large_component,0.6,50,0.95,3,20,0.8,1.0,1.0,0.888888888888889,0.9,8,0,2,10
micro_cluster,0.6,50,0.95,3,20,1.0,0.0,0.5,0.6666666666666666,0.5,10,10,0,0
hybrid,0.6,50,0.95,3,20,1.0,0.0,0.5,0.6666666666666666,0.5,10,10,0,0
large_component,0.6,50,0.95,5,20,0.8,1.0,1.0,0.888888888888889,0.9,8,0,2,10
micro_cluster,0.6,50,0.95,5,20,1.0,0.5,0.6666666666666666,0.8,0.75,10,5,0,5
hybrid,0.6,50,0.95,5,20,1.0,0.5,0.6666666666666666,0.8,0.75,10,5,0,5
large_component,0.5,30,0.99,2,20,1.0,0.9,0.9090909090909091,0.9523809523809523,0.95,10,1,0,9
micro_cluster,0.5,30,0.99,2,20,1.0,0.3,0.5882352941176471,0.7407407407407407,0.65,10,7,0,3
hybrid,0.5,30,0.99,2,20,1.0,0.3,0.5882352941176471,0.7407407407407407,0.65,10,7,0,3
large_component,0.5,30,0.99,3,20,1.0,0.9,0.9090909090909091,0.9523809523809523,0.95,10,1,0,9
micro_cluster,0.5,30,0.99,3,20,1.0,0.5,0.6666666666666666,0.8,0.75,10,5,0,5
hybrid,0.5,30,0.99,3,20,1.0,0.5,0.6666666666666666,0.8,0.75,10,5,0,5
large_component,0.5,30,0.99,5,20,1.0,0.9,0.9090909090909091,0.9523809523809523,0.95,10,1,0,9
micro_cluster,0.5,30,0.99,5,20,1.0,0.8,0.8333333333333334,0.9090909090909091,0.9,10,2,0,8
hybrid,0.5,30,0.99,5,20,1.0,0.8,0.8333333333333334,0.9090909090909091,0.9,10,2,0,8
large_component,0.5,30,0.98,2,20,1.0,0.9,0.9090909090909091,0.9523809523809523,0.95,10,1,0,9
micro_cluster,0.5,30,0.98,2,20,1.0,0.0,0.5,0.6666666666666666,0.5,10,10,0,0
hybrid,0.5,30,0.98,2,20,1.0,0.0,0.5,0.6666666666666666,0.5,10,10,0,0
large_component,0.5,30,0.98,3,20,1.0,0.9,0.9090909090909091,0.9523809523809523,0.95,10,1,0,9
micro_cluster,0.5,30,0.98,3,20,1.0,0.3,0.5882352941176471,0.7407407407407407,0.65,10,7,0,3
hybrid,0.5,30,0.98,3,20,1.0,0.3,0.5882352941176471,0.7407407407407407,0.65,10,7,0,3
large_component,0.5,30,0.98,5,20,1.0,0.9,0.9090909090909091,0.9523809523809523,0.95,10,1,0,9
micro_cluster,0.5,30,0.98,5,20,1.0,0.8,0.8333333333333334,0.9090909090909091,0.9,10,2,0,8
hybrid,0.5,30,0.98,5,20,1.0,0.8,0.8333333333333334,0.9090909090909091,0.9,10,2,0,8
large_component,0.5,30,0.95,2,20,1.0,0.9,0.9090909090909091,0.9523809523809523,0.95,10,1,0,9
micro_cluster,0.5,30,0.95,2,20,1.0,0.0,0.5,0.6666666666666666,0.5,10,10,0,0
hybrid,0.5,30,0.95,2,20,1.0,0.0,0.5,0.6666666666666666,0.5,10,10,0,0
large_component,0.5,30,0.95,3,20,1.0,0.9,0.9090909090909091,0.9523809523809523,0.95,10,1,0,9
micro_cluster,0.5,30,0.95,3,20,1.0,0.0,0.5,0.6666666666666666,0.5,10,10,0,0
hybrid,0.5,30,0.95,3,20,1.0,0.0,0.5,0.6666666666666666,0.5,10,10,0,0
large_component,0.5,30,0.95,5,20,1.0,0.9,0.9090909090909091,0.9523809523809523,0.95,10,1,0,9
micro_cluster,0.5,30,0.95,5,20,1.0,0.5,0.6666666666666666,0.8,0.75,10,5,0,5
hybrid,0.5,30,0.95,5,20,1.0,0.5,0.6666666666666666,0.8,0.75,10,5,0,5
large_component,0.5,40,0.99,2,20,1.0,1.0,1.0,1.0,1.0,10,0,0,10
micro_cluster,0.5,40,0.99,2,20,1.0,0.3,0.5882352941176471,0.7407407407407407,0.65,10,7,0,3
hybrid,0.5,40,0.99,2,20,1.0,0.3,0.5882352941176471,0.7407407407407407,0.65,10,7,0,3
large_component,0.5,40,0.99,3,20,1.0,1.0,1.0,1.0,1.0,10,0,0,10
micro_cluster,0.5,40,0.99,3,20,1.0,0.5,0.6666666666666666,0.8,0.75,10,5,0,5
hybrid,0.5,40,0.99,3,20,1.0,0.5,0.6666666666666666,0.8,0.75,10,5,0,5
large_component,0.5,40,0.99,5,20,1.0,1.0,1.0,1.0,1.0,10,0,0,10
micro_cluster,0.5,40,0.99,5,20,1.0,0.8,0.8333333333333334,0.9090909090909091,0.9,10,2,0,8
hybrid,0.5,40,0.99,5,20,1.0,0.8,0.8333333333333334,0.9090909090909091,0.9,10,2,0,8
large_component,0.5,40,0.98,2,20,1.0,1.0,1.0,1.0,1.0,10,0,0,10
micro_cluster,0.5,40,0.98,2,20,1.0,0.0,0.5,0.6666666666666666,0.5,10,10,0,0
hybrid,0.5,40,0.98,2,20,1.0,0.0,0.5,0.6666666666666666,0.5,10,10,0,0
large_component,0.5,40,0.98,3,20,1.0,1.0,1.0,1.0,1.0,10,0,0,10
micro_cluster,0.5,40,0.98,3,20,1.0,0.3,0.5882352941176471,0.7407407407407407,0.65,10,7,0,3
hybrid,0.5,40,0.98,3,20,1.0,0.3,0.5882352941176471,0.7407407407407407,0.65,10,7,0,3
large_component,0.5,40,0.98,5,20,1.0,1.0,1.0,1.0,1.0,10,0,0,10
micro_cluster,0.5,40,0.98,5,20,1.0,0.8,0.8333333333333334,0.9090909090909091,0.9,10,2,0,8
hybrid,0.5,40,0.98,5,20,1.0,0.8,0.8333333333333334,0.9090909090909091,0.9,10,2,0,8
large_component,0.5,40,0.95,2,20,1.0,1.0,1.0,1.0,1.0,10,0,0,10
micro_cluster,0.5,40,0.95,2,20,1.0,0.0,0.5,0.6666666666666666,0.5,10,10,0,0
hybrid,0.5,40,0.95,2,20,1.0,0.0,0.5,0.6666666666666666,0.5,10,10,0,0
large_component,0.5,40,0.95,3,20,1.0,1.0,1.0,1.0,1.0,10,0,0,10
micro_cluster,0.5,40,0.95,3,20,1.0,0.0,0.5,0.6666666666666666,0.5,10,10,0,0
hybrid,0.5,40,0.95,3,20,1.0,0.0,0.5,0.6666666666666666,0.5,10,10,0,0
large_component,0.5,40,0.95,5,20,1.0,1.0,1.0,1.0,1.0,10,0,0,10
micro_cluster,0.5,40,0.95,5,20,1.0,0.5,0.6666666666666666,0.8,0.75,10,5,0,5
hybrid,0.5,40,0.95,5,20,1.0,0.5,0.6666666666666666,0.8,0.75,10,5,0,5
large_component,0.5,50,0.99,2,20,0.9,1.0,1.0,0.9473684210526316,0.95,9,0,1,10
micro_cluster,0.5,50,0.99,2,20,1.0,0.3,0.5882352941176471,0.7407407407407407,0.65,10,7,0,3
hybrid,0.5,50,0.99,2,20,1.0,0.3,0.5882352941176471,0.7407407407407407,0.65,10,7,0,3
large_component,0.5,50,0.99,3,20,0.9,1.0,1.0,0.9473684210526316,0.95,9,0,1,10
micro_cluster,0.5,50,0.99,3,20,1.0,0.5,0.6666666666666666,0.8,0.75,10,5,0,5
hybrid,0.5,50,0.99,3,20,1.0,0.5,0.6666666666666666,0.8,0.75,10,5,0,5
large_component,0.5,50,0.99,5,20,0.9,1.0,1.0,0.9473684210526316,0.95,9,0,1,10
micro_cluster,0.5,50,0.99,5,20,1.0,0.8,0.8333333333333334,0.9090909090909091,0.9,10,2,0,8
hybrid,0.5,50,0.99,5,20,1.0,0.8,0.8333333333333334,0.9090909090909091,0.9,10,2,0,8
large_component,0.5,50,0.98,2,20,0.9,1.0,1.0,0.9473684210526316,0.95,9,0,1,10
micro_cluster,0.5,50,0.98,2,20,1.0,0.0,0.5,0.6666666666666666,0.5,10,10,0,0
hybrid,0.5,50,0.98,2,20,1.0,0.0,0.5,0.6666666666666666,0.5,10,10,0,0
large_component,0.5,50,0.98,3,20,0.9,1.0,1.0,0.9473684210526316,0.95,9,0,1,10
micro_cluster,0.5,50,0.98,3,20,1.0,0.3,0.5882352941176471,0.7407407407407407,0.65,10,7,0,3
hybrid,0.5,50,0.98,3,20,1.0,0.3,0.5882352941176471,0.7407407407407407,0.65,10,7,0,3
large_component,0.5,50,0.98,5,20,0.9,1.0,1.0,0.9473684210526316,0.95,9,0,1,10
micro_cluster,0.5,50,0.98,5,20,1.0,0.8,0.8333333333333334,0.9090909090909091,0.9,10,2,0,8
hybrid,0.5,50,0.98,5,20,1.0,0.8,0.8333333333333334,0.9090909090909091,0.9,10,2,0,8
large_component,0.5,50,0.95,2,20,0.9,1.0,1.0,0.9473684210526316,0.95,9,0,1,10
micro_cluster,0.5,50,0.95,2,20,1.0,0.0,0.5,0.6666666666666666,0.5,10,10,0,0
hybrid,0.5,50,0.95,2,20,1.0,0.0,0.5,0.6666666666666666,0.5,10,10,0,0
large_component,0.5,50,0.95,3,20,0.9,1.0,1.0,0.9473684210526316,0.95,9,0,1,10
micro_cluster,0.5,50,0.95,3,20,1.0,0.0,0.5,0.6666666666666666,0.5,10,10,0,0
hybrid,0.5,50,0.95,3,20,1.0,0.0,0.5,0.6666666666666666,0.5,10,10,0,0
large_component,0.5,50,0.95,5,20,0.9,1.0,1.0,0.9473684210526316,0.95,9,0,1,10
micro_cluster,0.5,50,0.95,5,20,1.0,0.5,0.6666666666666666,0.8,0.75,10,5,0,5
hybrid,0.5,50,0.95,5,20,1.0,0.5,0.6666666666666666,0.8,0.75,10,5,0,5
