slide_id,component_id,n_patches,max_prob,mean_prob,top_x,top_y,contact_sheet,overview,review_category,include_as_hard_negative,notes
normal_001,1,89,0.9999908208847046,0.931506896286868,41984,108288,/Volumes/TX/camelyon16_project/data/review/iter4_fp_components/normal_001/component_01/normal_001_component_01_contact_sheet.png,/Volumes/TX/camelyon16_project/data/review/iter4_fp_components/normal_001/normal_001_overview.png,,,
normal_002,1,75,0.999981164932251,0.9132440114021301,23808,121472,/Volumes/TX/camelyon16_project/data/review/iter4_fp_components/normal_002/component_01/normal_002_component_01_contact_sheet.png,/Volumes/TX/camelyon16_project/data/review/iter4_fp_components/normal_002/normal_002_overview.png,,,
normal_002,2,52,0.9999213218688965,0.9225610666550123,62336,118272,/Volumes/TX/camelyon16_project/data/review/iter4_fp_components/normal_002/component_02/normal_002_component_02_contact_sheet.png,/Volumes/TX/camelyon16_project/data/review/iter4_fp_components/normal_002/normal_002_overview.png,,,
normal_003,1,201,0.999945878982544,0.9051910914591889,52992,104448,/Volumes/TX/camelyon16_project/data/review/iter4_fp_components/normal_003/component_01/normal_003_component_01_contact_sheet.png,/Volumes/TX/camelyon16_project/data/review/iter4_fp_components/normal_003/normal_003_overview.png,,,
normal_003,2,96,0.999763548374176,0.8562697358429432,29568,61184,/Volumes/TX/camelyon16_project/data/review/iter4_fp_components/normal_003/component_02/normal_003_component_02_contact_sheet.png,/Volumes/TX/camelyon16_project/data/review/iter4_fp_components/normal_003/normal_003_overview.png,,,
normal_003,3,75,0.9999845027923584,0.8703801695505778,55168,109312,/Volumes/TX/camelyon16_project/data/review/iter4_fp_components/normal_003/component_03/normal_003_component_03_contact_sheet.png,/Volumes/TX/camelyon16_project/data/review/iter4_fp_components/normal_003/normal_003_overview.png,,,
normal_003,4,72,0.9954093098640442,0.8561921185917325,61696,107520,/Volumes/TX/camelyon16_project/data/review/iter4_fp_components/normal_003/component_04/normal_003_component_04_contact_sheet.png,/Volumes/TX/camelyon16_project/data/review/iter4_fp_components/normal_003/normal_003_overview.png,,,
normal_003,5,65,0.9999085664749146,0.8809518474798936,49664,106112,/Volumes/TX/camelyon16_project/data/review/iter4_fp_components/normal_003/component_05/normal_003_component_05_contact_sheet.png,/Volumes/TX/camelyon16_project/data/review/iter4_fp_components/normal_003/normal_003_overview.png,,,
normal_008,1,45,0.999620795249939,0.8715217457877265,33664,129024,/Volumes/TX/camelyon16_project/data/review/iter4_fp_components/normal_008/component_01/normal_008_component_01_contact_sheet.png,/Volumes/TX/camelyon16_project/data/review/iter4_fp_components/normal_008/normal_008_overview.png,,,
normal_008,2,34,0.9985978007316589,0.8350794280276579,27392,126848,/Volumes/TX/camelyon16_project/data/review/iter4_fp_components/normal_008/component_02/normal_008_component_02_contact_sheet.png,/Volumes/TX/camelyon16_project/data/review/iter4_fp_components/normal_008/normal_008_overview.png,,,
normal_009,1,32,0.9982619881629944,0.8794221300631762,82560,131840,/Volumes/TX/camelyon16_project/data/review/iter4_fp_components/normal_009/component_01/normal_009_component_01_contact_sheet.png,/Volumes/TX/camelyon16_project/data/review/iter4_fp_components/normal_009/normal_009_overview.png,,,
normal_010,1,90,0.9988034963607788,0.8064375287956662,88320,206208,/Volumes/TX/camelyon16_project/data/review/iter4_fp_components/normal_010/component_01/normal_010_component_01_contact_sheet.png,/Volumes/TX/camelyon16_project/data/review/iter4_fp_components/normal_010/normal_010_overview.png,,,
