slide_id,model,patch_threshold,min_component_size,sampled_centers,missing_probabilities,missing_probabilities_in_tumor,centers_in_tumor,positive_centers_in_tumor,positive_centers_outside_tumor,max_prob_in_tumor,largest_component,qualifying_components,qualifying_components_with_tumor_center,largest_component_with_tumor_center
tumor_014,iter7,0.5,40,129624,1,0,4184,4001,4977,1.0,3422,16,2,3422
tumor_014,iter7,0.3,10,129624,1,0,4184,4043,6641,1.0,3511,124,2,3511
tumor_014,iter7,0.15,2,129624,1,0,4184,4083,9135,1.0,3588,884,2,3588
tumor_014,iter7,0.25,1,129624,1,0,4184,4050,7275,1.0,3532,1275,2,3532
tumor_014,iter8,0.5,40,129624,0,0,4184,4004,2761,1.0,3436,3,2,3436
tumor_014,iter8,0.3,10,129624,0,0,4184,4046,4270,1.0,3502,83,2,3502
tumor_014,iter8,0.15,2,129624,0,0,4184,4085,6512,1.0,3597,844,2,3597
tumor_014,iter8,0.25,1,129624,0,0,4184,4056,4824,1.0,3526,1177,3,3526
tumor_016,iter7,0.5,40,64508,0,0,9811,5691,325,0.9999996423721313,2270,9,9,2270
tumor_016,iter7,0.3,10,64508,0,0,9811,6602,538,0.9999996423721313,3530,18,13,3530
tumor_016,iter7,0.15,2,64508,0,0,9811,7458,838,0.9999996423721313,4911,81,11,4911
tumor_016,iter7,0.25,1,64508,0,0,9811,6838,616,0.9999996423721313,4103,173,53,4103
tumor_016,iter8,0.5,40,64508,0,0,9811,4301,32,0.9999998807907104,800,6,6,800
tumor_016,iter8,0.3,10,64508,0,0,9811,5330,65,0.9999998807907104,1919,13,13,1919
tumor_016,iter8,0.15,2,64508,0,0,9811,6397,141,0.9999998807907104,4344,44,21,4344
tumor_016,iter8,0.25,1,64508,0,0,9811,5651,82,0.9999998807907104,2121,101,57,2121
tumor_017,iter7,0.5,40,113496,0,0,12,12,1128,0.9999871253967285,59,3,0,12
tumor_017,iter7,0.3,10,113496,0,0,12,12,1816,0.9999871253967285,70,26,1,17
tumor_017,iter7,0.15,2,113496,0,0,12,12,3005,0.9999871253967285,113,442,2,17
tumor_017,iter7,0.25,1,113496,0,0,12,12,2115,0.9999871253967285,82,639,2,17
tumor_017,iter8,0.5,40,113496,0,0,12,10,147,0.9999890327453613,7,0,0,7
tumor_017,iter8,0.3,10,113496,0,0,12,11,272,0.9999890327453613,10,2,1,10
tumor_017,iter8,0.15,2,113496,0,0,12,11,588,0.9999890327453613,14,118,2,11
tumor_017,iter8,0.25,1,113496,0,0,12,11,338,0.9999890327453613,13,206,2,11
tumor_020,iter7,0.5,40,113137,0,0,4304,4283,30036,1.0,8599,26,7,8599
tumor_020,iter7,0.3,10,113137,0,0,4304,4287,32844,1.0,8928,114,7,8928
tumor_020,iter7,0.15,2,113137,0,0,4304,4293,36526,1.0,9288,600,7,9288
tumor_020,iter7,0.25,1,113137,0,0,4304,4288,33844,1.0,9018,921,7,9018
tumor_020,iter8,0.5,40,113137,0,0,4304,4146,23312,1.0,7504,22,8,7504
tumor_020,iter8,0.3,10,113137,0,0,4304,4194,25240,1.0,7722,71,8,7722
tumor_020,iter8,0.15,2,113137,0,0,4304,4235,27596,1.0,7976,420,8,7976
tumor_020,iter8,0.25,1,113137,0,0,4304,4210,25869,1.0,7800,607,8,7800
tumor_022,iter7,0.5,40,90618,0,0,288,130,3102,0.9999982118606567,641,11,2,63
tumor_022,iter7,0.3,10,90618,0,0,288,150,4289,0.9999982118606567,781,61,4,71
tumor_022,iter7,0.15,2,90618,0,0,288,164,5997,0.9999982118606567,1475,482,5,76
tumor_022,iter7,0.25,1,90618,0,0,288,152,4704,0.9999982118606567,820,732,5,73
tumor_022,iter8,0.5,40,90618,0,0,288,98,94,0.9999603033065796,43,1,1,43
tumor_022,iter8,0.3,10,90618,0,0,288,120,183,0.9999603033065796,52,4,4,52
tumor_022,iter8,0.15,2,90618,0,0,288,139,439,0.9999603033065796,57,88,5,57
tumor_022,iter8,0.25,1,90618,0,0,288,126,238,0.9999603033065796,53,137,8,53
tumor_040,iter7,0.5,40,117448,0,0,31,27,1532,0.9999998807907104,34,0,0,34
tumor_040,iter7,0.3,10,117448,0,0,31,28,2662,0.9999998807907104,72,29,3,36
tumor_040,iter7,0.15,2,117448,0,0,31,28,4697,0.9999998807907104,122,823,4,39
tumor_040,iter7,0.25,1,117448,0,0,31,28,3142,0.9999998807907104,78,1194,4,37
tumor_040,iter8,0.5,40,117448,0,0,31,24,418,0.9999889135360718,20,0,0,20
tumor_040,iter8,0.3,10,117448,0,0,31,26,844,0.9999889135360718,28,5,1,28
tumor_040,iter8,0.15,2,117448,0,0,31,27,1685,0.9999889135360718,73,323,4,32
tumor_040,iter8,0.25,1,117448,0,0,31,27,1045,0.9999889135360718,41,492,5,29
tumor_043,iter7,0.5,40,62601,0,0,19,15,93,0.9977256655693054,18,0,0,18
tumor_043,iter7,0.3,10,62601,0,0,19,17,210,0.9977256655693054,25,4,1,25
tumor_043,iter7,0.15,2,62601,0,0,19,18,441,0.9977256655693054,28,88,1,28
tumor_043,iter7,0.25,1,62601,0,0,19,17,258,0.9977256655693054,25,105,1,25
tumor_043,iter8,0.5,40,62601,0,0,19,6,41,0.9006044268608093,5,0,0,5
tumor_043,iter8,0.3,10,62601,0,0,19,8,104,0.9006044268608093,11,1,1,11
tumor_043,iter8,0.15,2,62601,0,0,19,13,262,0.9006044268608093,20,51,1,20
tumor_043,iter8,0.25,1,62601,0,0,19,10,131,0.9006044268608093,13,75,1,13
tumor_051,iter7,0.5,40,167282,0,0,5751,2682,797,1.0,1293,6,6,1293
tumor_051,iter7,0.3,10,167282,0,0,5751,3055,1623,1.0,1460,31,12,1460
tumor_051,iter7,0.15,2,167282,0,0,5751,3464,3316,1.0,1633,623,47,1633
tumor_051,iter7,0.25,1,167282,0,0,5751,3172,1977,1.0,1498,843,69,1498
tumor_051,iter8,0.5,40,167282,0,0,5751,2713,247,1.0,1406,3,3,1406
tumor_051,iter8,0.3,10,167282,0,0,5751,2982,468,1.0,1535,11,10,1535
tumor_051,iter8,0.15,2,167282,0,0,5751,3301,972,1.0,1669,220,45,1669
tumor_051,iter8,0.25,1,167282,0,0,5751,3079,575,1.0,1575,313,57,1575
tumor_054,iter7,0.5,40,176038,0,0,89096,57114,47498,1.0,25844,32,23,25497
tumor_054,iter7,0.3,10,176038,0,0,89096,60253,49788,1.0,27125,82,55,26861
tumor_054,iter7,0.15,2,176038,0,0,89096,63493,52073,1.0,28320,265,156,28007
tumor_054,iter7,0.25,1,176038,0,0,89096,61185,50407,1.0,27398,453,281,27183
tumor_054,iter8,0.5,40,176038,0,0,89096,44404,39146,1.0,20117,51,32,18829
tumor_054,iter8,0.3,10,176038,0,0,89096,48690,42062,1.0,22469,131,82,21551
tumor_054,iter8,0.15,2,176038,0,0,89096,53074,45152,1.0,24372,408,259,23490
tumor_054,iter8,0.25,1,176038,0,0,89096,49918,42974,1.0,23042,665,417,22061
tumor_056,iter7,0.5,40,74977,0,0,1959,1719,1607,1.0,1085,9,3,1085
tumor_056,iter7,0.3,10,74977,0,0,1959,1764,2077,1.0,1142,24,4,1142
tumor_056,iter7,0.15,2,74977,0,0,1959,1814,2774,1.0,1215,232,9,1215
tumor_056,iter7,0.25,1,74977,0,0,1959,1780,2252,1.0,1163,356,12,1163
tumor_056,iter8,0.5,40,74977,0,0,1959,1640,681,1.0,1016,4,3,1016
tumor_056,iter8,0.3,10,74977,0,0,1959,1714,833,1.0,1104,5,4,1104
tumor_056,iter8,0.15,2,74977,0,0,1959,1771,1146,1.0,1186,104,7,1186
tumor_056,iter8,0.25,1,74977,0,0,1959,1726,907,1.0,1130,156,8,1130
tumor_062,iter7,0.5,40,123295,0,0,1997,1791,1865,1.0,1811,2,2,1811
tumor_062,iter7,0.3,10,123295,0,0,1997,1846,3432,1.0,1866,36,2,1866
tumor_062,iter7,0.15,2,123295,0,0,1997,1890,6671,1.0,1921,1195,2,1921
tumor_062,iter7,0.25,1,123295,0,0,1997,1856,4139,1.0,1878,1642,4,1878
tumor_062,iter8,0.5,40,123295,0,0,1997,1657,507,1.0,1662,1,1,1662
tumor_062,iter8,0.3,10,123295,0,0,1997,1765,1071,1.0,1771,6,2,1771
tumor_062,iter8,0.15,2,123295,0,0,1997,1842,2271,1.0,1849,418,2,1849
tumor_062,iter8,0.25,1,123295,0,0,1997,1792,1341,1.0,1799,587,2,1799
tumor_064,iter7,0.5,40,68367,0,0,8062,6335,1918,1.0,1574,5,5,1574
tumor_064,iter7,0.3,10,68367,0,0,8062,6626,3148,1.0,1664,59,11,1664
tumor_064,iter7,0.15,2,68367,0,0,8062,6921,5032,1.0,1762,616,26,1762
tumor_064,iter7,0.25,1,68367,0,0,8062,6705,3632,1.0,1687,873,32,1687
tumor_064,iter8,0.5,40,68367,0,0,8062,5594,494,1.0,1387,7,7,1387
tumor_064,iter8,0.3,10,68367,0,0,8062,5909,929,1.0,1446,22,18,1446
tumor_064,iter8,0.15,2,68367,0,0,8062,6235,1768,1.0,1537,315,38,1537
tumor_064,iter8,0.25,1,68367,0,0,8062,5987,1120,1.0,1463,444,55,1463
tumor_066,iter7,0.5,40,87480,0,0,76,62,1412,0.9999997615814209,73,1,1,73
tumor_066,iter7,0.3,10,87480,0,0,76,65,2402,0.9999997615814209,80,43,1,80
tumor_066,iter7,0.15,2,87480,0,0,76,67,4021,0.9999997615814209,160,605,1,84
tumor_066,iter7,0.25,1,87480,0,0,76,66,2807,0.9999997615814209,86,884,1,82
tumor_066,iter8,0.5,40,87480,0,0,76,60,369,0.9999984502792358,68,1,1,68
tumor_066,iter8,0.3,10,87480,0,0,76,63,785,0.9999984502792358,75,2,1,75
tumor_066,iter8,0.15,2,87480,0,0,76,69,1658,0.9999984502792358,85,360,2,85
tumor_066,iter8,0.25,1,87480,0,0,76,65,986,0.9999984502792358,78,499,2,78
tumor_067,iter7,0.5,40,71766,0,0,8,6,346,0.9878915548324585,13,0,0,11
tumor_067,iter7,0.3,10,71766,0,0,8,6,672,0.9878915548324585,16,4,1,11
tumor_067,iter7,0.15,2,71766,0,0,8,6,1260,0.9878915548324585,20,263,1,13
tumor_067,iter7,0.25,1,71766,0,0,8,6,786,0.9878915548324585,18,385,1,11
tumor_067,iter8,0.5,40,71766,0,0,8,8,251,0.9996894598007202,15,0,0,12
tumor_067,iter8,0.3,10,71766,0,0,8,8,475,0.9996894598007202,16,4,1,15
tumor_067,iter8,0.15,2,71766,0,0,8,8,926,0.9996894598007202,19,208,1,19
tumor_067,iter8,0.25,1,71766,0,0,8,8,563,0.9996894598007202,17,288,1,16
tumor_071,iter7,0.5,40,131767,0,0,3315,1952,4577,0.9999945163726807,538,21,11,538
tumor_071,iter7,0.3,10,131767,0,0,3315,2319,7779,0.9999945163726807,650,184,22,650
tumor_071,iter7,0.15,2,131767,0,0,3315,2665,13508,0.9999945163726807,746,1138,24,746
tumor_071,iter7,0.25,1,131767,0,0,3315,2437,9164,0.9999945163726807,689,1626,40,689
tumor_071,iter8,0.5,40,131767,0,0,3315,1,0,0.5123041272163391,1,0,0,1
tumor_071,iter8,0.3,10,131767,0,0,3315,1,0,0.5123041272163391,1,0,0,1
tumor_071,iter8,0.15,2,131767,0,0,3315,1,1,0.5123041272163391,1,0,0,1
tumor_071,iter8,0.25,1,131767,0,0,3315,1,0,0.5123041272163391,1,1,1,1
tumor_074,iter7,0.5,40,56928,0,0,506,499,4876,1.0,792,17,1,792
tumor_074,iter7,0.3,10,56928,0,0,506,505,8207,1.0,1058,110,2,1058
tumor_074,iter7,0.15,2,56928,0,0,506,506,13688,1.0,1785,620,2,1356
tumor_074,iter7,0.25,1,56928,0,0,506,506,9541,1.0,1147,1025,2,1147
tumor_074,iter8,0.5,40,56928,0,0,506,171,12,0.9999192953109741,30,0,0,30
tumor_074,iter8,0.3,10,56928,0,0,506,203,18,0.9999192953109741,53,7,7,53
tumor_074,iter8,0.15,2,56928,0,0,506,238,23,0.9999192953109741,122,14,14,122
tumor_074,iter8,0.25,1,56928,0,0,506,218,21,0.9999192953109741,98,24,22,98
tumor_081,iter7,0.5,40,66194,0,0,30,23,1474,0.9946919083595276,82,2,0,26
tumor_081,iter7,0.3,10,66194,0,0,30,26,2729,0.9946919083595276,121,64,1,32
tumor_081,iter7,0.15,2,66194,0,0,30,28,4850,0.9946919083595276,209,474,1,52
tumor_081,iter7,0.25,1,66194,0,0,30,26,3231,0.9946919083595276,124,641,1,41
tumor_081,iter8,0.5,40,66194,0,0,30,0,0,0.4119044244289398,0,0,0,0
tumor_081,iter8,0.3,10,66194,0,0,30,1,0,0.4119044244289398,1,0,0,1
tumor_081,iter8,0.15,2,66194,0,0,30,2,0,0.4119044244289398,2,1,1,2
tumor_081,iter8,0.25,1,66194,0,0,30,1,0,0.4119044244289398,1,1,1,1
tumor_096,iter7,0.5,40,96883,0,0,1382,542,1739,0.9999246597290039,252,7,5,252
tumor_096,iter7,0.3,10,96883,0,0,1382,688,2924,0.9999246597290039,309,68,8,309
tumor_096,iter7,0.15,2,96883,0,0,1382,817,4897,0.9999246597290039,366,483,26,366
tumor_096,iter7,0.25,1,96883,0,0,1382,728,3382,0.9999246597290039,325,653,36,325
tumor_096,iter8,0.5,40,96883,0,0,1382,0,0,0.29402223229408264,0,0,0,0
tumor_096,iter8,0.3,10,96883,0,0,1382,0,0,0.29402223229408264,0,0,0,0
tumor_096,iter8,0.15,2,96883,0,0,1382,2,0,0.29402223229408264,2,1,1,2
tumor_096,iter8,0.25,1,96883,0,0,1382,1,0,0.29402223229408264,1,1,1,1
tumor_110,iter7,0.5,40,127319,0,0,64267,62542,7848,1.0,35095,15,5,35095
tumor_110,iter7,0.3,10,127319,0,0,64267,63137,12580,1.0,46380,156,4,46380
tumor_110,iter7,0.15,2,127319,0,0,64267,63578,20547,1.0,48124,587,3,48124
tumor_110,iter7,0.25,1,127319,0,0,64267,63284,14610,1.0,46713,1172,5,46713
tumor_110,iter8,0.5,40,127319,0,0,64267,8831,32,0.9999641180038452,174,13,13,174
tumor_110,iter8,0.3,10,127319,0,0,64267,14655,57,0.9999641180038452,356,302,302,356
tumor_110,iter8,0.15,2,127319,0,0,64267,22509,99,0.9999641180038452,2367,832,828,2367
tumor_110,iter8,0.25,1,127319,0,0,64267,16687,68,0.9999641180038452,682,1779,1773,682
