slide_id,component_id,n_patches,max_prob,mean_prob,top_x,top_y,contact_sheet,overview,review_category,include_as_hard_negative,notes
normal_036,1,50,0.9999121427536011,0.8021619999408722,50944,127104,images/normal_036/normal_036_c1_normal_036_component_01_contact_sheet.png,overviews/normal_036/normal_036_c1_normal_036_overview.png,,,
normal_036,2,33,0.9981247782707214,0.8323997728752367,50816,136704,images/normal_036/normal_036_c2_normal_036_component_02_contact_sheet.png,overviews/normal_036/normal_036_c1_normal_036_overview.png,,,
normal_036,3,24,0.9768262505531311,0.7873940542340279,42752,168704,images/normal_036/normal_036_c3_normal_036_component_03_contact_sheet.png,overviews/normal_036/normal_036_c1_normal_036_overview.png,,,
normal_036,4,24,0.936631441116333,0.7257537568608919,49792,174080,images/normal_036/normal_036_c4_normal_036_component_04_contact_sheet.png,overviews/normal_036/normal_036_c1_normal_036_overview.png,,,
normal_036,5,23,0.9860856533050537,0.7938531689021898,59392,170624,images/normal_036/normal_036_c5_normal_036_component_05_contact_sheet.png,overviews/normal_036/normal_036_c1_normal_036_overview.png,,,
normal_038,1,41,0.9978336691856384,0.7730333805084229,27648,145920,images/normal_038/normal_038_c1_normal_038_component_01_contact_sheet.png,overviews/normal_038/normal_038_c1_normal_038_overview.png,,,
normal_038,2,22,0.9915775060653687,0.8519337204369631,25856,141312,images/normal_038/normal_038_c2_normal_038_component_02_contact_sheet.png,overviews/normal_038/normal_038_c1_normal_038_overview.png,,,
normal_038,3,21,0.9951087832450867,0.7714481779507228,25344,145536,images/normal_038/normal_038_c3_normal_038_component_03_contact_sheet.png,overviews/normal_038/normal_038_c1_normal_038_overview.png,,,
normal_045,1,67,0.9995952248573303,0.875298657524052,81280,58752,images/normal_045/normal_045_c1_normal_045_component_01_contact_sheet.png,overviews/normal_045/normal_045_c1_normal_045_overview.png,,,
normal_045,2,41,0.9999209642410278,0.7739910556048881,82560,142464,images/normal_045/normal_045_c2_normal_045_component_02_contact_sheet.png,overviews/normal_045/normal_045_c1_normal_045_overview.png,,,
normal_045,3,24,0.9990071654319763,0.8145655890305837,65792,71168,images/normal_045/normal_045_c3_normal_045_component_03_contact_sheet.png,overviews/normal_045/normal_045_c1_normal_045_overview.png,,,
normal_048,1,43,0.999417781829834,0.8707103507463322,57728,138368,images/normal_048/normal_048_c1_normal_048_component_01_contact_sheet.png,overviews/normal_048/normal_048_c1_normal_048_overview.png,,,
normal_048,2,24,0.9994576573371887,0.8170760547121366,56064,136832,images/normal_048/normal_048_c2_normal_048_component_02_contact_sheet.png,overviews/normal_048/normal_048_c1_normal_048_overview.png,,,
normal_052,1,63,0.9998698234558105,0.9176197099307227,48384,145792,images/normal_052/normal_052_c1_normal_052_component_01_contact_sheet.png,overviews/normal_052/normal_052_c1_normal_052_overview.png,,,
normal_052,2,33,0.9994217157363892,0.8709105307405646,58368,150656,images/normal_052/normal_052_c2_normal_052_component_02_contact_sheet.png,overviews/normal_052/normal_052_c1_normal_052_overview.png,,,
normal_052,3,31,0.9999998807907104,0.8860113832258409,47488,146688,images/normal_052/normal_052_c3_normal_052_component_03_contact_sheet.png,overviews/normal_052/normal_052_c1_normal_052_overview.png,,,
normal_052,4,30,0.9892897009849548,0.7865041812260946,52864,147584,images/normal_052/normal_052_c4_normal_052_component_04_contact_sheet.png,overviews/normal_052/normal_052_c1_normal_052_overview.png,,,
normal_052,5,28,0.9999675750732422,0.9101512134075165,81408,93824,images/normal_052/normal_052_c5_normal_052_component_05_contact_sheet.png,overviews/normal_052/normal_052_c1_normal_052_overview.png,,,
normal_055,1,254,0.999998927116394,0.8919707754934867,52352,131200,images/normal_055/normal_055_c1_normal_055_component_01_contact_sheet.png,overviews/normal_055/normal_055_c1_normal_055_overview.png,,,
normal_055,2,56,0.9998272061347961,0.8659695110150746,57856,130176,images/normal_055/normal_055_c2_normal_055_component_02_contact_sheet.png,overviews/normal_055/normal_055_c1_normal_055_overview.png,,,
normal_055,3,47,0.9990532994270325,0.8939007672857731,49536,140928,images/normal_055/normal_055_c3_normal_055_component_03_contact_sheet.png,overviews/normal_055/normal_055_c1_normal_055_overview.png,,,
normal_055,4,33,0.9997536540031433,0.8370364940527714,50816,142976,images/normal_055/normal_055_c4_normal_055_component_04_contact_sheet.png,overviews/normal_055/normal_055_c1_normal_055_overview.png,,,
normal_055,5,31,0.9998188614845276,0.8392692285199319,61184,131584,images/normal_055/normal_055_c5_normal_055_component_05_contact_sheet.png,overviews/normal_055/normal_055_c1_normal_055_overview.png,,,
normal_058,1,36,0.999167799949646,0.857102072901196,56320,172672,images/normal_058/normal_058_c1_normal_058_component_01_contact_sheet.png,overviews/normal_058/normal_058_c1_normal_058_overview.png,,,
normal_067,1,154,0.9999717473983765,0.8413902234721493,65024,139008,images/normal_067/normal_067_c1_normal_067_component_01_contact_sheet.png,overviews/normal_067/normal_067_c1_normal_067_overview.png,,,
normal_067,2,95,0.9997840523719788,0.8910192464527331,65792,135168,images/normal_067/normal_067_c2_normal_067_component_02_contact_sheet.png,overviews/normal_067/normal_067_c1_normal_067_overview.png,,,
normal_067,3,79,0.9998014569282532,0.8505874879752533,41984,177408,images/normal_067/normal_067_c3_normal_067_component_03_contact_sheet.png,overviews/normal_067/normal_067_c1_normal_067_overview.png,,,
normal_067,4,57,0.9999160766601562,0.8802577445381566,64896,136960,images/normal_067/normal_067_c4_normal_067_component_04_contact_sheet.png,overviews/normal_067/normal_067_c1_normal_067_overview.png,,,
normal_067,5,55,0.9999756813049316,0.8604853944344955,61440,104064,images/normal_067/normal_067_c5_normal_067_component_05_contact_sheet.png,overviews/normal_067/normal_067_c1_normal_067_overview.png,,,
normal_070,1,98,0.9995429515838623,0.9049853335837929,24064,155776,images/normal_070/normal_070_c1_normal_070_component_01_contact_sheet.png,overviews/normal_070/normal_070_c1_normal_070_overview.png,,,
normal_070,2,55,0.9969174861907959,0.8027641686526212,22400,153984,images/normal_070/normal_070_c2_normal_070_component_02_contact_sheet.png,overviews/normal_070/normal_070_c1_normal_070_overview.png,,,
normal_070,3,22,0.9998505115509033,0.8865963220596313,32384,145152,images/normal_070/normal_070_c3_normal_070_component_03_contact_sheet.png,overviews/normal_070/normal_070_c1_normal_070_overview.png,,,
normal_070,4,22,0.9997697472572327,0.8759639371525157,27392,162688,images/normal_070/normal_070_c4_normal_070_component_04_contact_sheet.png,overviews/normal_070/normal_070_c1_normal_070_overview.png,,,
normal_077,1,34,0.9997068047523499,0.783688534708584,56064,138624,images/normal_077/normal_077_c1_normal_077_component_01_contact_sheet.png,overviews/normal_077/normal_077_c1_normal_077_overview.png,,,
normal_080,1,20,0.9965458512306213,0.8496229350566864,20608,187520,images/normal_080/normal_080_c1_normal_080_component_01_contact_sheet.png,overviews/normal_080/normal_080_c1_normal_080_overview.png,,,
normal_087,1,48,0.9995561242103577,0.8633926672240099,32000,84096,images/normal_087/normal_087_c1_normal_087_component_01_contact_sheet.png,overviews/normal_087/normal_087_c1_normal_087_overview.png,,,
normal_087,2,37,0.9978585839271545,0.7914759645590911,42752,113280,images/normal_087/normal_087_c2_normal_087_component_02_contact_sheet.png,overviews/normal_087/normal_087_c1_normal_087_overview.png,,,
normal_087,3,30,0.9995890259742737,0.8015287975470226,90496,129920,images/normal_087/normal_087_c3_normal_087_component_03_contact_sheet.png,overviews/normal_087/normal_087_c1_normal_087_overview.png,,,
normal_087,4,25,0.9999754428863525,0.8440129232406616,36352,96512,images/normal_087/normal_087_c4_normal_087_component_04_contact_sheet.png,overviews/normal_087/normal_087_c1_normal_087_overview.png,,,
normal_087,5,23,0.9985700845718384,0.7956364828607311,25344,128128,images/normal_087/normal_087_c5_normal_087_component_05_contact_sheet.png,overviews/normal_087/normal_087_c1_normal_087_overview.png,,,
normal_089,1,63,0.999818742275238,0.8373022883657425,47616,133376,images/normal_089/normal_089_c1_normal_089_component_01_contact_sheet.png,overviews/normal_089/normal_089_c1_normal_089_overview.png,,,
normal_089,2,50,0.999434769153595,0.8705595135688782,51712,132864,images/normal_089/normal_089_c2_normal_089_component_02_contact_sheet.png,overviews/normal_089/normal_089_c1_normal_089_overview.png,,,
normal_089,3,42,0.9999454021453857,0.8455004635311308,21376,82304,images/normal_089/normal_089_c3_normal_089_component_03_contact_sheet.png,overviews/normal_089/normal_089_c1_normal_089_overview.png,,,
normal_089,4,33,0.9985976815223694,0.7959727933912566,16640,78336,images/normal_089/normal_089_c4_normal_089_component_04_contact_sheet.png,overviews/normal_089/normal_089_c1_normal_089_overview.png,,,
normal_089,5,32,0.9997386336326599,0.9170035887509584,64256,141056,images/normal_089/normal_089_c5_normal_089_component_05_contact_sheet.png,overviews/normal_089/normal_089_c1_normal_089_overview.png,,,
normal_096,1,35,0.998917818069458,0.8193986194474356,80384,99968,images/normal_096/normal_096_c1_normal_096_component_01_contact_sheet.png,overviews/normal_096/normal_096_c1_normal_096_overview.png,,,
normal_096,2,25,0.955102264881134,0.782484257221222,24320,181120,images/normal_096/normal_096_c2_normal_096_component_02_contact_sheet.png,overviews/normal_096/normal_096_c1_normal_096_overview.png,,,
normal_096,3,21,0.9992079138755798,0.9078259751910255,41216,117248,images/normal_096/normal_096_c3_normal_096_component_03_contact_sheet.png,overviews/normal_096/normal_096_c1_normal_096_overview.png,,,
normal_103,1,1389,0.9998607635498047,0.8203517970977026,79616,24192,images/normal_103/normal_103_c1_normal_103_component_01_contact_sheet.png,overviews/normal_103/normal_103_c1_normal_103_overview.png,,,
normal_103,2,550,0.9997642636299133,0.7864641019431028,35584,14976,images/normal_103/normal_103_c2_normal_103_component_02_contact_sheet.png,overviews/normal_103/normal_103_c1_normal_103_overview.png,,,
normal_103,3,341,0.9998314380645752,0.8048140039541855,84736,36736,images/normal_103/normal_103_c3_normal_103_component_03_contact_sheet.png,overviews/normal_103/normal_103_c1_normal_103_overview.png,,,
normal_103,4,281,0.9996438026428223,0.7868885156098634,75136,18688,images/normal_103/normal_103_c4_normal_103_component_04_contact_sheet.png,overviews/normal_103/normal_103_c1_normal_103_overview.png,,,
normal_103,5,231,0.9999063014984131,0.8588845200868912,40960,23424,images/normal_103/normal_103_c5_normal_103_component_05_contact_sheet.png,overviews/normal_103/normal_103_c1_normal_103_overview.png,,,
normal_106,1,317,0.9999616146087646,0.9059201420669676,24576,66816,images/normal_106/normal_106_c1_normal_106_component_01_contact_sheet.png,overviews/normal_106/normal_106_c1_normal_106_overview.png,,,
normal_106,2,262,0.9999964237213135,0.8938033323706561,19072,58240,images/normal_106/normal_106_c2_normal_106_component_02_contact_sheet.png,overviews/normal_106/normal_106_c1_normal_106_overview.png,,,
normal_106,3,185,0.9999985694885254,0.8467126379141936,62464,9472,images/normal_106/normal_106_c3_normal_106_component_03_contact_sheet.png,overviews/normal_106/normal_106_c1_normal_106_overview.png,,,
normal_106,4,164,0.999995231628418,0.9025672910416999,19712,69632,images/normal_106/normal_106_c4_normal_106_component_04_contact_sheet.png,overviews/normal_106/normal_106_c1_normal_106_overview.png,,,
normal_106,5,111,0.9999995231628418,0.9013604494902465,100480,28800,images/normal_106/normal_106_c5_normal_106_component_05_contact_sheet.png,overviews/normal_106/normal_106_c1_normal_106_overview.png,,,
normal_108,1,301,0.9999116659164429,0.8384814646552964,32256,22784,images/normal_108/normal_108_c1_normal_108_component_01_contact_sheet.png,overviews/normal_108/normal_108_c1_normal_108_overview.png,,,
normal_108,2,263,0.9999943971633911,0.8480499293867626,33536,18048,images/normal_108/normal_108_c2_normal_108_component_02_contact_sheet.png,overviews/normal_108/normal_108_c1_normal_108_overview.png,,,
normal_108,3,81,0.9992809891700745,0.8323267484888618,32000,16256,images/normal_108/normal_108_c3_normal_108_component_03_contact_sheet.png,overviews/normal_108/normal_108_c1_normal_108_overview.png,,,
normal_108,4,71,0.9943686127662659,0.779961498690323,27520,21120,images/normal_108/normal_108_c4_normal_108_component_04_contact_sheet.png,overviews/normal_108/normal_108_c1_normal_108_overview.png,,,
normal_108,5,59,0.999803364276886,0.8350602640944013,30592,17152,images/normal_108/normal_108_c5_normal_108_component_05_contact_sheet.png,overviews/normal_108/normal_108_c1_normal_108_overview.png,,,
normal_111,1,346,0.9999415874481201,0.8573698043134171,135040,16384,images/normal_111/normal_111_c1_normal_111_component_01_contact_sheet.png,overviews/normal_111/normal_111_c1_normal_111_overview.png,,,
normal_111,2,306,0.9999802112579346,0.8412554410158419,57216,17152,images/normal_111/normal_111_c2_normal_111_component_02_contact_sheet.png,overviews/normal_111/normal_111_c1_normal_111_overview.png,,,
normal_111,3,159,0.9999772310256958,0.8790671885388452,133888,11904,images/normal_111/normal_111_c3_normal_111_component_03_contact_sheet.png,overviews/normal_111/normal_111_c1_normal_111_overview.png,,,
normal_111,4,142,0.9987245202064514,0.7782043101082385,131712,27904,images/normal_111/normal_111_c4_normal_111_component_04_contact_sheet.png,overviews/normal_111/normal_111_c1_normal_111_overview.png,,,
normal_111,5,95,0.9967803955078125,0.749985805310701,45440,33536,images/normal_111/normal_111_c5_normal_111_component_05_contact_sheet.png,overviews/normal_111/normal_111_c1_normal_111_overview.png,,,
normal_114,1,8246,0.9999980926513672,0.8240516661527867,36736,29312,images/normal_114/normal_114_c1_normal_114_component_01_contact_sheet.png,overviews/normal_114/normal_114_c1_normal_114_overview.png,,,
normal_114,2,7045,0.9999992847442627,0.8542756777354552,27520,66432,images/normal_114/normal_114_c2_normal_114_component_02_contact_sheet.png,overviews/normal_114/normal_114_c1_normal_114_overview.png,,,
normal_114,3,2404,0.9999446868896484,0.8058933824945409,110464,50048,images/normal_114/normal_114_c3_normal_114_component_03_contact_sheet.png,overviews/normal_114/normal_114_c1_normal_114_overview.png,,,
normal_114,4,2345,0.9999986886978149,0.8406863234953077,73088,60672,images/normal_114/normal_114_c4_normal_114_component_04_contact_sheet.png,overviews/normal_114/normal_114_c1_normal_114_overview.png,,,
normal_114,5,2298,1.0,0.8932024455775999,79616,13440,images/normal_114/normal_114_c5_normal_114_component_05_contact_sheet.png,overviews/normal_114/normal_114_c1_normal_114_overview.png,,,
normal_117,1,71,0.9949228167533875,0.7435413431113874,148096,28032,images/normal_117/normal_117_c1_normal_117_component_01_contact_sheet.png,overviews/normal_117/normal_117_c1_normal_117_overview.png,,,
normal_117,2,64,0.9998457431793213,0.7774270344525576,55552,57984,images/normal_117/normal_117_c2_normal_117_component_02_contact_sheet.png,overviews/normal_117/normal_117_c1_normal_117_overview.png,,,
normal_117,3,62,0.9995729327201843,0.7999477405701915,145152,31744,images/normal_117/normal_117_c3_normal_117_component_03_contact_sheet.png,overviews/normal_117/normal_117_c1_normal_117_overview.png,,,
normal_117,4,59,0.9999076128005981,0.8201082773127798,43776,57728,images/normal_117/normal_117_c4_normal_117_component_04_contact_sheet.png,overviews/normal_117/normal_117_c1_normal_117_overview.png,,,
normal_117,5,56,0.9999793767929077,0.8281123851026807,67200,45568,images/normal_117/normal_117_c5_normal_117_component_05_contact_sheet.png,overviews/normal_117/normal_117_c1_normal_117_overview.png,,,
normal_119,1,468,0.9995879530906677,0.8106076098405398,68352,18944,images/normal_119/normal_119_c1_normal_119_component_01_contact_sheet.png,overviews/normal_119/normal_119_c1_normal_119_overview.png,,,
normal_119,2,228,0.9956198334693909,0.7816855619873917,47744,40448,images/normal_119/normal_119_c2_normal_119_component_02_contact_sheet.png,overviews/normal_119/normal_119_c1_normal_119_overview.png,,,
normal_119,3,204,0.9999135732650757,0.8324399117161246,59392,62720,images/normal_119/normal_119_c3_normal_119_component_03_contact_sheet.png,overviews/normal_119/normal_119_c1_normal_119_overview.png,,,
normal_119,4,146,0.9999949932098389,0.8637275834606118,82176,25856,images/normal_119/normal_119_c4_normal_119_component_04_contact_sheet.png,overviews/normal_119/normal_119_c1_normal_119_overview.png,,,
normal_119,5,135,0.9999703168869019,0.8518665203341731,52352,36608,images/normal_119/normal_119_c5_normal_119_component_05_contact_sheet.png,overviews/normal_119/normal_119_c1_normal_119_overview.png,,,
normal_123,1,127,0.9995104074478149,0.814946785217195,26752,26752,images/normal_123/normal_123_c1_normal_123_component_01_contact_sheet.png,overviews/normal_123/normal_123_c1_normal_123_overview.png,,,
normal_123,2,111,0.9995418787002563,0.8437186995068112,24448,12800,images/normal_123/normal_123_c2_normal_123_component_02_contact_sheet.png,overviews/normal_123/normal_123_c1_normal_123_overview.png,,,
normal_123,3,73,0.9963935017585754,0.810874825471068,70784,38656,images/normal_123/normal_123_c3_normal_123_component_03_contact_sheet.png,overviews/normal_123/normal_123_c1_normal_123_overview.png,,,
normal_123,4,68,0.9994438290596008,0.8678233264123693,68992,48256,images/normal_123/normal_123_c4_normal_123_component_04_contact_sheet.png,overviews/normal_123/normal_123_c1_normal_123_overview.png,,,
normal_123,5,60,0.9948988556861877,0.7977497498194377,22144,16896,images/normal_123/normal_123_c5_normal_123_component_05_contact_sheet.png,overviews/normal_123/normal_123_c1_normal_123_overview.png,,,
normal_126,1,98,0.9999434947967529,0.7732052456359474,45056,47872,images/normal_126/normal_126_c1_normal_126_component_01_contact_sheet.png,overviews/normal_126/normal_126_c1_normal_126_overview.png,,,
normal_126,2,86,0.9985283613204956,0.7967952593814495,29184,12544,images/normal_126/normal_126_c2_normal_126_component_02_contact_sheet.png,overviews/normal_126/normal_126_c1_normal_126_overview.png,,,
normal_126,3,60,0.9970191717147827,0.8352626244227092,118400,55936,images/normal_126/normal_126_c3_normal_126_component_03_contact_sheet.png,overviews/normal_126/normal_126_c1_normal_126_overview.png,,,
normal_126,4,53,0.9744017124176025,0.7603257410931137,114816,53120,images/normal_126/normal_126_c4_normal_126_component_04_contact_sheet.png,overviews/normal_126/normal_126_c1_normal_126_overview.png,,,
normal_126,5,51,0.9822344183921814,0.7332644170405818,112768,47232,images/normal_126/normal_126_c5_normal_126_component_05_contact_sheet.png,overviews/normal_126/normal_126_c1_normal_126_overview.png,,,
normal_129,1,534,0.9989439845085144,0.7597364936205332,22144,34304,images/normal_129/normal_129_c1_normal_129_component_01_contact_sheet.png,overviews/normal_129/normal_129_c1_normal_129_overview.png,,,
normal_129,2,346,0.9992669224739075,0.7514764070510864,25728,27392,images/normal_129/normal_129_c2_normal_129_component_02_contact_sheet.png,overviews/normal_129/normal_129_c1_normal_129_overview.png,,,
normal_129,3,295,0.9981332421302795,0.7600431244252092,32768,23296,images/normal_129/normal_129_c3_normal_129_component_03_contact_sheet.png,overviews/normal_129/normal_129_c1_normal_129_overview.png,,,
normal_129,4,262,0.9991663694381714,0.7357727523523433,21504,27520,images/normal_129/normal_129_c4_normal_129_component_04_contact_sheet.png,overviews/normal_129/normal_129_c1_normal_129_overview.png,,,
normal_129,5,226,0.9997839331626892,0.7534797587225922,127872,37376,images/normal_129/normal_129_c5_normal_129_component_05_contact_sheet.png,overviews/normal_129/normal_129_c1_normal_129_overview.png,,,
normal_133,1,186,0.9999972581863403,0.8841204723363282,29952,33280,images/normal_133/normal_133_c1_normal_133_component_01_contact_sheet.png,overviews/normal_133/normal_133_c1_normal_133_overview.png,,,
normal_133,2,172,0.9964184761047363,0.8224707304738289,105088,32512,images/normal_133/normal_133_c2_normal_133_component_02_contact_sheet.png,overviews/normal_133/normal_133_c1_normal_133_overview.png,,,
normal_133,3,79,0.9999104738235474,0.8357873068580145,24320,36608,images/normal_133/normal_133_c3_normal_133_component_03_contact_sheet.png,overviews/normal_133/normal_133_c1_normal_133_overview.png,,,
normal_133,4,54,0.999940037727356,0.8481012251642015,100352,37248,images/normal_133/normal_133_c4_normal_133_component_04_contact_sheet.png,overviews/normal_133/normal_133_c1_normal_133_overview.png,,,
normal_133,5,48,0.9998403787612915,0.8855307884514332,115072,24960,images/normal_133/normal_133_c5_normal_133_component_05_contact_sheet.png,overviews/normal_133/normal_133_c1_normal_133_overview.png,,,
normal_135,1,110,0.9998422861099243,0.8408390348607844,31104,38400,images/normal_135/normal_135_c1_normal_135_component_01_contact_sheet.png,overviews/normal_135/normal_135_c1_normal_135_overview.png,,,
normal_135,2,32,0.9857320189476013,0.7624966464936733,33024,70528,images/normal_135/normal_135_c2_normal_135_component_02_contact_sheet.png,overviews/normal_135/normal_135_c1_normal_135_overview.png,,,
normal_135,3,32,0.9761564135551453,0.7701709363609552,41088,62976,images/normal_135/normal_135_c3_normal_135_component_03_contact_sheet.png,overviews/normal_135/normal_135_c1_normal_135_overview.png,,,
normal_135,4,29,0.9248644113540649,0.7302155042516774,20992,73728,images/normal_135/normal_135_c4_normal_135_component_04_contact_sheet.png,overviews/normal_135/normal_135_c1_normal_135_overview.png,,,
normal_135,5,22,0.999288022518158,0.8100124516270377,42880,66048,images/normal_135/normal_135_c5_normal_135_component_05_contact_sheet.png,overviews/normal_135/normal_135_c1_normal_135_overview.png,,,
normal_143,1,733,0.9999871253967285,0.8818229572672148,67968,20736,images/normal_143/normal_143_c1_normal_143_component_01_contact_sheet.png,overviews/normal_143/normal_143_c1_normal_143_overview.png,,,
normal_143,2,455,0.999998927116394,0.8595626409237201,90752,51072,images/normal_143/normal_143_c2_normal_143_component_02_contact_sheet.png,overviews/normal_143/normal_143_c1_normal_143_overview.png,,,
normal_143,3,268,0.9999972581863403,0.87118963185531,24192,52096,images/normal_143/normal_143_c3_normal_143_component_03_contact_sheet.png,overviews/normal_143/normal_143_c1_normal_143_overview.png,,,
normal_143,4,248,0.9999998807907104,0.8735895337116334,74240,62080,images/normal_143/normal_143_c4_normal_143_component_04_contact_sheet.png,overviews/normal_143/normal_143_c1_normal_143_overview.png,,,
normal_143,5,246,0.9998327493667603,0.788930975082444,26496,55424,images/normal_143/normal_143_c5_normal_143_component_05_contact_sheet.png,overviews/normal_143/normal_143_c1_normal_143_overview.png,,,
normal_146,1,377,0.9999994039535522,0.9553079796406572,116480,16512,images/normal_146/normal_146_c1_normal_146_component_01_contact_sheet.png,overviews/normal_146/normal_146_c1_normal_146_overview.png,,,
normal_146,2,368,0.9999980926513672,0.8864337212365606,120192,23680,images/normal_146/normal_146_c2_normal_146_component_02_contact_sheet.png,overviews/normal_146/normal_146_c1_normal_146_overview.png,,,
normal_146,3,325,0.999975323677063,0.8546406333263104,66944,44288,images/normal_146/normal_146_c3_normal_146_component_03_contact_sheet.png,overviews/normal_146/normal_146_c1_normal_146_overview.png,,,
normal_146,4,302,0.9999463558197021,0.850056903251749,55936,44800,images/normal_146/normal_146_c4_normal_146_component_04_contact_sheet.png,overviews/normal_146/normal_146_c1_normal_146_overview.png,,,
normal_146,5,250,0.9999911785125732,0.8273737852573395,28032,25728,images/normal_146/normal_146_c5_normal_146_component_05_contact_sheet.png,overviews/normal_146/normal_146_c1_normal_146_overview.png,,,
normal_150,1,240,0.9987730383872986,0.775082790851593,19968,33152,images/normal_150/normal_150_c1_normal_150_component_01_contact_sheet.png,overviews/normal_150/normal_150_c1_normal_150_overview.png,,,
normal_150,2,221,0.9999148845672607,0.8115323903334087,46976,31744,images/normal_150/normal_150_c2_normal_150_component_02_contact_sheet.png,overviews/normal_150/normal_150_c1_normal_150_overview.png,,,
normal_150,3,198,0.9999997615814209,0.9321947130892012,39936,47488,images/normal_150/normal_150_c3_normal_150_component_03_contact_sheet.png,overviews/normal_150/normal_150_c1_normal_150_overview.png,,,
normal_150,4,178,0.9983415603637695,0.7924751200702753,18688,30976,images/normal_150/normal_150_c4_normal_150_component_04_contact_sheet.png,overviews/normal_150/normal_150_c1_normal_150_overview.png,,,
normal_150,5,169,0.9999699592590332,0.8322891871604694,45568,33024,images/normal_150/normal_150_c5_normal_150_component_05_contact_sheet.png,overviews/normal_150/normal_150_c1_normal_150_overview.png,,,
normal_152,1,323,0.999995231628418,0.9068062648684617,74624,29568,images/normal_152/normal_152_c1_normal_152_component_01_contact_sheet.png,overviews/normal_152/normal_152_c1_normal_152_overview.png,,,
normal_152,2,163,0.9998237490653992,0.8378407285988696,40448,53120,images/normal_152/normal_152_c2_normal_152_component_02_contact_sheet.png,overviews/normal_152/normal_152_c1_normal_152_overview.png,,,
normal_152,3,159,0.9999994039535522,0.8408722255214955,50432,54528,images/normal_152/normal_152_c3_normal_152_component_03_contact_sheet.png,overviews/normal_152/normal_152_c1_normal_152_overview.png,,,
normal_152,4,133,0.9999959468841553,0.8861753985397798,84480,38144,images/normal_152/normal_152_c4_normal_152_component_04_contact_sheet.png,overviews/normal_152/normal_152_c1_normal_152_overview.png,,,
normal_152,5,123,0.9999983310699463,0.9068051155020551,42112,47360,images/normal_152/normal_152_c5_normal_152_component_05_contact_sheet.png,overviews/normal_152/normal_152_c1_normal_152_overview.png,,,
normal_156,1,118,0.9999485015869141,0.8300122219627186,88448,34560,images/normal_156/normal_156_c1_normal_156_component_01_contact_sheet.png,overviews/normal_156/normal_156_c1_normal_156_overview.png,,,
normal_156,2,106,0.9999899864196777,0.8662066420294204,88576,40448,images/normal_156/normal_156_c2_normal_156_component_02_contact_sheet.png,overviews/normal_156/normal_156_c1_normal_156_overview.png,,,
normal_156,3,105,0.9999964237213135,0.8798038669994899,55936,25088,images/normal_156/normal_156_c3_normal_156_component_03_contact_sheet.png,overviews/normal_156/normal_156_c1_normal_156_overview.png,,,
normal_156,4,93,0.9950723052024841,0.7636263152604462,76544,62976,images/normal_156/normal_156_c4_normal_156_component_04_contact_sheet.png,overviews/normal_156/normal_156_c1_normal_156_overview.png,,,
normal_156,5,83,0.9999738931655884,0.8964352392288576,54528,30336,images/normal_156/normal_156_c5_normal_156_component_05_contact_sheet.png,overviews/normal_156/normal_156_c1_normal_156_overview.png,,,
