patch_threshold,min_component_size,n_slides,sensitivity,specificity,precision,f1,accuracy,tp,fp,fn,tn
0.9,10,5,0.0,0.2,0.0,0.0,0.2,0,4,0,1
0.9,20,5,0.0,0.2,0.0,0.0,0.2,0,4,0,1
0.9,30,5,0.0,0.4,0.0,0.0,0.4,0,3,0,2
0.9,40,5,0.0,0.4,0.0,0.0,0.4,0,3,0,2
0.9,50,5,0.0,0.4,0.0,0.0,0.4,0,3,0,2
0.9,75,5,0.0,0.4,0.0,0.0,0.4,0,3,0,2
0.9,100,5,0.0,0.8,0.0,0.0,0.8,0,1,0,4
0.9,150,5,0.0,1.0,0.0,0.0,1.0,0,0,0,5
0.9,200,5,0.0,1.0,0.0,0.0,1.0,0,0,0,5
0.8,10,5,0.0,0.2,0.0,0.0,0.2,0,4,0,1
0.8,20,5,0.0,0.2,0.0,0.0,0.2,0,4,0,1
0.8,30,5,0.0,0.4,0.0,0.0,0.4,0,3,0,2
0.8,40,5,0.0,0.4,0.0,0.0,0.4,0,3,0,2
0.8,50,5,0.0,0.4,0.0,0.0,0.4,0,3,0,2
0.8,75,5,0.0,0.4,0.0,0.0,0.4,0,3,0,2
0.8,100,5,0.0,0.4,0.0,0.0,0.4,0,3,0,2
0.8,150,5,0.0,0.4,0.0,0.0,0.4,0,3,0,2
0.8,200,5,0.0,0.4,0.0,0.0,0.4,0,3,0,2
0.7,10,5,0.0,0.2,0.0,0.0,0.2,0,4,0,1
0.7,20,5,0.0,0.2,0.0,0.0,0.2,0,4,0,1
0.7,30,5,0.0,0.2,0.0,0.0,0.2,0,4,0,1
0.7,40,5,0.0,0.4,0.0,0.0,0.4,0,3,0,2
0.7,50,5,0.0,0.4,0.0,0.0,0.4,0,3,0,2
0.7,75,5,0.0,0.4,0.0,0.0,0.4,0,3,0,2
0.7,100,5,0.0,0.4,0.0,0.0,0.4,0,3,0,2
0.7,150,5,0.0,0.4,0.0,0.0,0.4,0,3,0,2
0.7,200,5,0.0,0.4,0.0,0.0,0.4,0,3,0,2
0.6,10,5,0.0,0.0,0.0,0.0,0.0,0,5,0,0
0.6,20,5,0.0,0.2,0.0,0.0,0.2,0,4,0,1
0.6,30,5,0.0,0.2,0.0,0.0,0.2,0,4,0,1
0.6,40,5,0.0,0.4,0.0,0.0,0.4,0,3,0,2
0.6,50,5,0.0,0.4,0.0,0.0,0.4,0,3,0,2
0.6,75,5,0.0,0.4,0.0,0.0,0.4,0,3,0,2
0.6,100,5,0.0,0.4,0.0,0.0,0.4,0,3,0,2
0.6,150,5,0.0,0.4,0.0,0.0,0.4,0,3,0,2
0.6,200,5,0.0,0.4,0.0,0.0,0.4,0,3,0,2
0.5,10,5,0.0,0.0,0.0,0.0,0.0,0,5,0,0
0.5,20,5,0.0,0.2,0.0,0.0,0.2,0,4,0,1
0.5,30,5,0.0,0.2,0.0,0.0,0.2,0,4,0,1
0.5,40,5,0.0,0.4,0.0,0.0,0.4,0,3,0,2
0.5,50,5,0.0,0.4,0.0,0.0,0.4,0,3,0,2
0.5,75,5,0.0,0.4,0.0,0.0,0.4,0,3,0,2
0.5,100,5,0.0,0.4,0.0,0.0,0.4,0,3,0,2
0.5,150,5,0.0,0.4,0.0,0.0,0.4,0,3,0,2
0.5,200,5,0.0,0.4,0.0,0.0,0.4,0,3,0,2
