slide_id,component_id,threshold,n_patches,max_prob,mean_prob,top_x,top_y,min_x,min_y,max_x,max_y,patch_dir,contact_sheet,overview
normal_033,1,0.5,55,0.9905698299407959,0.8289005387913096,44032,143360,43264,142976,45824,143744,data\review\iter6_clean_mask_unseen_train_fp_components\normal_033\component_01,data\review\iter6_clean_mask_unseen_train_fp_components\normal_033\component_01\normal_033_component_01_contact_sheet.png,data\review\iter6_clean_mask_unseen_train_fp_components\normal_033\normal_033_overview.png
normal_034,1,0.5,425,0.9998586177825928,0.8292060958637911,47488,88320,46464,86400,52096,89984,data\review\iter6_clean_mask_unseen_train_fp_components\normal_034\component_01,data\review\iter6_clean_mask_unseen_train_fp_components\normal_034\component_01\normal_034_component_01_contact_sheet.png,data\review\iter6_clean_mask_unseen_train_fp_components\normal_034\normal_034_overview.png
normal_034,2,0.5,319,0.9991983771324158,0.8340352343915024,68608,86528,66688,84608,69888,88704,data\review\iter6_clean_mask_unseen_train_fp_components\normal_034\component_02,data\review\iter6_clean_mask_unseen_train_fp_components\normal_034\component_02\normal_034_component_02_contact_sheet.png,data\review\iter6_clean_mask_unseen_train_fp_components\normal_034\normal_034_overview.png
normal_034,3,0.5,290,0.999687671661377,0.8249545428259619,52608,75008,50048,73472,55040,78720,data\review\iter6_clean_mask_unseen_train_fp_components\normal_034\component_03,data\review\iter6_clean_mask_unseen_train_fp_components\normal_034\component_03\normal_034_component_03_contact_sheet.png,data\review\iter6_clean_mask_unseen_train_fp_components\normal_034\normal_034_overview.png
normal_034,4,0.5,251,0.9987601041793823,0.8027922812686024,66432,84096,61952,82176,66816,85632,data\review\iter6_clean_mask_unseen_train_fp_components\normal_034\component_04,data\review\iter6_clean_mask_unseen_train_fp_components\normal_034\component_04\normal_034_component_04_contact_sheet.png,data\review\iter6_clean_mask_unseen_train_fp_components\normal_034\normal_034_overview.png
normal_034,5,0.5,156,0.9989473223686218,0.8125251069282874,51456,66048,48640,65536,51584,68480,data\review\iter6_clean_mask_unseen_train_fp_components\normal_034\component_05,data\review\iter6_clean_mask_unseen_train_fp_components\normal_034\component_05\normal_034_component_05_contact_sheet.png,data\review\iter6_clean_mask_unseen_train_fp_components\normal_034\normal_034_overview.png
normal_034,6,0.5,123,0.9986502528190613,0.818289564392431,76288,127360,73856,125952,76416,128000,data\review\iter6_clean_mask_unseen_train_fp_components\normal_034\component_06,data\review\iter6_clean_mask_unseen_train_fp_components\normal_034\component_06\normal_034_component_06_contact_sheet.png,data\review\iter6_clean_mask_unseen_train_fp_components\normal_034\normal_034_overview.png
normal_034,7,0.5,110,0.9987781643867493,0.8210633857683702,60928,75392,59520,73216,61696,75520,data\review\iter6_clean_mask_unseen_train_fp_components\normal_034\component_07,data\review\iter6_clean_mask_unseen_train_fp_components\normal_034\component_07\normal_034_component_07_contact_sheet.png,data\review\iter6_clean_mask_unseen_train_fp_components\normal_034\normal_034_overview.png
normal_034,8,0.5,87,0.9993360638618469,0.7723269853098639,56960,72960,56320,72448,59392,73472,data\review\iter6_clean_mask_unseen_train_fp_components\normal_034\component_08,data\review\iter6_clean_mask_unseen_train_fp_components\normal_034\component_08\normal_034_component_08_contact_sheet.png,data\review\iter6_clean_mask_unseen_train_fp_components\normal_034\normal_034_overview.png
normal_034,9,0.5,84,0.9996918439865112,0.8512950397673107,61184,84480,60032,83712,61440,85888,data\review\iter6_clean_mask_unseen_train_fp_components\normal_034\component_09,data\review\iter6_clean_mask_unseen_train_fp_components\normal_034\component_09\normal_034_component_09_contact_sheet.png,data\review\iter6_clean_mask_unseen_train_fp_components\normal_034\normal_034_overview.png
normal_034,10,0.5,78,0.9992539286613464,0.8157988037818518,49536,79744,48896,79616,50176,82048,data\review\iter6_clean_mask_unseen_train_fp_components\normal_034\component_10,data\review\iter6_clean_mask_unseen_train_fp_components\normal_034\component_10\normal_034_component_10_contact_sheet.png,data\review\iter6_clean_mask_unseen_train_fp_components\normal_034\normal_034_overview.png
normal_034,11,0.5,70,0.9930351972579956,0.7283869530473437,72192,98560,70912,98176,73216,99328,data\review\iter6_clean_mask_unseen_train_fp_components\normal_034\component_11,data\review\iter6_clean_mask_unseen_train_fp_components\normal_034\component_11\normal_034_component_11_contact_sheet.png,data\review\iter6_clean_mask_unseen_train_fp_components\normal_034\normal_034_overview.png
normal_034,12,0.5,68,0.9995495676994324,0.8320262397036833,70400,83456,69888,82304,71168,84736,data\review\iter6_clean_mask_unseen_train_fp_components\normal_034\component_12,data\review\iter6_clean_mask_unseen_train_fp_components\normal_034\component_12\normal_034_component_12_contact_sheet.png,data\review\iter6_clean_mask_unseen_train_fp_components\normal_034\normal_034_overview.png
normal_034,13,0.5,65,0.9991297125816345,0.7851709475884071,63104,84864,62592,84480,63744,86784,data\review\iter6_clean_mask_unseen_train_fp_components\normal_034\component_13,data\review\iter6_clean_mask_unseen_train_fp_components\normal_034\component_13\normal_034_component_13_contact_sheet.png,data\review\iter6_clean_mask_unseen_train_fp_components\normal_034\normal_034_overview.png
normal_034,14,0.5,63,0.9933516383171082,0.7937248159968664,60672,86400,60544,84864,62208,86912,data\review\iter6_clean_mask_unseen_train_fp_components\normal_034\component_14,data\review\iter6_clean_mask_unseen_train_fp_components\normal_034\component_14\normal_034_component_14_contact_sheet.png,data\review\iter6_clean_mask_unseen_train_fp_components\normal_034\normal_034_overview.png
normal_034,15,0.5,54,0.9994207620620728,0.8203705990756,62848,146176,62336,145792,63488,147584,data\review\iter6_clean_mask_unseen_train_fp_components\normal_034\component_15,data\review\iter6_clean_mask_unseen_train_fp_components\normal_034\component_15\normal_034_component_15_contact_sheet.png,data\review\iter6_clean_mask_unseen_train_fp_components\normal_034\normal_034_overview.png
normal_034,16,0.5,46,0.9598707556724548,0.6756430294202722,67072,88832,66688,88704,67584,90624,data\review\iter6_clean_mask_unseen_train_fp_components\normal_034\component_16,data\review\iter6_clean_mask_unseen_train_fp_components\normal_034\component_16\normal_034_component_16_contact_sheet.png,data\review\iter6_clean_mask_unseen_train_fp_components\normal_034\normal_034_overview.png
normal_034,17,0.5,45,0.9959937334060669,0.842787872420417,7552,74112,6784,72704,8320,75776,data\review\iter6_clean_mask_unseen_train_fp_components\normal_034\component_17,data\review\iter6_clean_mask_unseen_train_fp_components\normal_034\component_17\normal_034_component_17_contact_sheet.png,data\review\iter6_clean_mask_unseen_train_fp_components\normal_034\normal_034_overview.png
normal_034,18,0.5,45,0.9935232400894165,0.8362400915887621,60672,126720,60288,125696,61312,127360,data\review\iter6_clean_mask_unseen_train_fp_components\normal_034\component_18,data\review\iter6_clean_mask_unseen_train_fp_components\normal_034\component_18\normal_034_component_18_contact_sheet.png,data\review\iter6_clean_mask_unseen_train_fp_components\normal_034\normal_034_overview.png
normal_034,19,0.5,40,0.9996696710586548,0.883095608651638,21760,115072,20224,113920,22016,115328,data\review\iter6_clean_mask_unseen_train_fp_components\normal_034\component_19,data\review\iter6_clean_mask_unseen_train_fp_components\normal_034\component_19\normal_034_component_19_contact_sheet.png,data\review\iter6_clean_mask_unseen_train_fp_components\normal_034\normal_034_overview.png
normal_036,1,0.5,45,0.9966379404067993,0.7835140029589335,57728,119936,57088,118016,57984,120320,data\review\iter6_clean_mask_unseen_train_fp_components\normal_036\component_01,data\review\iter6_clean_mask_unseen_train_fp_components\normal_036\component_01\normal_036_component_01_contact_sheet.png,data\review\iter6_clean_mask_unseen_train_fp_components\normal_036\normal_036_overview.png
normal_037,1,0.5,161,0.9997257590293884,0.8042716868915913,24832,156800,22912,156160,25472,158976,data\review\iter6_clean_mask_unseen_train_fp_components\normal_037\component_01,data\review\iter6_clean_mask_unseen_train_fp_components\normal_037\component_01\normal_037_component_01_contact_sheet.png,data\review\iter6_clean_mask_unseen_train_fp_components\normal_037\normal_037_overview.png
normal_037,2,0.5,136,0.9975273013114929,0.8037434790064307,46080,182144,45312,179200,48128,182400,data\review\iter6_clean_mask_unseen_train_fp_components\normal_037\component_02,data\review\iter6_clean_mask_unseen_train_fp_components\normal_037\component_02\normal_037_component_02_contact_sheet.png,data\review\iter6_clean_mask_unseen_train_fp_components\normal_037\normal_037_overview.png
normal_037,3,0.5,95,0.9999642372131348,0.8261908167286923,21760,161920,20864,159744,22272,163072,data\review\iter6_clean_mask_unseen_train_fp_components\normal_037\component_03,data\review\iter6_clean_mask_unseen_train_fp_components\normal_037\component_03\normal_037_component_03_contact_sheet.png,data\review\iter6_clean_mask_unseen_train_fp_components\normal_037\normal_037_overview.png
normal_037,4,0.5,76,0.9995934367179871,0.8142493406408712,27392,172928,26752,171392,27776,174464,data\review\iter6_clean_mask_unseen_train_fp_components\normal_037\component_04,data\review\iter6_clean_mask_unseen_train_fp_components\normal_037\component_04\normal_037_component_04_contact_sheet.png,data\review\iter6_clean_mask_unseen_train_fp_components\normal_037\normal_037_overview.png
normal_037,5,0.5,62,0.998482882976532,0.8092102773727909,57088,178560,56832,177024,57600,179968,data\review\iter6_clean_mask_unseen_train_fp_components\normal_037\component_05,data\review\iter6_clean_mask_unseen_train_fp_components\normal_037\component_05\normal_037_component_05_contact_sheet.png,data\review\iter6_clean_mask_unseen_train_fp_components\normal_037\normal_037_overview.png
normal_037,6,0.5,62,0.9967595934867859,0.7859344982331798,29824,179072,29440,177152,30592,179328,data\review\iter6_clean_mask_unseen_train_fp_components\normal_037\component_06,data\review\iter6_clean_mask_unseen_train_fp_components\normal_037\component_06\normal_037_component_06_contact_sheet.png,data\review\iter6_clean_mask_unseen_train_fp_components\normal_037\normal_037_overview.png
normal_037,7,0.5,60,0.9706412553787231,0.7741691509882609,38656,185728,37760,184960,38912,186240,data\review\iter6_clean_mask_unseen_train_fp_components\normal_037\component_07,data\review\iter6_clean_mask_unseen_train_fp_components\normal_037\component_07\normal_037_component_07_contact_sheet.png,data\review\iter6_clean_mask_unseen_train_fp_components\normal_037\normal_037_overview.png
normal_037,8,0.5,58,0.9820978045463562,0.7492989527768102,37632,166016,36864,165120,38400,166528,data\review\iter6_clean_mask_unseen_train_fp_components\normal_037\component_08,data\review\iter6_clean_mask_unseen_train_fp_components\normal_037\component_08\normal_037_component_08_contact_sheet.png,data\review\iter6_clean_mask_unseen_train_fp_components\normal_037\normal_037_overview.png
normal_037,9,0.5,53,0.9894463419914246,0.7997391550046093,24320,173440,23936,172416,24704,174592,data\review\iter6_clean_mask_unseen_train_fp_components\normal_037\component_09,data\review\iter6_clean_mask_unseen_train_fp_components\normal_037\component_09\normal_037_component_09_contact_sheet.png,data\review\iter6_clean_mask_unseen_train_fp_components\normal_037\normal_037_overview.png
normal_037,10,0.5,52,0.9941225647926331,0.7779212227234473,32384,175232,31872,174464,33280,176256,data\review\iter6_clean_mask_unseen_train_fp_components\normal_037\component_10,data\review\iter6_clean_mask_unseen_train_fp_components\normal_037\component_10\normal_037_component_10_contact_sheet.png,data\review\iter6_clean_mask_unseen_train_fp_components\normal_037\normal_037_overview.png
normal_037,11,0.5,51,0.9877591729164124,0.7949342061491573,50688,168832,49408,167680,51200,169856,data\review\iter6_clean_mask_unseen_train_fp_components\normal_037\component_11,data\review\iter6_clean_mask_unseen_train_fp_components\normal_037\component_11\normal_037_component_11_contact_sheet.png,data\review\iter6_clean_mask_unseen_train_fp_components\normal_037\normal_037_overview.png
normal_037,12,0.5,50,0.9993415474891663,0.7847922313213348,52992,94976,52864,93568,54272,94976,data\review\iter6_clean_mask_unseen_train_fp_components\normal_037\component_12,data\review\iter6_clean_mask_unseen_train_fp_components\normal_037\component_12\normal_037_component_12_contact_sheet.png,data\review\iter6_clean_mask_unseen_train_fp_components\normal_037\normal_037_overview.png
normal_037,13,0.5,43,0.9998855590820312,0.83496612449025,32512,163456,32384,161408,33280,163712,data\review\iter6_clean_mask_unseen_train_fp_components\normal_037\component_13,data\review\iter6_clean_mask_unseen_train_fp_components\normal_037\component_13\normal_037_component_13_contact_sheet.png,data\review\iter6_clean_mask_unseen_train_fp_components\normal_037\normal_037_overview.png
normal_037,14,0.5,42,0.9981478452682495,0.790421609367643,33536,85504,33408,84864,34176,86272,data\review\iter6_clean_mask_unseen_train_fp_components\normal_037\component_14,data\review\iter6_clean_mask_unseen_train_fp_components\normal_037\component_14\normal_037_component_14_contact_sheet.png,data\review\iter6_clean_mask_unseen_train_fp_components\normal_037\normal_037_overview.png
normal_037,15,0.5,42,0.9823028445243835,0.7549802334535689,45696,194304,45568,193280,46336,195072,data\review\iter6_clean_mask_unseen_train_fp_components\normal_037\component_15,data\review\iter6_clean_mask_unseen_train_fp_components\normal_037\component_15\normal_037_component_15_contact_sheet.png,data\review\iter6_clean_mask_unseen_train_fp_components\normal_037\normal_037_overview.png
normal_037,16,0.5,40,0.997536301612854,0.7560993432998657,51456,165248,50944,164352,51712,165888,data\review\iter6_clean_mask_unseen_train_fp_components\normal_037\component_16,data\review\iter6_clean_mask_unseen_train_fp_components\normal_037\component_16\normal_037_component_16_contact_sheet.png,data\review\iter6_clean_mask_unseen_train_fp_components\normal_037\normal_037_overview.png
